citizen_id,age,gender,is_student,first_higher_education_course,school_background,marital_status,is_orphan,is_destitute,occupation_category,wet_land_acres,dry_land_acres
C000001,19,female,true,true,government_6_to_12,never_married,false,false,other,0.0,0.0
C000002,23,female,true,true,government_6_to_12,married,false,false,other,0.0,0.0
C000003,23,female,true,true,government_6_to_12,never_married,false,true,other,0.0,0.0
C000004,24,female,true,true,government_6_to_12,married,false,false,other,0.0,0.0
C000005,18,female,true,true,government_6_to_12,never_married,false,false,other,0.0,0.0
C000006,24,female,true,true,government_6_to_12,never_married,true,false,other,0.0,0.0
C000007,19,female,true,true,government_6_to_12,never_married,false,false,other,0.0,0.0
C000008,23,female,true,true,government_6_to_12,never_married,false,false,other,0.0,0.0
C000009,18,female,true,true,government_6_to_12,never_married,false,false,other,0.0,0.0
C000010,23,female,true,true,government_6_to_12,never_married,false,false,other,0.0,0.0
C000011,20,female,true,true,government_6_to_12,never_married,false,true,other,0.0,0.0
C000012,21,female,true,true,government_6_to_12,married,false,false,other,0.0,0.0
C000013,18,female,true,true,government_6_to_12,married,false,false,other,0.0,0.0
C000014,19,female,true,true,government_6_to_12,never_married,false,false,other,0.0,0.0
C000015,23,female,true,true,government_6_to_12,never_married,false,false,other,0.0,0.0
C000016,19,female,true,true,government_6_to_12,never_married,false,false,other,0.0,0.0
C000017,18,female,true,true,government_6_to_12,never_married,false,false,other,0.0,0.0
C000018,23,female,true,true,government_6_to_12,never_married,false,false,other,0.0,0.0
C000019,21,female,true,true,government_6_to_12,never_married,false,false,other,0.0,0.0
C000020,24,female,true,true,government_6_to_12,never_married,false,false,other,0.0,0.0
C000021,22,female,true,true,government_6_to_12,never_married,false,false,other,0.0,0.0
C000022,22,female,true,true,government_6_to_12,never_married,false,false,other,0.0,0.0
C000023,20,female,true,true,government_6_to_12,never_married,false,true,other,0.0,0.0
C000024,24,female,true,true,government_6_to_12,never_married,false,false,other,0.0,0.0
C000025,24,female,true,true,government_6_to_12,never_married,false,false,other,0.0,0.0
C000026,23,female,true,true,government_6_to_12,never_married,false,false,other,0.0,0.0
C000027,22,female,true,true,government_6_to_12,never_married,false,false,other,0.0,0.0
C000028,19,female,true,true,government_6_to_12,never_married,false,false,other,0.0,0.0
C000029,20,female,true,true,government_6_to_12,never_married,false,false,other,0.0,0.0
C000030,23,female,true,true,government_6_to_12,never_married,false,false,other,0.0,0.0
C000031,22,female,true,true,government_6_to_12,never_married,false,false,other,0.0,0.0
C000032,19,female,true,true,government_6_to_12,never_married,false,false,other,0.0,0.0
C000033,18,female,true,true,government_6_to_12,never_married,false,false,other,0.0,0.0
C000034,19,female,true,true,government_6_to_12,never_married,false,true,other,0.0,0.0
C000035,20,female,true,true,government_6_to_12,married,false,false,other,0.0,0.0
C000036,18,female,true,true,government_6_to_12,never_married,false,false,other,0.0,0.0
C000037,18,female,true,true,government_6_to_12,married,false,false,other,0.0,0.0
C000038,21,female,true,true,government_6_to_12,never_married,false,false,other,0.0,0.0
C000039,24,female,true,true,government_6_to_12,never_married,false,false,other,0.0,0.0
C000040,19,female,true,true,government_6_to_12,never_married,false,false,other,0.0,0.0
C000041,22,female,true,true,government_6_to_12,never_married,false,true,other,0.0,0.0
C000042,22,female,true,true,government_6_to_12,never_married,false,false,other,0.0,0.0
C000043,18,female,true,true,government_6_to_12,never_married,false,false,other,0.0,0.0
C000044,18,female,true,true,government_6_to_12,never_married,false,false,other,0.0,0.0
C000045,23,female,true,true,government_6_to_12,never_married,false,false,other,0.0,0.0
C000046,20,female,true,true,government_6_to_12,never_married,false,false,other,0.0,0.0
C000047,23,female,true,true,government_6_to_12,never_married,false,false,other,0.0,0.0
C000048,22,female,true,true,government_6_to_12,never_married,false,false,other,0.0,0.0
C000049,24,female,true,true,government_6_to_12,married,false,false,other,0.0,0.0
C000050,19,female,true,true,government_6_to_12,never_married,true,false,other,0.0,0.0
C000051,22,female,true,true,government_6_to_12,never_married,false,false,other,0.0,0.0
C000052,18,female,true,true,government_6_to_12,never_married,false,false,other,0.0,0.0
C000053,19,female,true,true,government_6_to_12,never_married,true,false,other,0.0,0.0
C000054,19,female,true,true,government_6_to_12,never_married,true,true,other,0.0,0.0
C000055,22,female,true,true,government_6_to_12,never_married,false,false,other,0.0,0.0
C000056,20,female,true,true,government_6_to_12,never_married,false,false,other,0.0,0.0
C000057,20,female,true,true,government_6_to_12,never_married,false,false,other,0.0,0.0
C000058,19,female,true,true,government_6_to_12,never_married,false,false,other,0.0,0.0
C000059,22,female,true,true,government_6_to_12,never_married,false,false,other,0.0,0.0
C000060,22,female,true,true,government_6_to_12,never_married,false,false,other,0.0,0.0
C000061,19,female,true,true,government_6_to_12,never_married,false,false,other,0.0,0.0
C000062,22,female,true,true,government_6_to_12,married,false,false,other,0.0,0.0
C000063,23,female,true,true,government_6_to_12,never_married,false,true,other,0.0,0.0
C000064,23,female,true,true,government_6_to_12,never_married,true,false,other,0.0,0.0
C000065,18,female,true,true,government_6_to_12,never_married,false,true,other,0.0,0.0
C000066,23,female,true,true,government_6_to_12,never_married,false,false,other,0.0,0.0
C000067,22,female,true,true,government_6_to_12,never_married,false,false,other,0.0,0.0
C000068,21,female,true,true,government_6_to_12,never_married,false,true,other,0.0,0.0
C000069,24,female,true,true,government_6_to_12,never_married,false,false,other,0.0,0.0
C000070,19,female,true,true,government_6_to_12,never_married,false,false,other,0.0,0.0
C000071,18,female,true,true,government_6_to_12,never_married,false,false,other,0.0,0.0
C000072,24,female,true,true,government_6_to_12,never_married,false,false,other,0.0,0.0
C000073,18,female,true,true,government_6_to_12,married,false,false,other,0.0,0.0
C000074,20,female,true,true,government_6_to_12,never_married,false,true,other,0.0,0.0
C000075,18,female,true,true,government_6_to_12,married,false,true,other,0.0,0.0
C000076,21,female,true,true,government_6_to_12,never_married,false,false,other,0.0,0.0
C000077,22,female,true,true,government_6_to_12,never_married,true,false,other,0.0,0.0
C000078,24,female,true,true,government_6_to_12,never_married,false,true,other,0.0,0.0
C000079,19,female,true,true,government_6_to_12,never_married,true,false,other,0.0,0.0
C000080,21,female,true,true,government_6_to_12,never_married,false,false,other,0.0,0.0
C000081,23,female,true,true,government_6_to_12,never_married,false,false,other,0.0,0.0
C000082,24,female,true,true,government_6_to_12,never_married,false,true,other,0.0,0.0
C000083,18,female,true,true,government_6_to_12,never_married,false,true,other,0.0,0.0
C000084,23,female,true,true,government_6_to_12,never_married,false,false,other,0.0,0.0
C000085,22,female,true,true,government_6_to_12,married,false,false,other,0.0,0.0
C000086,21,female,true,true,government_6_to_12,never_married,false,false,other,0.0,0.0
C000087,22,female,true,true,government_6_to_12,never_married,false,false,other,0.0,0.0
C000088,19,female,true,true,government_6_to_12,never_married,false,true,other,0.0,0.0
C000089,20,female,true,true,government_6_to_12,never_married,false,false,other,0.0,0.0
C000090,20,female,true,true,government_6_to_12,never_married,false,false,other,0.0,0.0
C000091,20,female,true,true,government_6_to_12,never_married,false,false,other,0.0,0.0
C000092,24,female,true,true,government_6_to_12,never_married,false,true,other,0.0,0.0
C000093,23,female,true,true,government_6_to_12,never_married,false,false,other,0.0,0.0
C000094,18,female,true,true,government_6_to_12,never_married,false,true,other,0.0,0.0
C000095,20,female,true,true,government_6_to_12,widow,false,false,other,0.0,0.0
C000096,20,female,true,true,government_6_to_12,married,true,false,other,0.0,0.0
C000097,23,female,true,true,government_6_to_12,never_married,false,false,other,0.0,0.0
C000098,21,female,true,true,government_6_to_12,never_married,true,false,other,0.0,0.0
C000099,23,female,true,true,government_6_to_12,never_married,false,true,other,0.0,0.0
C000100,20,female,true,true,government_6_to_12,married,false,false,other,0.0,0.0
C000101,22,female,true,true,government_6_to_12,never_married,false,false,other,0.0,0.0
C000102,19,female,true,true,government_6_to_12,never_married,false,false,other,0.0,0.0
C000103,24,female,true,true,government_6_to_12,never_married,false,false,other,0.0,0.0
C000104,23,female,true,true,government_6_to_12,never_married,false,false,other,0.0,0.0
C000105,24,female,true,true,government_6_to_12,never_married,false,true,other,0.0,0.0
C000106,22,female,true,true,government_6_to_12,never_married,false,true,other,0.0,0.0
C000107,21,female,true,true,government_6_to_12,never_married,false,false,other,0.0,0.0
C000108,23,female,true,true,government_6_to_12,never_married,false,false,other,0.0,0.0
C000109,18,female,true,true,government_6_to_12,never_married,false,false,other,0.0,0.0
C000110,18,female,true,true,government_6_to_12,never_married,false,false,other,0.0,0.0
C000111,18,female,true,true,government_6_to_12,married,false,true,other,0.0,0.0
C000112,24,female,true,true,government_6_to_12,never_married,false,false,other,0.0,0.0
C000113,19,female,true,true,government_6_to_12,never_married,false,false,other,0.0,0.0
C000114,20,female,true,true,government_6_to_12,never_married,false,true,other,0.0,0.0
C000115,19,female,true,true,government_6_to_12,never_married,false,false,other,0.0,0.0
C000116,24,female,true,true,government_6_to_12,never_married,false,true,other,0.0,0.0
C000117,20,female,true,true,government_6_to_12,never_married,false,false,other,0.0,0.0
C000118,24,female,true,true,government_6_to_12,never_married,false,false,other,0.0,0.0
C000119,24,female,true,true,government_6_to_12,never_married,false,false,other,0.0,0.0
C000120,22,female,true,true,government_6_to_12,never_married,false,false,other,0.0,0.0
C000121,21,female,true,true,government_6_to_12,never_married,false,true,other,0.0,0.0
C000122,19,female,true,true,government_6_to_12,never_married,false,false,other,0.0,0.0
C000123,23,female,true,true,government_6_to_12,never_married,false,false,other,0.0,0.0
C000124,23,female,true,true,government_6_to_12,never_married,false,true,other,0.0,0.0
C000125,21,female,true,true,government_6_to_12,never_married,false,false,other,0.0,0.0
C000126,18,female,true,true,government_6_to_12,married,false,false,other,0.0,0.0
C000127,20,female,true,true,government_6_to_12,never_married,false,false,other,0.0,0.0
C000128,22,female,true,true,government_6_to_12,married,false,false,other,0.0,0.0
C000129,18,female,true,true,government_6_to_12,never_married,false,false,other,0.0,0.0
C000130,18,female,true,true,government_6_to_12,never_married,true,false,other,0.0,0.0
C000131,24,female,true,true,government_6_to_12,never_married,false,false,other,0.0,0.0
C000132,19,female,true,true,government_6_to_12,never_married,false,false,other,0.0,0.0
C000133,22,female,true,true,government_6_to_12,never_married,true,false,other,0.0,0.0
C000134,22,female,true,true,government_6_to_12,never_married,false,false,other,0.0,0.0
C000135,23,female,true,true,government_6_to_12,never_married,false,false,other,0.0,0.0
C000136,23,female,true,true,government_6_to_12,never_married,false,false,other,0.0,0.0
C000137,22,female,true,true,government_6_to_12,never_married,false,true,other,0.0,0.0
C000138,20,female,true,true,government_6_to_12,never_married,false,false,other,0.0,0.0
C000139,24,female,true,true,government_6_to_12,widow_remarrying,false,false,other,0.0,0.0
C000140,22,female,true,true,government_6_to_12,never_married,false,false,other,0.0,0.0
C000141,22,female,true,true,government_6_to_12,never_married,false,false,other,0.0,0.0
C000142,24,female,true,true,government_6_to_12,never_married,false,false,other,0.0,0.0
C000143,19,female,true,true,government_6_to_12,never_married,false,true,other,0.0,0.0
C000144,21,female,true,true,government_6_to_12,never_married,false,false,other,0.0,0.0
C000145,22,female,true,true,government_6_to_12,never_married,false,true,other,0.0,0.0
C000146,21,female,true,true,government_6_to_12,never_married,false,false,other,0.0,0.0
C000147,19,female,true,true,government_6_to_12,never_married,false,true,other,0.0,0.0
C000148,24,female,true,true,government_6_to_12,never_married,false,false,other,0.0,0.0
C000149,22,female,true,true,government_6_to_12,never_married,false,false,other,0.0,0.0
C000150,20,female,true,true,government_6_to_12,never_married,false,false,other,0.0,0.0
C000151,22,female,true,true,government_6_to_12,never_married,false,false,other,0.0,0.0
C000152,21,female,true,true,government_6_to_12,never_married,true,false,other,0.0,0.0
C000153,21,female,true,true,government_6_to_12,never_married,false,false,other,0.0,0.0
C000154,24,female,true,true,government_6_to_12,never_married,false,true,other,0.0,0.0
C000155,20,female,true,true,government_6_to_12,never_married,false,true,other,0.0,0.0
C000156,21,female,true,true,government_6_to_12,never_married,false,false,other,0.0,0.0
C000157,20,female,true,true,government_6_to_12,never_married,false,false,other,0.0,0.0
C000158,23,female,true,true,government_6_to_12,never_married,false,false,other,0.0,0.0
C000159,24,female,true,true,government_6_to_12,never_married,false,false,other,0.0,0.0
C000160,18,female,true,true,government_6_to_12,never_married,false,false,other,0.0,0.0
C000161,19,female,true,true,government_6_to_12,never_married,false,false,other,0.0,0.0
C000162,23,female,true,true,government_6_to_12,never_married,false,true,other,0.0,0.0
C000163,18,female,true,true,government_6_to_12,never_married,true,false,other,0.0,0.0
C000164,18,female,true,true,government_6_to_12,never_married,false,false,other,0.0,0.0
C000165,23,female,true,true,government_6_to_12,never_married,false,true,other,0.0,0.0
C000166,24,female,true,true,government_6_to_12,married,false,false,other,0.0,0.0
C000167,23,female,true,true,government_6_to_12,never_married,false,false,other,0.0,0.0
C000168,21,female,true,true,government_6_to_12,never_married,false,false,other,0.0,0.0
C000169,18,female,true,true,government_6_to_12,never_married,false,false,other,0.0,0.0
C000170,19,female,true,true,government_6_to_12,never_married,false,false,other,0.0,0.0
C000171,23,female,true,true,government_6_to_12,never_married,false,false,other,0.0,0.0
C000172,22,female,true,true,government_6_to_12,never_married,false,true,other,0.0,0.0
C000173,19,female,true,true,government_6_to_12,never_married,false,false,other,0.0,0.0
C000174,21,female,true,true,government_6_to_12,never_married,false,false,other,0.0,0.0
C000175,19,female,true,true,government_6_to_12,never_married,true,false,other,0.0,0.0
C000176,24,female,true,true,government_6_to_12,never_married,true,false,other,0.0,0.0
C000177,18,female,true,true,government_6_to_12,married,true,false,other,0.0,0.0
C000178,20,female,true,true,government_6_to_12,never_married,false,false,other,0.0,0.0
C000179,20,female,true,true,government_6_to_12,never_married,true,false,other,0.0,0.0
C000180,22,female,true,true,government_6_to_12,never_married,false,false,other,0.0,0.0
C000181,21,female,true,true,government_6_to_12,never_married,false,false,other,0.0,0.0
C000182,19,female,true,true,government_6_to_12,never_married,false,false,other,0.0,0.0
C000183,24,female,true,true,government_6_to_12,never_married,false,false,other,0.0,0.0
C000184,18,female,true,true,government_6_to_12,never_married,true,false,other,0.0,0.0
C000185,23,female,true,true,government_6_to_12,never_married,false,true,other,0.0,0.0
C000186,22,female,true,true,government_6_to_12,never_married,false,false,other,0.0,0.0
C000187,19,female,true,true,government_6_to_12,never_married,true,false,other,0.0,0.0
C000188,21,female,true,true,government_6_to_12,never_married,false,true,other,0.0,0.0
C000189,19,female,true,true,government_6_to_12,never_married,false,false,other,0.0,0.0
C000190,22,female,true,true,government_6_to_12,married,true,true,other,0.0,0.0
C000191,22,female,true,true,government_6_to_12,never_married,false,false,other,0.0,0.0
C000192,24,female,true,true,government_6_to_12,never_married,false,false,other,0.0,0.0
C000193,20,female,true,true,government_6_to_12,never_married,false,false,other,0.0,0.0
C000194,21,female,true,true,government_6_to_12,never_married,false,false,other,0.0,0.0
C000195,20,female,true,true,government_6_to_12,never_married,false,false,other,0.0,0.0
C000196,22,female,true,true,government_6_to_12,never_married,false,false,other,0.0,0.0
C000197,23,female,true,true,government_6_to_12,married,false,false,other,0.0,0.0
C000198,23,female,true,true,government_6_to_12,never_married,false,true,other,0.0,0.0
C000199,23,female,true,true,government_6_to_12,never_married,false,false,other,0.0,0.0
C000200,19,female,true,true,government_6_to_12,never_married,false,false,other,0.0,0.0
C000201,21,female,true,true,government_6_to_12,never_married,false,false,other,0.0,0.0
C000202,22,female,true,true,government_6_to_12,never_married,false,false,other,0.0,0.0
C000203,23,female,true,true,government_6_to_12,never_married,false,false,other,0.0,0.0
C000204,21,female,true,true,government_6_to_12,never_married,false,false,other,0.0,0.0
C000205,23,female,true,true,government_6_to_12,never_married,false,false,other,0.0,0.0
C000206,22,female,true,true,government_6_to_12,never_married,false,false,other,0.0,0.0
C000207,18,female,true,true,government_6_to_12,married,false,false,other,0.0,0.0
C000208,18,female,true,true,government_6_to_12,never_married,false,false,other,0.0,0.0
C000209,23,female,true,true,government_6_to_12,never_married,false,false,other,0.0,0.0
C000210,24,female,true,true,government_6_to_12,widow_remarrying,false,true,other,0.0,0.0
C000211,18,female,true,true,government_6_to_12,never_married,false,false,other,0.0,0.0
C000212,21,female,true,true,government_6_to_12,never_married,false,false,other,0.0,0.0
C000213,21,female,true,true,government_6_to_12,never_married,true,true,other,0.0,0.0
C000214,22,female,true,true,government_6_to_12,never_married,false,false,other,0.0,0.0
C000215,19,female,true,true,government_6_to_12,married,false,false,other,0.0,0.0
C000216,19,female,true,true,government_6_to_12,never_married,false,false,other,0.0,0.0
C000217,20,female,true,true,government_6_to_12,widow_remarrying,false,false,other,0.0,0.0
C000218,18,female,true,true,government_6_to_12,never_married,false,false,other,0.0,0.0
C000219,19,female,true,true,government_6_to_12,never_married,false,true,other,0.0,0.0
C000220,24,female,true,true,government_6_to_12,never_married,false,false,other,0.0,0.0
C000221,23,female,true,true,government_6_to_12,never_married,false,false,other,0.0,0.0
C000222,20,female,true,true,government_6_to_12,never_married,false,false,other,0.0,0.0
C000223,18,female,true,true,government_6_to_12,never_married,false,false,other,0.0,0.0
C000224,20,female,true,true,government_6_to_12,never_married,true,false,other,0.0,0.0
C000225,24,female,true,true,government_6_to_12,never_married,false,false,other,0.0,0.0
C000226,23,female,true,true,government_6_to_12,never_married,false,false,other,0.0,0.0
C000227,19,female,true,true,government_6_to_12,never_married,true,false,other,0.0,0.0
C000228,22,female,true,true,government_6_to_12,never_married,false,false,other,0.0,0.0
C000229,24,female,true,true,government_6_to_12,never_married,true,false,other,0.0,0.0
C000230,18,female,true,true,government_6_to_12,never_married,false,false,other,0.0,0.0
C000231,18,female,true,true,government_6_to_12,never_married,false,false,other,0.0,0.0
C000232,22,female,true,true,government_6_to_12,married,false,false,other,0.0,0.0
C000233,23,female,true,true,government_6_to_12,never_married,false,false,other,0.0,0.0
C000234,20,female,true,true,government_6_to_12,never_married,false,false,other,0.0,0.0
C000235,20,female,true,true,government_6_to_12,never_married,false,false,other,0.0,0.0
C000236,22,female,true,true,government_6_to_12,never_married,false,false,other,0.0,0.0
C000237,22,female,true,true,government_6_to_12,never_married,true,false,other,0.0,0.0
C000238,23,female,true,true,government_6_to_12,married,false,false,other,0.0,0.0
C000239,19,female,true,true,government_6_to_12,never_married,false,false,other,0.0,0.0
C000240,24,female,true,true,government_6_to_12,never_married,false,false,other,0.0,0.0
C000241,21,female,true,true,government_6_to_12,married,false,false,other,0.0,0.0
C000242,23,female,true,true,government_6_to_12,never_married,true,false,other,0.0,0.0
C000243,24,female,true,true,government_6_to_12,never_married,false,false,other,0.0,0.0
C000244,19,female,true,true,government_6_to_12,never_married,true,false,other,0.0,0.0
C000245,18,female,true,true,government_6_to_12,never_married,false,false,other,0.0,0.0
C000246,24,female,true,true,government_6_to_12,never_married,false,false,other,0.0,0.0
C000247,21,female,true,true,government_6_to_12,never_married,false,false,other,0.0,0.0
C000248,19,female,true,true,government_6_to_12,never_married,false,false,other,0.0,0.0
C000249,24,female,true,true,government_6_to_12,never_married,false,false,other,0.0,0.0
C000250,19,female,true,true,government_6_to_12,married,false,true,other,0.0,0.0
C000251,22,female,true,true,government_6_to_12,never_married,false,true,other,0.0,0.0
C000252,18,female,true,true,government_6_to_12,never_married,false,false,other,0.0,0.0
C000253,24,female,true,true,government_6_to_12,never_married,false,true,other,0.0,0.0
C000254,19,female,true,true,government_6_to_12,married,false,false,other,0.0,0.0
C000255,19,female,true,true,government_6_to_12,married,false,false,other,0.0,0.0
C000256,23,female,true,true,government_6_to_12,never_married,false,false,other,0.0,0.0
C000257,23,female,true,true,government_6_to_12,married,false,false,other,0.0,0.0
C000258,21,female,true,true,government_6_to_12,married,false,false,other,0.0,0.0
C000259,19,female,true,true,government_6_to_12,never_married,false,true,other,0.0,0.0
C000260,20,female,true,true,government_6_to_12,never_married,false,false,other,0.0,0.0
C000261,18,female,true,true,government_6_to_12,never_married,false,false,other,0.0,0.0
C000262,23,female,true,true,government_6_to_12,married,false,false,other,0.0,0.0
C000263,24,female,true,true,government_6_to_12,never_married,false,false,other,0.0,0.0
C000264,19,female,true,true,government_6_to_12,never_married,false,false,other,0.0,0.0
C000265,20,female,true,true,government_6_to_12,never_married,false,false,other,0.0,0.0
C000266,18,female,true,true,government_6_to_12,never_married,false,false,other,0.0,0.0
C000267,18,female,true,true,government_6_to_12,never_married,false,false,other,0.0,0.0
C000268,19,female,true,true,government_6_to_12,never_married,false,true,other,0.0,0.0
C000269,23,female,true,true,government_6_to_12,never_married,false,true,other,0.0,0.0
C000270,22,female,true,true,government_6_to_12,never_married,false,false,other,0.0,0.0
C000271,21,female,true,true,government_6_to_12,never_married,false,false,other,0.0,0.0
C000272,20,female,true,true,government_6_to_12,never_married,false,false,other,0.0,0.0
C000273,21,female,true,true,government_6_to_12,never_married,false,true,other,0.0,0.0
C000274,23,female,true,true,government_6_to_12,never_married,false,false,other,0.0,0.0
C000275,23,female,true,true,government_6_to_12,never_married,false,false,other,0.0,0.0
C000276,23,female,true,true,government_6_to_12,never_married,false,false,other,0.0,0.0
C000277,24,female,true,true,government_6_to_12,never_married,false,false,other,0.0,0.0
C000278,20,female,true,true,government_6_to_12,never_married,false,false,other,0.0,0.0
C000279,19,female,true,true,government_6_to_12,never_married,false,false,other,0.0,0.0
C000280,24,female,true,true,government_6_to_12,never_married,false,false,other,0.0,0.0
C000281,23,female,true,true,government_6_to_12,never_married,false,false,other,0.0,0.0
C000282,23,female,true,true,government_6_to_12,married,true,true,other,0.0,0.0
C000283,18,female,true,true,government_6_to_12,married,false,false,other,0.0,0.0
C000284,20,female,true,true,government_6_to_12,never_married,false,false,other,0.0,0.0
C000285,24,female,true,true,government_6_to_12,never_married,false,false,other,0.0,0.0
C000286,21,female,true,true,government_6_to_12,never_married,false,false,other,0.0,0.0
C000287,22,female,true,true,government_6_to_12,never_married,false,false,other,0.0,0.0
C000288,23,female,true,true,government_6_to_12,never_married,false,false,other,0.0,0.0
C000289,18,female,true,true,government_6_to_12,married,false,false,other,0.0,0.0
C000290,19,female,true,true,government_6_to_12,never_married,false,false,other,0.0,0.0
C000291,24,female,true,true,government_6_to_12,never_married,false,false,other,0.0,0.0
C000292,18,female,true,true,government_6_to_12,never_married,false,true,other,0.0,0.0
C000293,21,female,true,true,government_6_to_12,never_married,false,false,other,0.0,0.0
C000294,22,female,true,true,government_6_to_12,never_married,false,false,other,0.0,0.0
C000295,21,female,true,true,government_6_to_12,never_married,false,true,other,0.0,0.0
C000296,19,female,true,true,government_6_to_12,never_married,false,false,other,0.0,0.0
C000297,20,female,true,true,government_6_to_12,never_married,true,true,other,0.0,0.0
C000298,19,female,true,true,government_6_to_12,never_married,false,false,other,0.0,0.0
C000299,20,female,true,true,government_6_to_12,never_married,false,false,other,0.0,0.0
C000300,21,female,true,true,government_6_to_12,never_married,false,false,other,0.0,0.0
C000301,20,female,true,true,government_6_to_12,never_married,false,false,other,0.0,0.0
C000302,22,female,true,true,government_6_to_12,widow,false,true,other,0.0,0.0
C000303,24,female,true,true,government_6_to_12,married,false,false,other,0.0,0.0
C000304,21,female,true,true,government_6_to_12,widow,false,false,other,0.0,0.0
C000305,21,female,true,true,government_6_to_12,never_married,false,true,other,0.0,0.0
C000306,18,female,true,true,government_6_to_12,never_married,true,false,other,0.0,0.0
C000307,22,female,true,true,government_6_to_12,never_married,false,false,other,0.0,0.0
C000308,20,female,true,true,government_6_to_12,never_married,false,false,other,0.0,0.0
C000309,18,female,true,true,government_6_to_12,never_married,false,false,other,0.0,0.0
C000310,20,female,true,true,government_6_to_12,never_married,false,false,other,0.0,0.0
C000311,20,female,true,true,government_6_to_12,widow_remarrying,false,false,other,0.0,0.0
C000312,20,female,true,true,government_6_to_12,never_married,false,true,other,0.0,0.0
C000313,24,female,true,true,government_6_to_12,never_married,false,false,other,0.0,0.0
C000314,22,female,true,true,government_6_to_12,never_married,false,false,other,0.0,0.0
C000315,19,female,true,true,government_6_to_12,never_married,false,false,other,0.0,0.0
C000316,18,female,true,true,government_6_to_12,never_married,false,false,other,0.0,0.0
C000317,23,female,true,true,government_6_to_12,never_married,false,true,other,0.0,0.0
C000318,20,female,true,true,government_6_to_12,never_married,false,false,other,0.0,0.0
C000319,22,female,true,true,government_6_to_12,never_married,false,false,other,0.0,0.0
C000320,23,female,true,true,government_6_to_12,never_married,false,false,other,0.0,0.0
C000321,19,female,true,true,government_6_to_12,never_married,false,false,other,0.0,0.0
C000322,20,female,true,true,government_6_to_12,never_married,false,false,other,0.0,0.0
C000323,23,female,true,true,government_6_to_12,never_married,false,false,other,0.0,0.0
C000324,21,female,true,true,government_6_to_12,widow,false,false,other,0.0,0.0
C000325,23,female,true,true,government_6_to_12,never_married,false,false,other,0.0,0.0
C000326,19,female,true,true,government_6_to_12,never_married,false,false,other,0.0,0.0
C000327,20,female,true,true,government_6_to_12,married,false,false,other,0.0,0.0
C000328,24,female,true,true,government_6_to_12,never_married,false,true,other,0.0,0.0
C000329,21,female,true,true,government_6_to_12,married,false,false,other,0.0,0.0
C000330,22,female,true,true,government_6_to_12,never_married,false,false,other,0.0,0.0
C000331,23,female,true,true,government_6_to_12,never_married,false,false,other,0.0,0.0
C000332,23,female,true,true,government_6_to_12,widow_remarrying,false,false,other,0.0,0.0
C000333,23,female,true,true,government_6_to_12,never_married,false,false,other,0.0,0.0
C000334,21,female,true,true,government_6_to_12,married,false,true,other,0.0,0.0
C000335,18,female,true,true,government_6_to_12,never_married,false,false,other,0.0,0.0
C000336,24,female,true,true,government_6_to_12,married,false,false,other,0.0,0.0
C000337,20,female,true,true,government_6_to_12,never_married,false,false,other,0.0,0.0
C000338,19,female,true,true,government_6_to_12,never_married,false,false,other,0.0,0.0
C000339,23,female,true,true,government_6_to_12,never_married,false,false,other,0.0,0.0
C000340,18,female,true,true,government_6_to_12,never_married,false,true,other,0.0,0.0
C000341,23,female,true,true,government_6_to_12,never_married,false,false,other,0.0,0.0
C000342,24,female,true,true,government_6_to_12,never_married,true,true,other,0.0,0.0
C000343,22,female,true,true,government_6_to_12,never_married,false,false,other,0.0,0.0
C000344,21,female,true,true,government_6_to_12,never_married,false,false,other,0.0,0.0
C000345,19,female,true,true,government_6_to_12,never_married,false,false,other,0.0,0.0
C000346,23,female,true,true,government_6_to_12,never_married,false,false,other,0.0,0.0
C000347,19,female,true,true,government_6_to_12,never_married,false,false,other,0.0,0.0
C000348,20,female,true,true,government_6_to_12,never_married,false,false,other,0.0,0.0
C000349,18,female,true,true,government_6_to_12,never_married,false,true,other,0.0,0.0
C000350,21,female,true,true,government_6_to_12,never_married,false,false,other,0.0,0.0
C000351,20,female,true,true,government_6_to_12,never_married,true,false,other,0.0,0.0
C000352,20,female,true,true,government_6_to_12,never_married,false,true,other,0.0,0.0
C000353,21,female,true,true,government_6_to_12,never_married,false,false,other,0.0,0.0
C000354,23,female,true,true,government_6_to_12,never_married,false,false,other,0.0,0.0
C000355,22,female,true,true,government_6_to_12,never_married,false,false,other,0.0,0.0
C000356,18,female,true,true,government_6_to_12,never_married,false,false,other,0.0,0.0
C000357,24,female,true,true,government_6_to_12,never_married,false,true,other,0.0,0.0
C000358,23,female,true,true,government_6_to_12,never_married,false,false,other,0.0,0.0
C000359,24,female,true,true,government_6_to_12,married,false,true,other,0.0,0.0
C000360,18,female,true,true,government_6_to_12,never_married,false,false,other,0.0,0.0
C000361,18,female,true,true,government_6_to_12,widow_remarrying,false,false,other,0.0,0.0
C000362,20,female,true,true,government_6_to_12,never_married,false,true,other,0.0,0.0
C000363,23,female,true,true,government_6_to_12,never_married,false,false,other,0.0,0.0
C000364,18,female,true,true,government_6_to_12,never_married,false,false,other,0.0,0.0
C000365,21,female,true,true,government_6_to_12,never_married,false,false,other,0.0,0.0
C000366,21,female,true,true,government_6_to_12,never_married,true,false,other,0.0,0.0
C000367,18,female,true,true,government_6_to_12,never_married,true,false,other,0.0,0.0
C000368,22,female,true,true,government_6_to_12,married,false,false,other,0.0,0.0
C000369,18,female,true,true,government_6_to_12,never_married,false,false,other,0.0,0.0
C000370,18,female,true,true,government_6_to_12,never_married,false,false,other,0.0,0.0
C000371,19,female,true,true,government_6_to_12,never_married,false,false,other,0.0,0.0
C000372,23,female,true,true,government_6_to_12,never_married,false,false,other,0.0,0.0
C000373,21,female,true,true,government_6_to_12,never_married,false,false,other,0.0,0.0
C000374,20,female,true,true,government_6_to_12,married,true,false,other,0.0,0.0
C000375,24,female,true,true,government_6_to_12,widow,false,false,other,0.0,0.0
C000376,19,female,true,true,government_6_to_12,never_married,false,false,other,0.0,0.0
C000377,22,female,true,true,government_6_to_12,never_married,false,false,other,0.0,0.0
C000378,21,female,true,true,government_6_to_12,never_married,false,true,other,0.0,0.0
C000379,21,female,true,true,government_6_to_12,never_married,false,false,other,0.0,0.0
C000380,22,female,true,true,government_6_to_12,never_married,false,true,other,0.0,0.0
C000381,19,female,true,true,government_6_to_12,never_married,false,false,other,0.0,0.0
C000382,21,female,true,true,government_6_to_12,never_married,false,false,other,0.0,0.0
C000383,20,female,true,true,government_6_to_12,never_married,false,false,other,0.0,0.0
C000384,23,female,true,true,government_6_to_12,never_married,false,false,other,0.0,0.0
C000385,21,female,true,true,government_6_to_12,never_married,false,false,other,0.0,0.0
C000386,19,female,true,true,government_6_to_12,never_married,false,false,other,0.0,0.0
C000387,20,female,true,true,government_6_to_12,never_married,false,true,other,0.0,0.0
C000388,20,female,true,true,government_6_to_12,never_married,false,false,other,0.0,0.0
C000389,24,female,true,true,government_6_to_12,married,false,false,other,0.0,0.0
C000390,19,female,true,true,government_6_to_12,married,false,false,other,0.0,0.0
C000391,19,female,true,true,government_6_to_12,never_married,false,false,other,0.0,0.0
C000392,23,female,true,true,government_6_to_12,married,true,true,other,0.0,0.0
C000393,19,female,true,true,government_6_to_12,never_married,false,false,other,0.0,0.0
C000394,23,female,true,true,government_6_to_12,never_married,false,false,other,0.0,0.0
C000395,18,female,true,true,government_6_to_12,never_married,false,false,other,0.0,0.0
C000396,20,female,true,true,government_6_to_12,never_married,false,false,other,0.0,0.0
C000397,19,female,true,true,government_6_to_12,never_married,false,false,other,0.0,0.0
C000398,18,female,true,true,government_6_to_12,never_married,false,false,other,0.0,0.0
C000399,22,female,true,true,government_6_to_12,never_married,false,false,other,0.0,0.0
C000400,22,female,true,true,government_6_to_12,never_married,false,true,other,0.0,0.0
C000401,21,male,true,true,government_or_aided_tamil_medium_6_to_12,never_married,false,true,other,0.0,0.0
C000402,24,male,true,true,government_or_aided_tamil_medium_6_to_12,never_married,false,false,other,0.0,0.0
C000403,18,male,true,true,government_or_aided_tamil_medium_6_to_12,never_married,false,false,other,0.0,0.0
C000404,19,male,true,true,government_6_to_12,married,false,false,other,0.0,0.0
C000405,18,male,true,true,government_or_aided_tamil_medium_6_to_12,never_married,false,false,other,0.0,0.0
C000406,22,male,true,true,government_or_aided_tamil_medium_6_to_12,never_married,false,true,other,0.0,0.0
C000407,18,male,true,true,government_or_aided_tamil_medium_6_to_12,never_married,false,false,other,0.0,0.0
C000408,20,male,true,true,government_or_aided_tamil_medium_6_to_12,never_married,false,false,other,0.0,0.0
C000409,21,male,true,true,government_6_to_12,never_married,false,false,other,0.0,0.0
C000410,19,male,true,true,government_or_aided_tamil_medium_6_to_12,never_married,false,false,other,0.0,0.0
C000411,18,male,true,true,government_or_aided_tamil_medium_6_to_12,never_married,false,false,other,0.0,0.0
C000412,20,male,true,true,government_6_to_12,never_married,false,false,other,0.0,0.0
C000413,20,male,true,true,government_or_aided_tamil_medium_6_to_12,never_married,false,false,other,0.0,0.0
C000414,23,male,true,true,government_6_to_12,never_married,false,false,other,0.0,0.0
C000415,24,male,true,true,government_or_aided_tamil_medium_6_to_12,never_married,true,true,other,0.0,0.0
C000416,23,male,true,true,government_6_to_12,never_married,false,false,other,0.0,0.0
C000417,20,male,true,true,government_or_aided_tamil_medium_6_to_12,never_married,false,false,other,0.0,0.0
C000418,24,male,true,true,government_or_aided_tamil_medium_6_to_12,never_married,false,false,other,0.0,0.0
C000419,24,male,true,true,government_6_to_12,never_married,false,false,other,0.0,0.0
C000420,22,male,true,true,government_6_to_12,never_married,false,false,other,0.0,0.0
C000421,19,male,true,true,government_or_aided_tamil_medium_6_to_12,married,false,false,other,0.0,0.0
C000422,18,male,true,true,government_or_aided_tamil_medium_6_to_12,never_married,false,false,other,0.0,0.0
C000423,24,male,true,true,government_or_aided_tamil_medium_6_to_12,never_married,false,false,other,0.0,0.0
C000424,24,male,true,true,government_or_aided_tamil_medium_6_to_12,never_married,false,false,other,0.0,0.0
C000425,21,male,true,true,government_or_aided_tamil_medium_6_to_12,married,false,false,other,0.0,0.0
C000426,19,male,true,true,government_6_to_12,never_married,false,true,other,0.0,0.0
C000427,24,male,true,true,government_6_to_12,never_married,false,false,other,0.0,0.0
C000428,22,male,true,true,government_6_to_12,never_married,false,false,other,0.0,0.0
C000429,19,male,true,true,government_or_aided_tamil_medium_6_to_12,never_married,false,false,other,0.0,0.0
C000430,19,male,true,true,government_or_aided_tamil_medium_6_to_12,never_married,false,false,other,0.0,0.0
C000431,18,male,true,true,government_or_aided_tamil_medium_6_to_12,never_married,false,false,other,0.0,0.0
C000432,24,male,true,true,government_or_aided_tamil_medium_6_to_12,never_married,false,true,other,0.0,0.0
C000433,22,male,true,true,government_6_to_12,never_married,false,false,other,0.0,0.0
C000434,19,male,true,true,government_6_to_12,married,false,false,other,0.0,0.0
C000435,20,male,true,true,government_6_to_12,never_married,false,false,other,0.0,0.0
C000436,18,male,true,true,government_or_aided_tamil_medium_6_to_12,never_married,false,false,other,0.0,0.0
C000437,18,male,true,true,government_or_aided_tamil_medium_6_to_12,never_married,false,false,other,0.0,0.0
C000438,22,male,true,true,government_6_to_12,never_married,false,false,other,0.0,0.0
C000439,19,male,true,true,government_6_to_12,never_married,false,true,other,0.0,0.0
C000440,22,male,true,true,government_6_to_12,never_married,true,false,other,0.0,0.0
C000441,22,male,true,true,government_or_aided_tamil_medium_6_to_12,never_married,false,false,other,0.0,0.0
C000442,24,male,true,true,government_6_to_12,never_married,false,true,other,0.0,0.0
C000443,21,male,true,true,government_6_to_12,never_married,false,true,other,0.0,0.0
C000444,19,male,true,true,government_6_to_12,never_married,false,false,other,0.0,0.0
C000445,22,male,true,true,government_6_to_12,never_married,false,false,other,0.0,0.0
C000446,24,male,true,true,government_or_aided_tamil_medium_6_to_12,married,false,false,other,0.0,0.0
C000447,18,male,true,true,government_6_to_12,never_married,false,false,other,0.0,0.0
C000448,20,male,true,true,government_6_to_12,never_married,true,true,other,0.0,0.0
C000449,18,male,true,true,government_or_aided_tamil_medium_6_to_12,never_married,false,false,other,0.0,0.0
C000450,23,male,true,true,government_6_to_12,married,false,false,other,0.0,0.0
C000451,22,male,true,true,government_or_aided_tamil_medium_6_to_12,never_married,false,false,other,0.0,0.0
C000452,22,male,true,true,government_or_aided_tamil_medium_6_to_12,never_married,false,false,other,0.0,0.0
C000453,19,male,true,true,government_or_aided_tamil_medium_6_to_12,never_married,false,false,other,0.0,0.0
C000454,20,male,true,true,government_or_aided_tamil_medium_6_to_12,never_married,false,true,other,0.0,0.0
C000455,19,male,true,true,government_or_aided_tamil_medium_6_to_12,never_married,false,false,other,0.0,0.0
C000456,23,male,true,true,government_6_to_12,never_married,false,true,other,0.0,0.0
C000457,21,male,true,true,government_6_to_12,never_married,false,false,other,0.0,0.0
C000458,18,male,true,true,government_or_aided_tamil_medium_6_to_12,never_married,false,false,other,0.0,0.0
C000459,20,male,true,true,government_or_aided_tamil_medium_6_to_12,never_married,false,false,other,0.0,0.0
C000460,21,male,true,true,government_or_aided_tamil_medium_6_to_12,never_married,false,false,other,0.0,0.0
C000461,24,male,true,true,government_6_to_12,never_married,false,false,other,0.0,0.0
C000462,23,male,true,true,government_or_aided_tamil_medium_6_to_12,never_married,false,true,other,0.0,0.0
C000463,21,male,true,true,government_6_to_12,married,false,false,other,0.0,0.0
C000464,24,male,true,true,government_6_to_12,never_married,false,false,other,0.0,0.0
C000465,23,male,true,true,government_or_aided_tamil_medium_6_to_12,never_married,false,false,other,0.0,0.0
C000466,20,male,true,true,government_6_to_12,never_married,false,true,other,0.0,0.0
C000467,19,male,true,true,government_or_aided_tamil_medium_6_to_12,never_married,false,false,other,0.0,0.0
C000468,22,male,true,true,government_6_to_12,never_married,false,false,other,0.0,0.0
C000469,20,male,true,true,government_6_to_12,never_married,false,false,other,0.0,0.0
C000470,23,male,true,true,government_6_to_12,never_married,true,false,other,0.0,0.0
C000471,20,male,true,true,government_or_aided_tamil_medium_6_to_12,never_married,false,false,other,0.0,0.0
C000472,24,male,true,true,government_or_aided_tamil_medium_6_to_12,never_married,false,false,other,0.0,0.0
C000473,18,male,true,true,government_6_to_12,never_married,false,false,other,0.0,0.0
C000474,19,male,true,true,government_or_aided_tamil_medium_6_to_12,never_married,false,false,other,0.0,0.0
C000475,20,male,true,true,government_or_aided_tamil_medium_6_to_12,never_married,false,false,other,0.0,0.0
C000476,19,male,true,true,government_or_aided_tamil_medium_6_to_12,never_married,false,false,other,0.0,0.0
C000477,22,male,true,true,government_or_aided_tamil_medium_6_to_12,never_married,false,false,other,0.0,0.0
C000478,19,male,true,true,government_or_aided_tamil_medium_6_to_12,never_married,false,false,other,0.0,0.0
C000479,23,male,true,true,government_6_to_12,never_married,false,false,other,0.0,0.0
C000480,20,male,true,true,government_or_aided_tamil_medium_6_to_12,never_married,false,false,other,0.0,0.0
C000481,21,male,true,true,government_6_to_12,never_married,false,false,other,0.0,0.0
C000482,21,male,true,true,government_or_aided_tamil_medium_6_to_12,never_married,false,false,other,0.0,0.0
C000483,22,male,true,true,government_or_aided_tamil_medium_6_to_12,never_married,false,false,other,0.0,0.0
C000484,24,male,true,true,government_or_aided_tamil_medium_6_to_12,never_married,false,true,other,0.0,0.0
C000485,21,male,true,true,government_or_aided_tamil_medium_6_to_12,never_married,false,false,other,0.0,0.0
C000486,23,male,true,true,government_6_to_12,never_married,false,false,other,0.0,0.0
C000487,22,male,true,true,government_6_to_12,never_married,false,true,other,0.0,0.0
C000488,22,male,true,true,government_6_to_12,never_married,false,false,other,0.0,0.0
C000489,22,male,true,true,government_or_aided_tamil_medium_6_to_12,never_married,false,false,other,0.0,0.0
C000490,24,male,true,true,government_6_to_12,never_married,false,false,other,0.0,0.0
C000491,24,male,true,true,government_6_to_12,never_married,false,false,other,0.0,0.0
C000492,21,male,true,true,government_6_to_12,never_married,false,false,other,0.0,0.0
C000493,21,male,true,true,government_6_to_12,never_married,false,false,other,0.0,0.0
C000494,21,male,true,true,government_6_to_12,married,false,false,other,0.0,0.0
C000495,20,male,true,true,government_or_aided_tamil_medium_6_to_12,never_married,false,false,other,0.0,0.0
C000496,21,male,true,true,government_6_to_12,never_married,false,false,other,0.0,0.0
C000497,23,male,true,true,government_or_aided_tamil_medium_6_to_12,never_married,false,false,other,0.0,0.0
C000498,20,male,true,true,government_or_aided_tamil_medium_6_to_12,never_married,false,true,other,0.0,0.0
C000499,23,male,true,true,government_6_to_12,never_married,false,false,other,0.0,0.0
C000500,18,male,true,true,government_6_to_12,never_married,false,false,other,0.0,0.0
C000501,24,male,true,true,government_or_aided_tamil_medium_6_to_12,never_married,false,false,other,0.0,0.0
C000502,22,male,true,true,government_or_aided_tamil_medium_6_to_12,never_married,false,false,other,0.0,0.0
C000503,23,male,true,true,government_or_aided_tamil_medium_6_to_12,married,false,false,other,0.0,0.0
C000504,22,male,true,true,government_or_aided_tamil_medium_6_to_12,never_married,false,true,other,0.0,0.0
C000505,22,male,true,true,government_or_aided_tamil_medium_6_to_12,never_married,false,true,other,0.0,0.0
C000506,22,male,true,true,government_or_aided_tamil_medium_6_to_12,never_married,false,false,other,0.0,0.0
C000507,20,male,true,true,government_or_aided_tamil_medium_6_to_12,never_married,false,false,other,0.0,0.0
C000508,19,male,true,true,government_6_to_12,never_married,false,true,other,0.0,0.0
C000509,24,male,true,true,government_6_to_12,never_married,false,false,other,0.0,0.0
C000510,23,male,true,true,government_6_to_12,married,false,false,other,0.0,0.0
C000511,22,male,true,true,government_or_aided_tamil_medium_6_to_12,never_married,false,false,other,0.0,0.0
C000512,20,male,true,true,government_or_aided_tamil_medium_6_to_12,never_married,false,false,other,0.0,0.0
C000513,22,male,true,true,government_6_to_12,never_married,false,false,other,0.0,0.0
C000514,22,male,true,true,government_6_to_12,never_married,false,false,other,0.0,0.0
C000515,20,male,true,true,government_6_to_12,never_married,false,false,other,0.0,0.0
C000516,22,male,true,true,government_6_to_12,never_married,true,false,other,0.0,0.0
C000517,20,male,true,true,government_6_to_12,never_married,false,true,other,0.0,0.0
C000518,21,male,true,true,government_or_aided_tamil_medium_6_to_12,never_married,false,false,other,0.0,0.0
C000519,22,male,true,true,government_or_aided_tamil_medium_6_to_12,married,false,false,other,0.0,0.0
C000520,22,male,true,true,government_or_aided_tamil_medium_6_to_12,never_married,false,false,other,0.0,0.0
C000521,21,male,true,true,government_or_aided_tamil_medium_6_to_12,never_married,false,false,other,0.0,0.0
C000522,23,male,true,true,government_6_to_12,married,false,false,other,0.0,0.0
C000523,20,male,true,true,government_or_aided_tamil_medium_6_to_12,never_married,false,false,other,0.0,0.0
C000524,18,male,true,true,government_6_to_12,widow,false,false,other,0.0,0.0
C000525,19,male,true,true,government_or_aided_tamil_medium_6_to_12,never_married,false,false,other,0.0,0.0
C000526,24,male,true,true,government_or_aided_tamil_medium_6_to_12,never_married,false,true,other,0.0,0.0
C000527,22,male,true,true,government_6_to_12,never_married,false,false,other,0.0,0.0
C000528,18,male,true,true,government_6_to_12,never_married,false,true,other,0.0,0.0
C000529,18,male,true,true,government_6_to_12,never_married,false,false,other,0.0,0.0
C000530,20,male,true,true,government_6_to_12,married,false,false,other,0.0,0.0
C000531,20,male,true,true,government_6_to_12,never_married,false,false,other,0.0,0.0
C000532,21,male,true,true,government_or_aided_tamil_medium_6_to_12,never_married,false,false,other,0.0,0.0
C000533,24,male,true,true,government_or_aided_tamil_medium_6_to_12,never_married,false,false,other,0.0,0.0
C000534,24,male,true,true,government_or_aided_tamil_medium_6_to_12,never_married,false,false,other,0.0,0.0
C000535,19,male,true,true,government_or_aided_tamil_medium_6_to_12,never_married,false,false,other,0.0,0.0
C000536,20,male,true,true,government_6_to_12,never_married,false,false,other,0.0,0.0
C000537,18,male,true,true,government_6_to_12,never_married,false,false,other,0.0,0.0
C000538,23,male,true,true,government_6_to_12,never_married,false,true,other,0.0,0.0
C000539,24,male,true,true,government_or_aided_tamil_medium_6_to_12,never_married,false,true,other,0.0,0.0
C000540,19,male,true,true,government_6_to_12,never_married,false,false,other,0.0,0.0
C000541,19,male,true,true,government_6_to_12,never_married,false,false,other,0.0,0.0
C000542,20,male,true,true,government_6_to_12,never_married,false,false,other,0.0,0.0
C000543,21,male,true,true,government_6_to_12,married,false,true,other,0.0,0.0
C000544,21,male,true,true,government_6_to_12,never_married,false,false,other,0.0,0.0
C000545,18,male,true,true,government_6_to_12,never_married,false,false,other,0.0,0.0
C000546,21,male,true,true,government_6_to_12,never_married,false,false,other,0.0,0.0
C000547,22,male,true,true,government_6_to_12,never_married,false,false,other,0.0,0.0
C000548,20,male,true,true,government_6_to_12,never_married,false,false,other,0.0,0.0
C000549,20,male,true,true,government_or_aided_tamil_medium_6_to_12,never_married,false,false,other,0.0,0.0
C000550,18,male,true,true,government_6_to_12,never_married,false,false,other,0.0,0.0
C000551,20,male,true,true,government_6_to_12,never_married,false,true,other,0.0,0.0
C000552,20,male,true,true,government_6_to_12,never_married,false,false,other,0.0,0.0
C000553,24,male,true,true,government_or_aided_tamil_medium_6_to_12,never_married,false,false,other,0.0,0.0
C000554,23,male,true,true,government_or_aided_tamil_medium_6_to_12,never_married,false,false,other,0.0,0.0
C000555,19,male,true,true,government_6_to_12,never_married,false,true,other,0.0,0.0
C000556,19,male,true,true,government_6_to_12,never_married,false,false,other,0.0,0.0
C000557,22,male,true,true,government_6_to_12,never_married,false,false,other,0.0,0.0
C000558,19,male,true,true,government_6_to_12,never_married,false,false,other,0.0,0.0
C000559,20,male,true,true,government_6_to_12,married,false,true,other,0.0,0.0
C000560,24,male,true,true,government_or_aided_tamil_medium_6_to_12,never_married,false,false,other,0.0,0.0
C000561,20,male,true,true,government_6_to_12,married,false,false,other,0.0,0.0
C000562,18,male,true,true,government_or_aided_tamil_medium_6_to_12,never_married,false,false,other,0.0,0.0
C000563,24,male,true,true,government_6_to_12,never_married,false,true,other,0.0,0.0
C000564,24,male,true,true,government_or_aided_tamil_medium_6_to_12,married,false,true,other,0.0,0.0
C000565,24,male,true,true,government_or_aided_tamil_medium_6_to_12,never_married,false,false,other,0.0,0.0
C000566,21,male,true,true,government_6_to_12,never_married,false,false,other,0.0,0.0
C000567,20,male,true,true,government_6_to_12,never_married,false,false,other,0.0,0.0
C000568,21,male,true,true,government_or_aided_tamil_medium_6_to_12,widow,false,false,other,0.0,0.0
C000569,21,male,true,true,government_6_to_12,never_married,false,false,other,0.0,0.0
C000570,21,male,true,true,government_or_aided_tamil_medium_6_to_12,never_married,false,true,other,0.0,0.0
C000571,19,male,true,true,government_or_aided_tamil_medium_6_to_12,never_married,false,true,other,0.0,0.0
C000572,22,male,true,true,government_6_to_12,never_married,false,false,other,0.0,0.0
C000573,20,male,true,true,government_6_to_12,married,false,false,other,0.0,0.0
C000574,18,male,true,true,government_6_to_12,never_married,false,false,other,0.0,0.0
C000575,20,male,true,true,government_or_aided_tamil_medium_6_to_12,never_married,false,false,other,0.0,0.0
C000576,18,male,true,true,government_6_to_12,never_married,false,false,other,0.0,0.0
C000577,23,male,true,true,government_6_to_12,never_married,true,true,other,0.0,0.0
C000578,18,male,true,true,government_or_aided_tamil_medium_6_to_12,never_married,false,false,other,0.0,0.0
C000579,18,male,true,true,government_or_aided_tamil_medium_6_to_12,never_married,false,false,other,0.0,0.0
C000580,22,male,true,true,government_6_to_12,never_married,false,false,other,0.0,0.0
C000581,23,male,true,true,government_or_aided_tamil_medium_6_to_12,never_married,false,false,other,0.0,0.0
C000582,23,male,true,true,government_or_aided_tamil_medium_6_to_12,never_married,false,false,other,0.0,0.0
C000583,20,male,true,true,government_or_aided_tamil_medium_6_to_12,never_married,false,false,other,0.0,0.0
C000584,20,male,true,true,government_6_to_12,never_married,false,false,other,0.0,0.0
C000585,21,male,true,true,government_or_aided_tamil_medium_6_to_12,never_married,true,true,other,0.0,0.0
C000586,22,male,true,true,government_6_to_12,never_married,false,false,other,0.0,0.0
C000587,18,male,true,true,government_or_aided_tamil_medium_6_to_12,never_married,false,false,other,0.0,0.0
C000588,24,male,true,true,government_6_to_12,never_married,true,true,other,0.0,0.0
C000589,21,male,true,true,government_6_to_12,never_married,false,false,other,0.0,0.0
C000590,20,male,true,true,government_6_to_12,never_married,false,true,other,0.0,0.0
C000591,23,male,true,true,government_or_aided_tamil_medium_6_to_12,married,false,false,other,0.0,0.0
C000592,19,male,true,true,government_or_aided_tamil_medium_6_to_12,never_married,false,true,other,0.0,0.0
C000593,22,male,true,true,government_or_aided_tamil_medium_6_to_12,never_married,false,false,other,0.0,0.0
C000594,23,male,true,true,government_6_to_12,never_married,true,false,other,0.0,0.0
C000595,23,male,true,true,government_6_to_12,never_married,false,false,other,0.0,0.0
C000596,22,male,true,true,government_or_aided_tamil_medium_6_to_12,never_married,false,false,other,0.0,0.0
C000597,19,male,true,true,government_6_to_12,never_married,false,false,other,0.0,0.0
C000598,24,male,true,true,government_or_aided_tamil_medium_6_to_12,never_married,false,false,other,0.0,0.0
C000599,23,male,true,true,government_6_to_12,never_married,false,true,other,0.0,0.0
C000600,18,male,true,true,government_6_to_12,never_married,false,false,other,0.0,0.0
C000601,23,male,true,true,government_6_to_12,never_married,false,false,other,0.0,0.0
C000602,24,male,true,true,government_or_aided_tamil_medium_6_to_12,never_married,false,false,other,0.0,0.0
C000603,22,male,true,true,government_or_aided_tamil_medium_6_to_12,never_married,false,false,other,0.0,0.0
C000604,23,male,true,true,government_6_to_12,married,false,false,other,0.0,0.0
C000605,23,male,true,true,government_or_aided_tamil_medium_6_to_12,never_married,false,false,other,0.0,0.0
C000606,23,male,true,true,government_6_to_12,never_married,false,false,other,0.0,0.0
C000607,21,male,true,true,government_6_to_12,never_married,true,false,other,0.0,0.0
C000608,19,male,true,true,government_or_aided_tamil_medium_6_to_12,married,false,false,other,0.0,0.0
C000609,23,male,true,true,government_or_aided_tamil_medium_6_to_12,never_married,false,false,other,0.0,0.0
C000610,22,male,true,true,government_6_to_12,never_married,false,false,other,0.0,0.0
C000611,21,male,true,true,government_6_to_12,never_married,false,false,other,0.0,0.0
C000612,24,male,true,true,government_6_to_12,never_married,false,false,other,0.0,0.0
C000613,20,male,true,true,government_6_to_12,never_married,false,false,other,0.0,0.0
C000614,22,male,true,true,government_6_to_12,never_married,false,false,other,0.0,0.0
C000615,24,male,true,true,government_6_to_12,never_married,false,false,other,0.0,0.0
C000616,19,male,true,true,government_6_to_12,never_married,false,false,other,0.0,0.0
C000617,20,male,true,true,government_or_aided_tamil_medium_6_to_12,never_married,false,false,other,0.0,0.0
C000618,22,male,true,true,government_or_aided_tamil_medium_6_to_12,never_married,false,false,other,0.0,0.0
C000619,18,male,true,true,government_or_aided_tamil_medium_6_to_12,never_married,false,false,other,0.0,0.0
C000620,20,male,true,true,government_or_aided_tamil_medium_6_to_12,never_married,false,true,other,0.0,0.0
C000621,19,male,true,true,government_6_to_12,never_married,false,false,other,0.0,0.0
C000622,19,male,true,true,government_6_to_12,never_married,false,false,other,0.0,0.0
C000623,24,male,true,true,government_or_aided_tamil_medium_6_to_12,never_married,false,false,other,0.0,0.0
C000624,23,male,true,true,government_6_to_12,never_married,true,false,other,0.0,0.0
C000625,23,male,true,true,government_or_aided_tamil_medium_6_to_12,never_married,false,false,other,0.0,0.0
C000626,19,male,true,true,government_or_aided_tamil_medium_6_to_12,never_married,false,false,other,0.0,0.0
C000627,20,male,true,true,government_6_to_12,widow,false,false,other,0.0,0.0
C000628,23,male,true,true,government_or_aided_tamil_medium_6_to_12,never_married,false,true,other,0.0,0.0
C000629,20,male,true,true,government_or_aided_tamil_medium_6_to_12,never_married,false,false,other,0.0,0.0
C000630,23,male,true,true,government_or_aided_tamil_medium_6_to_12,never_married,false,false,other,0.0,0.0
C000631,23,male,true,true,government_or_aided_tamil_medium_6_to_12,never_married,false,false,other,0.0,0.0
C000632,20,male,true,true,government_6_to_12,never_married,false,false,other,0.0,0.0
C000633,21,male,true,true,government_or_aided_tamil_medium_6_to_12,never_married,false,true,other,0.0,0.0
C000634,22,male,true,true,government_or_aided_tamil_medium_6_to_12,never_married,false,true,other,0.0,0.0
C000635,20,male,true,true,government_or_aided_tamil_medium_6_to_12,never_married,false,false,other,0.0,0.0
C000636,22,male,true,true,government_or_aided_tamil_medium_6_to_12,never_married,false,false,other,0.0,0.0
C000637,18,male,true,true,government_6_to_12,never_married,false,false,other,0.0,0.0
C000638,18,male,true,true,government_or_aided_tamil_medium_6_to_12,never_married,false,false,other,0.0,0.0
C000639,23,male,true,true,government_6_to_12,never_married,false,false,other,0.0,0.0
C000640,23,male,true,true,government_or_aided_tamil_medium_6_to_12,never_married,false,false,other,0.0,0.0
C000641,20,male,true,true,government_6_to_12,never_married,false,false,other,0.0,0.0
C000642,22,male,true,true,government_or_aided_tamil_medium_6_to_12,never_married,false,false,other,0.0,0.0
C000643,20,male,true,true,government_or_aided_tamil_medium_6_to_12,never_married,false,false,other,0.0,0.0
C000644,24,male,true,true,government_6_to_12,married,false,false,other,0.0,0.0
C000645,23,male,true,true,government_6_to_12,never_married,false,true,other,0.0,0.0
C000646,20,male,true,true,government_or_aided_tamil_medium_6_to_12,never_married,false,false,other,0.0,0.0
C000647,23,male,true,true,government_or_aided_tamil_medium_6_to_12,never_married,false,false,other,0.0,0.0
C000648,21,male,true,true,government_or_aided_tamil_medium_6_to_12,never_married,false,false,other,0.0,0.0
C000649,21,male,true,true,government_or_aided_tamil_medium_6_to_12,never_married,false,false,other,0.0,0.0
C000650,19,male,true,true,government_or_aided_tamil_medium_6_to_12,never_married,false,false,other,0.0,0.0
C000651,20,male,true,true,government_or_aided_tamil_medium_6_to_12,never_married,false,false,other,0.0,0.0
C000652,21,male,true,true,government_6_to_12,never_married,false,true,other,0.0,0.0
C000653,24,male,true,true,government_6_to_12,never_married,false,false,other,0.0,0.0
C000654,18,male,true,true,government_6_to_12,never_married,false,false,other,0.0,0.0
C000655,22,male,true,true,government_6_to_12,never_married,false,false,other,0.0,0.0
C000656,19,male,true,true,government_or_aided_tamil_medium_6_to_12,never_married,false,false,other,0.0,0.0
C000657,24,male,true,true,government_or_aided_tamil_medium_6_to_12,never_married,false,false,other,0.0,0.0
C000658,20,male,true,true,government_6_to_12,never_married,true,false,other,0.0,0.0
C000659,24,male,true,true,government_6_to_12,never_married,false,false,other,0.0,0.0
C000660,19,male,true,true,government_6_to_12,never_married,false,false,other,0.0,0.0
C000661,18,male,true,true,government_or_aided_tamil_medium_6_to_12,never_married,false,false,other,0.0,0.0
C000662,24,male,true,true,government_6_to_12,never_married,false,false,other,0.0,0.0
C000663,19,male,true,true,government_6_to_12,never_married,false,false,other,0.0,0.0
C000664,20,male,true,true,government_or_aided_tamil_medium_6_to_12,never_married,false,false,other,0.0,0.0
C000665,24,male,true,true,government_or_aided_tamil_medium_6_to_12,never_married,false,false,other,0.0,0.0
C000666,21,male,true,true,government_or_aided_tamil_medium_6_to_12,married,true,true,other,0.0,0.0
C000667,22,male,true,true,government_6_to_12,never_married,false,false,other,0.0,0.0
C000668,23,male,true,true,government_or_aided_tamil_medium_6_to_12,never_married,false,false,other,0.0,0.0
C000669,23,male,true,true,government_or_aided_tamil_medium_6_to_12,never_married,false,false,other,0.0,0.0
C000670,23,male,true,true,government_6_to_12,never_married,false,false,other,0.0,0.0
C000671,21,male,true,true,government_or_aided_tamil_medium_6_to_12,never_married,false,false,other,0.0,0.0
C000672,18,male,true,true,government_6_to_12,never_married,false,false,other,0.0,0.0
C000673,21,male,true,true,government_or_aided_tamil_medium_6_to_12,never_married,false,false,other,0.0,0.0
C000674,22,male,true,true,government_6_to_12,never_married,false,false,other,0.0,0.0
C000675,18,male,true,true,government_6_to_12,never_married,false,false,other,0.0,0.0
C000676,20,male,true,true,government_6_to_12,never_married,false,false,other,0.0,0.0
C000677,24,male,true,true,government_6_to_12,never_married,false,false,other,0.0,0.0
C000678,20,male,true,true,government_6_to_12,never_married,false,false,other,0.0,0.0
C000679,21,male,true,true,government_6_to_12,never_married,false,false,other,0.0,0.0
C000680,20,male,true,true,government_6_to_12,never_married,false,false,other,0.0,0.0
C000681,23,male,true,true,government_6_to_12,never_married,false,false,other,0.0,0.0
C000682,24,male,true,true,government_or_aided_tamil_medium_6_to_12,never_married,false,false,other,0.0,0.0
C000683,23,male,true,true,government_or_aided_tamil_medium_6_to_12,never_married,false,false,other,0.0,0.0
C000684,21,male,true,true,government_6_to_12,never_married,false,false,other,0.0,0.0
C000685,24,male,true,true,government_or_aided_tamil_medium_6_to_12,never_married,false,true,other,0.0,0.0
C000686,20,male,true,true,government_or_aided_tamil_medium_6_to_12,married,false,false,other,0.0,0.0
C000687,20,male,true,true,government_or_aided_tamil_medium_6_to_12,married,false,true,other,0.0,0.0
C000688,22,male,true,true,government_or_aided_tamil_medium_6_to_12,never_married,false,true,other,0.0,0.0
C000689,24,male,true,true,government_or_aided_tamil_medium_6_to_12,never_married,false,false,other,0.0,0.0
C000690,18,male,true,true,government_6_to_12,widow,false,true,other,0.0,0.0
C000691,20,male,true,true,government_or_aided_tamil_medium_6_to_12,never_married,false,false,other,0.0,0.0
C000692,22,male,true,true,government_or_aided_tamil_medium_6_to_12,never_married,false,false,other,0.0,0.0
C000693,22,male,true,true,government_or_aided_tamil_medium_6_to_12,never_married,false,false,other,0.0,0.0
C000694,19,male,true,true,government_6_to_12,never_married,false,false,other,0.0,0.0
C000695,18,male,true,true,government_or_aided_tamil_medium_6_to_12,never_married,false,false,other,0.0,0.0
C000696,18,male,true,true,government_6_to_12,never_married,false,false,other,0.0,0.0
C000697,22,male,true,true,government_or_aided_tamil_medium_6_to_12,widow_remarrying,false,false,other,0.0,0.0
C000698,23,male,true,true,government_6_to_12,married,false,false,other,0.0,0.0
C000699,24,male,true,true,government_6_to_12,married,false,false,other,0.0,0.0
C000700,22,male,true,true,government_or_aided_tamil_medium_6_to_12,never_married,false,false,other,0.0,0.0
C000701,24,male,true,true,government_or_aided_tamil_medium_6_to_12,never_married,false,false,other,0.0,0.0
C000702,24,male,true,true,government_or_aided_tamil_medium_6_to_12,never_married,false,false,other,0.0,0.0
C000703,18,male,true,true,government_or_aided_tamil_medium_6_to_12,never_married,false,false,other,0.0,0.0
C000704,21,male,true,true,government_6_to_12,never_married,true,false,other,0.0,0.0
C000705,19,male,true,true,government_or_aided_tamil_medium_6_to_12,never_married,true,false,other,0.0,0.0
C000706,21,male,true,true,government_6_to_12,never_married,false,false,other,0.0,0.0
C000707,19,male,true,true,government_or_aided_tamil_medium_6_to_12,never_married,false,false,other,0.0,0.0
C000708,19,male,true,true,government_or_aided_tamil_medium_6_to_12,never_married,false,false,other,0.0,0.0
C000709,18,male,true,true,government_6_to_12,never_married,false,false,other,0.0,0.0
C000710,23,male,true,true,government_6_to_12,never_married,false,false,other,0.0,0.0
C000711,22,male,true,true,government_6_to_12,never_married,false,false,other,0.0,0.0
C000712,21,male,true,true,government_6_to_12,never_married,false,true,other,0.0,0.0
C000713,20,male,true,true,government_or_aided_tamil_medium_6_to_12,never_married,false,false,other,0.0,0.0
C000714,18,male,true,true,government_or_aided_tamil_medium_6_to_12,never_married,false,false,other,0.0,0.0
C000715,19,male,true,true,government_6_to_12,never_married,false,false,other,0.0,0.0
C000716,18,male,true,true,government_or_aided_tamil_medium_6_to_12,never_married,false,false,other,0.0,0.0
C000717,18,male,true,true,government_6_to_12,never_married,false,true,other,0.0,0.0
C000718,21,male,true,true,government_6_to_12,never_married,false,false,other,0.0,0.0
C000719,22,male,true,true,government_6_to_12,married,false,true,other,0.0,0.0
C000720,24,male,true,true,government_or_aided_tamil_medium_6_to_12,never_married,false,false,other,0.0,0.0
C000721,24,male,true,true,government_6_to_12,married,false,false,other,0.0,0.0
C000722,21,male,true,true,government_or_aided_tamil_medium_6_to_12,never_married,false,true,other,0.0,0.0
C000723,20,male,true,true,government_or_aided_tamil_medium_6_to_12,never_married,false,true,other,0.0,0.0
C000724,19,male,true,true,government_6_to_12,never_married,false,false,other,0.0,0.0
C000725,23,male,true,true,government_or_aided_tamil_medium_6_to_12,never_married,true,false,other,0.0,0.0
C000726,22,male,true,true,government_or_aided_tamil_medium_6_to_12,never_married,false,false,other,0.0,0.0
C000727,23,male,true,true,government_6_to_12,never_married,false,true,other,0.0,0.0
C000728,21,male,true,true,government_or_aided_tamil_medium_6_to_12,married,false,false,other,0.0,0.0
C000729,19,male,true,true,government_or_aided_tamil_medium_6_to_12,never_married,false,false,other,0.0,0.0
C000730,22,male,true,true,government_or_aided_tamil_medium_6_to_12,never_married,true,false,other,0.0,0.0
C000731,19,male,true,true,government_or_aided_tamil_medium_6_to_12,never_married,false,false,other,0.0,0.0
C000732,23,male,true,true,government_or_aided_tamil_medium_6_to_12,widow,false,false,other,0.0,0.0
C000733,21,male,true,true,government_6_to_12,never_married,false,false,other,0.0,0.0
C000734,20,male,true,true,government_6_to_12,never_married,false,true,other,0.0,0.0
C000735,20,male,true,true,government_6_to_12,never_married,false,false,other,0.0,0.0
C000736,22,male,true,true,government_or_aided_tamil_medium_6_to_12,never_married,false,true,other,0.0,0.0
C000737,23,male,true,true,government_6_to_12,never_married,false,false,other,0.0,0.0
C000738,20,male,true,true,government_6_to_12,never_married,false,false,other,0.0,0.0
C000739,22,male,true,true,government_6_to_12,never_married,false,false,other,0.0,0.0
C000740,20,male,true,true,government_6_to_12,married,false,true,other,0.0,0.0
C000741,23,male,true,true,government_6_to_12,never_married,false,false,other,0.0,0.0
C000742,18,male,true,true,government_or_aided_tamil_medium_6_to_12,married,false,false,other,0.0,0.0
C000743,23,male,true,true,government_or_aided_tamil_medium_6_to_12,never_married,false,false,other,0.0,0.0
C000744,22,male,true,true,government_6_to_12,never_married,false,false,other,0.0,0.0
C000745,22,male,true,true,government_or_aided_tamil_medium_6_to_12,never_married,false,true,other,0.0,0.0
C000746,19,male,true,true,government_or_aided_tamil_medium_6_to_12,never_married,false,false,other,0.0,0.0
C000747,19,male,true,true,government_6_to_12,never_married,false,false,other,0.0,0.0
C000748,19,male,true,true,government_6_to_12,married,false,true,other,0.0,0.0
C000749,19,male,true,true,government_or_aided_tamil_medium_6_to_12,married,false,false,other,0.0,0.0
C000750,18,male,true,true,government_6_to_12,never_married,false,false,other,0.0,0.0
C000751,19,male,true,true,government_or_aided_tamil_medium_6_to_12,married,false,false,other,0.0,0.0
C000752,23,male,true,true,government_6_to_12,never_married,false,false,other,0.0,0.0
C000753,22,male,true,true,government_or_aided_tamil_medium_6_to_12,never_married,true,false,other,0.0,0.0
C000754,19,male,true,true,government_6_to_12,never_married,false,true,other,0.0,0.0
C000755,24,male,true,true,government_6_to_12,never_married,false,true,other,0.0,0.0
C000756,23,male,true,true,government_6_to_12,never_married,false,false,other,0.0,0.0
C000757,20,male,true,true,government_or_aided_tamil_medium_6_to_12,never_married,false,false,other,0.0,0.0
C000758,22,male,true,true,government_or_aided_tamil_medium_6_to_12,never_married,false,true,other,0.0,0.0
C000759,22,male,true,true,government_or_aided_tamil_medium_6_to_12,never_married,false,true,other,0.0,0.0
C000760,22,male,true,true,government_or_aided_tamil_medium_6_to_12,married,false,true,other,0.0,0.0
C000761,24,male,true,true,government_or_aided_tamil_medium_6_to_12,never_married,false,false,other,0.0,0.0
C000762,22,male,true,true,government_or_aided_tamil_medium_6_to_12,never_married,false,false,other,0.0,0.0
C000763,21,male,true,true,government_or_aided_tamil_medium_6_to_12,never_married,false,false,other,0.0,0.0
C000764,19,male,true,true,government_or_aided_tamil_medium_6_to_12,never_married,false,false,other,0.0,0.0
C000765,18,male,true,true,government_or_aided_tamil_medium_6_to_12,never_married,false,false,other,0.0,0.0
C000766,24,male,true,true,government_or_aided_tamil_medium_6_to_12,never_married,false,true,other,0.0,0.0
C000767,21,male,true,true,government_6_to_12,never_married,false,false,other,0.0,0.0
C000768,18,male,true,true,government_or_aided_tamil_medium_6_to_12,never_married,false,true,other,0.0,0.0
C000769,20,male,true,true,government_or_aided_tamil_medium_6_to_12,never_married,false,false,other,0.0,0.0
C000770,23,male,true,true,government_or_aided_tamil_medium_6_to_12,never_married,false,false,other,0.0,0.0
C000771,19,male,true,true,government_6_to_12,never_married,false,false,other,0.0,0.0
C000772,18,male,true,true,government_6_to_12,never_married,false,false,other,0.0,0.0
C000773,21,male,true,true,government_or_aided_tamil_medium_6_to_12,never_married,false,true,other,0.0,0.0
C000774,20,male,true,true,government_or_aided_tamil_medium_6_to_12,married,false,false,other,0.0,0.0
C000775,23,male,true,true,government_or_aided_tamil_medium_6_to_12,never_married,false,true,other,0.0,0.0
C000776,21,male,true,true,government_or_aided_tamil_medium_6_to_12,never_married,false,false,other,0.0,0.0
C000777,18,male,true,true,government_or_aided_tamil_medium_6_to_12,never_married,false,true,other,0.0,0.0
C000778,23,male,true,true,government_or_aided_tamil_medium_6_to_12,never_married,false,false,other,0.0,0.0
C000779,20,male,true,true,government_6_to_12,married,false,false,other,0.0,0.0
C000780,18,male,true,true,government_or_aided_tamil_medium_6_to_12,never_married,false,false,other,0.0,0.0
C000781,23,male,true,true,government_6_to_12,never_married,false,false,other,0.0,0.0
C000782,21,male,true,true,government_or_aided_tamil_medium_6_to_12,never_married,false,false,other,0.0,0.0
C000783,24,male,true,true,government_6_to_12,never_married,false,true,other,0.0,0.0
C000784,19,male,true,true,government_6_to_12,never_married,false,false,other,0.0,0.0
C000785,19,male,true,true,government_6_to_12,never_married,false,false,other,0.0,0.0
C000786,24,male,true,true,government_6_to_12,never_married,false,false,other,0.0,0.0
C000787,19,male,true,true,government_or_aided_tamil_medium_6_to_12,never_married,false,false,other,0.0,0.0
C000788,20,male,true,true,government_or_aided_tamil_medium_6_to_12,never_married,false,false,other,0.0,0.0
C000789,23,male,true,true,government_6_to_12,never_married,false,true,other,0.0,0.0
C000790,19,male,true,true,government_or_aided_tamil_medium_6_to_12,never_married,false,false,other,0.0,0.0
C000791,22,male,true,true,government_or_aided_tamil_medium_6_to_12,never_married,false,true,other,0.0,0.0
C000792,24,male,true,true,government_6_to_12,married,false,false,other,0.0,0.0
C000793,21,male,true,true,government_6_to_12,never_married,false,false,other,0.0,0.0
C000794,18,male,true,true,government_or_aided_tamil_medium_6_to_12,never_married,false,false,other,0.0,0.0
C000795,22,male,true,true,government_6_to_12,never_married,false,true,other,0.0,0.0
C000796,22,male,true,true,government_or_aided_tamil_medium_6_to_12,never_married,false,true,other,0.0,0.0
C000797,23,male,true,true,government_or_aided_tamil_medium_6_to_12,never_married,false,true,other,0.0,0.0
C000798,22,male,true,true,government_or_aided_tamil_medium_6_to_12,never_married,false,false,other,0.0,0.0
C000799,18,male,true,true,government_6_to_12,never_married,false,false,other,0.0,0.0
C000800,23,male,true,true,government_6_to_12,never_married,false,true,other,0.0,0.0
C000801,19,female,false,false,other,widow_remarrying,false,false,other,0.0,0.0
C000802,35,female,false,false,government_or_aided_tamil_medium_6_to_12,widow_remarrying,false,true,other,0.0,0.0
C000803,29,female,false,false,government_or_aided_tamil_medium_6_to_12,widow_remarrying,false,false,other,0.0,0.0
C000804,47,female,false,false,other,widow_remarrying,false,false,small_marginal_farmer,0.0,0.0
C000805,51,female,false,false,government_6_to_12,widow_remarrying,false,false,agricultural_labourer,0.0,0.0
C000806,54,female,false,false,other,widow_remarrying,false,false,inland_fishing,0.0,0.0
C000807,37,female,false,false,government_or_aided_tamil_medium_6_to_12,widow_remarrying,false,false,other,0.0,0.0
C000808,22,female,false,false,other,widow_remarrying,false,false,small_marginal_farmer,0.0,0.0
C000809,53,female,false,false,government_6_to_12,widow_remarrying,false,false,agricultural_labourer,0.0,0.0
C000810,33,female,false,false,government_or_aided_tamil_medium_6_to_12,widow_remarrying,false,false,small_marginal_farmer,0.0,0.0
C000811,32,female,false,false,government_or_aided_tamil_medium_6_to_12,widow_remarrying,false,false,other,0.0,0.0
C000812,23,female,false,false,government_6_to_12,widow_remarrying,false,false,small_marginal_farmer,0.0,0.0
C000813,25,female,false,false,government_6_to_12,widow_remarrying,false,true,other,0.0,0.0
C000814,26,female,false,false,government_6_to_12,widow_remarrying,true,false,other,0.0,0.0
C000815,53,female,false,false,government_6_to_12,widow_remarrying,false,false,plantation_labourer,0.0,0.0
C000816,35,female,false,false,government_6_to_12,widow_remarrying,false,false,plantation_labourer,0.0,0.0
C000817,31,female,false,false,government_6_to_12,widow_remarrying,false,false,agricultural_labourer,0.0,0.0
C000818,35,female,false,false,government_6_to_12,widow_remarrying,false,false,small_marginal_farmer,0.0,0.0
C000819,55,female,false,false,government_6_to_12,widow_remarrying,false,false,other,0.0,0.0
C000820,28,female,false,false,government_6_to_12,widow_remarrying,false,false,other,0.0,0.0
C000821,40,female,false,false,government_6_to_12,widow_remarrying,false,false,other,0.0,0.0
C000822,45,female,false,false,government_6_to_12,widow_remarrying,false,true,other,0.0,0.0
C000823,19,female,false,false,government_6_to_12,widow_remarrying,false,false,inland_fishing,0.0,0.0
C000824,53,female,false,false,government_or_aided_tamil_medium_6_to_12,widow_remarrying,false,false,other,0.0,0.0
C000825,27,female,false,false,other,widow_remarrying,false,false,agricultural_labourer,0.0,0.0
C000826,27,female,false,false,government_or_aided_tamil_medium_6_to_12,widow_remarrying,true,false,other,0.0,0.0
C000827,36,female,false,false,government_or_aided_tamil_medium_6_to_12,widow_remarrying,false,false,other,0.0,0.0
C000828,54,female,false,false,other,widow_remarrying,false,true,agricultural_labourer,0.0,0.0
C000829,33,female,false,false,government_6_to_12,widow_remarrying,false,false,small_marginal_farmer,0.0,0.0
C000830,33,female,false,false,government_6_to_12,widow_remarrying,false,false,other,0.0,0.0
C000831,34,female,false,false,government_6_to_12,widow_remarrying,false,false,other,0.0,0.0
C000832,33,female,false,false,government_or_aided_tamil_medium_6_to_12,widow_remarrying,false,false,other,0.0,0.0
C000833,55,female,false,false,government_6_to_12,widow_remarrying,false,false,other,0.0,0.0
C000834,23,female,false,false,other,widow_remarrying,false,false,other,0.0,0.0
C000835,44,female,false,false,government_or_aided_tamil_medium_6_to_12,widow_remarrying,false,false,other,0.0,0.0
C000836,37,female,false,false,other,widow_remarrying,false,false,small_marginal_farmer,0.0,0.0
C000837,51,female,false,false,government_or_aided_tamil_medium_6_to_12,widow_remarrying,false,false,other,0.0,0.0
C000838,21,female,false,false,government_6_to_12,widow_remarrying,false,false,other,0.0,0.0
C000839,44,female,false,false,other,widow_remarrying,true,false,plantation_labourer,0.0,0.0
C000840,46,female,false,false,government_or_aided_tamil_medium_6_to_12,widow_remarrying,false,false,agricultural_labourer,0.0,0.0
C000841,50,female,false,false,government_6_to_12,widow_remarrying,false,false,other,0.0,0.0
C000842,31,female,false,false,other,widow_remarrying,true,false,other,0.0,0.0
C000843,24,female,false,false,other,widow_remarrying,false,true,other,0.0,0.0
C000844,26,female,false,false,government_or_aided_tamil_medium_6_to_12,widow_remarrying,false,false,small_marginal_farmer,0.0,0.0
C000845,18,female,false,false,government_or_aided_tamil_medium_6_to_12,widow_remarrying,false,false,small_marginal_farmer,0.0,0.0
C000846,29,female,false,false,government_6_to_12,widow_remarrying,false,false,other,0.0,0.0
C000847,52,female,false,false,other,widow_remarrying,false,false,agricultural_labourer,0.0,0.0
C000848,51,female,false,false,government_or_aided_tamil_medium_6_to_12,widow_remarrying,true,false,agricultural_labourer,0.0,0.0
C000849,20,female,false,false,government_6_to_12,widow_remarrying,false,false,plantation_labourer,0.0,0.0
C000850,25,female,false,false,government_6_to_12,widow_remarrying,false,true,agricultural_labourer,0.0,0.0
C000851,47,female,false,false,government_6_to_12,widow_remarrying,false,false,agricultural_labourer,0.0,0.0
C000852,48,female,false,false,other,widow_remarrying,false,false,small_marginal_farmer,0.0,0.0
C000853,33,female,false,false,government_6_to_12,widow_remarrying,false,false,other,0.0,0.0
C000854,43,female,false,false,government_6_to_12,widow_remarrying,false,false,small_marginal_farmer,0.0,0.0
C000855,26,female,false,false,other,widow_remarrying,false,false,agricultural_labourer,0.0,0.0
C000856,45,female,false,false,government_6_to_12,widow_remarrying,false,false,other,0.0,0.0
C000857,33,female,false,false,government_6_to_12,widow_remarrying,false,false,small_marginal_farmer,0.0,0.0
C000858,21,female,false,false,government_or_aided_tamil_medium_6_to_12,widow_remarrying,false,false,small_marginal_farmer,0.0,0.0
C000859,19,female,false,false,other,widow_remarrying,false,false,inland_fishing,0.0,0.0
C000860,21,female,false,false,government_or_aided_tamil_medium_6_to_12,widow_remarrying,false,false,other,0.0,0.0
C000861,41,female,false,false,other,widow_remarrying,false,true,small_marginal_farmer,0.0,0.0
C000862,35,female,false,false,other,widow_remarrying,false,true,other,0.0,0.0
C000863,18,female,false,false,government_6_to_12,widow_remarrying,false,false,other,0.0,0.0
C000864,54,female,false,false,government_6_to_12,widow_remarrying,false,false,plantation_labourer,0.0,0.0
C000865,39,female,false,false,other,widow_remarrying,false,false,other,0.0,0.0
C000866,33,female,false,false,government_6_to_12,widow_remarrying,false,false,other,0.0,0.0
C000867,48,female,false,false,government_or_aided_tamil_medium_6_to_12,widow_remarrying,false,false,inland_fishing,0.0,0.0
C000868,23,female,false,false,other,widow_remarrying,false,false,other,0.0,0.0
C000869,52,female,false,false,government_or_aided_tamil_medium_6_to_12,widow_remarrying,false,true,agricultural_labourer,0.0,0.0
C000870,31,female,false,false,government_or_aided_tamil_medium_6_to_12,widow_remarrying,false,false,agricultural_labourer,0.0,0.0
C000871,33,female,false,false,other,widow_remarrying,false,false,small_marginal_farmer,0.0,0.0
C000872,20,female,false,false,government_6_to_12,widow_remarrying,false,true,small_marginal_farmer,0.0,0.0
C000873,48,female,false,false,other,widow_remarrying,false,false,inland_fishing,0.0,0.0
C000874,30,female,false,false,government_6_to_12,widow_remarrying,false,false,other,0.0,0.0
C000875,19,female,false,false,government_or_aided_tamil_medium_6_to_12,widow_remarrying,false,true,agricultural_labourer,0.0,0.0
C000876,25,female,false,false,government_6_to_12,widow_remarrying,false,false,agricultural_labourer,0.0,0.0
C000877,40,female,false,false,government_6_to_12,widow_remarrying,false,true,other,0.0,0.0
C000878,32,female,false,false,other,widow_remarrying,false,false,other,0.0,0.0
C000879,45,female,false,false,government_6_to_12,widow_remarrying,false,true,small_marginal_farmer,0.0,0.0
C000880,34,female,false,false,government_6_to_12,widow_remarrying,false,false,plantation_labourer,0.0,0.0
C000881,52,female,false,false,other,widow_remarrying,false,false,small_marginal_farmer,0.0,0.0
C000882,25,female,false,false,government_6_to_12,widow_remarrying,false,false,other,0.0,0.0
C000883,35,female,false,false,other,widow_remarrying,false,false,other,0.0,0.0
C000884,47,female,false,false,government_or_aided_tamil_medium_6_to_12,widow_remarrying,false,false,inland_fishing,0.0,0.0
C000885,19,female,false,false,other,widow_remarrying,false,false,other,0.0,0.0
C000886,33,female,false,false,other,widow_remarrying,false,false,other,0.0,0.0
C000887,37,female,false,false,government_6_to_12,widow_remarrying,false,false,plantation_labourer,0.0,0.0
C000888,20,female,false,false,government_6_to_12,widow_remarrying,false,true,plantation_labourer,0.0,0.0
C000889,21,female,false,false,government_or_aided_tamil_medium_6_to_12,widow_remarrying,false,false,small_marginal_farmer,0.0,0.0
C000890,31,female,false,false,other,widow_remarrying,false,false,small_marginal_farmer,0.0,0.0
C000891,41,female,false,false,other,widow_remarrying,false,true,small_marginal_farmer,0.0,0.0
C000892,31,female,false,false,government_or_aided_tamil_medium_6_to_12,widow_remarrying,false,true,small_marginal_farmer,0.0,0.0
C000893,18,female,false,false,government_6_to_12,widow_remarrying,false,false,other,0.0,0.0
C000894,55,female,false,false,government_6_to_12,widow_remarrying,false,false,agricultural_labourer,0.0,0.0
C000895,26,female,false,false,government_6_to_12,widow_remarrying,false,false,plantation_labourer,0.0,0.0
C000896,24,female,false,false,government_or_aided_tamil_medium_6_to_12,widow_remarrying,false,false,other,0.0,0.0
C000897,46,female,false,false,other,widow_remarrying,false,false,other,0.0,0.0
C000898,33,female,false,false,government_6_to_12,widow_remarrying,false,false,small_marginal_farmer,0.0,0.0
C000899,44,female,false,false,government_6_to_12,widow_remarrying,false,false,other,0.0,0.0
C000900,39,female,false,false,other,widow_remarrying,false,false,other,0.0,0.0
C000901,18,female,false,false,other,widow_remarrying,false,true,other,0.0,0.0
C000902,44,female,false,false,other,widow_remarrying,false,false,small_marginal_farmer,0.0,0.0
C000903,44,female,false,false,other,widow_remarrying,false,false,small_marginal_farmer,0.0,0.0
C000904,54,female,false,false,other,widow_remarrying,false,false,other,0.0,0.0
C000905,32,female,false,false,government_6_to_12,widow_remarrying,true,true,other,0.0,0.0
C000906,19,female,false,false,other,widow_remarrying,false,false,agricultural_labourer,0.0,0.0
C000907,36,female,false,false,government_6_to_12,widow_remarrying,false,false,other,0.0,0.0
C000908,25,female,false,false,government_6_to_12,widow_remarrying,false,false,other,0.0,0.0
C000909,30,female,false,false,government_or_aided_tamil_medium_6_to_12,widow_remarrying,false,false,agricultural_labourer,0.0,0.0
C000910,35,female,false,false,government_6_to_12,widow_remarrying,false,true,other,0.0,0.0
C000911,45,female,false,false,government_or_aided_tamil_medium_6_to_12,widow_remarrying,false,false,inland_fishing,0.0,0.0
C000912,27,female,false,false,government_6_to_12,widow_remarrying,false,false,small_marginal_farmer,0.0,0.0
C000913,36,female,false,false,government_6_to_12,widow_remarrying,true,false,plantation_labourer,0.0,0.0
C000914,36,female,false,false,other,widow_remarrying,false,false,inland_fishing,0.0,0.0
C000915,41,female,false,false,other,widow_remarrying,false,true,other,0.0,0.0
C000916,36,female,false,false,government_or_aided_tamil_medium_6_to_12,widow_remarrying,false,false,other,0.0,0.0
C000917,38,female,false,false,government_or_aided_tamil_medium_6_to_12,widow_remarrying,false,false,other,0.0,0.0
C000918,43,female,false,false,other,widow_remarrying,false,false,inland_fishing,0.0,0.0
C000919,41,female,false,false,other,widow_remarrying,false,false,other,0.0,0.0
C000920,53,female,false,false,other,widow_remarrying,false,false,agricultural_labourer,0.0,0.0
C000921,42,female,false,false,other,widow_remarrying,false,false,agricultural_labourer,0.0,0.0
C000922,44,female,false,false,government_or_aided_tamil_medium_6_to_12,widow_remarrying,false,false,other,0.0,0.0
C000923,35,female,false,false,government_6_to_12,widow_remarrying,false,false,other,0.0,0.0
C000924,29,female,false,false,government_6_to_12,widow_remarrying,false,true,plantation_labourer,0.0,0.0
C000925,44,female,false,false,other,widow_remarrying,false,false,agricultural_labourer,0.0,0.0
C000926,40,female,false,false,government_6_to_12,widow_remarrying,false,false,other,0.0,0.0
C000927,29,female,false,false,government_6_to_12,widow_remarrying,false,false,other,0.0,0.0
C000928,53,female,false,false,government_or_aided_tamil_medium_6_to_12,widow_remarrying,false,true,other,0.0,0.0
C000929,37,female,false,false,other,widow_remarrying,false,false,other,0.0,0.0
C000930,45,female,false,false,other,widow_remarrying,false,true,agricultural_labourer,0.0,0.0
C000931,32,female,false,false,other,widow_remarrying,false,false,small_marginal_farmer,0.0,0.0
C000932,28,female,false,false,government_or_aided_tamil_medium_6_to_12,widow_remarrying,false,false,other,0.0,0.0
C000933,21,female,false,false,government_or_aided_tamil_medium_6_to_12,widow_remarrying,false,false,agricultural_labourer,0.0,0.0
C000934,47,female,false,false,government_6_to_12,widow_remarrying,false,false,other,0.0,0.0
C000935,55,female,false,false,government_6_to_12,widow_remarrying,false,false,small_marginal_farmer,0.0,0.0
C000936,49,female,false,false,other,widow_remarrying,false,true,agricultural_labourer,0.0,0.0
C000937,44,female,false,false,other,widow_remarrying,false,true,other,0.0,0.0
C000938,19,female,false,false,government_6_to_12,widow_remarrying,true,false,small_marginal_farmer,0.0,0.0
C000939,19,female,false,false,other,widow_remarrying,false,false,other,0.0,0.0
C000940,31,female,false,false,government_or_aided_tamil_medium_6_to_12,widow_remarrying,true,false,plantation_labourer,0.0,0.0
C000941,24,female,false,false,government_or_aided_tamil_medium_6_to_12,widow_remarrying,false,false,inland_fishing,0.0,0.0
C000942,35,female,false,false,other,widow_remarrying,false,false,other,0.0,0.0
C000943,24,female,false,false,government_or_aided_tamil_medium_6_to_12,widow_remarrying,false,true,other,0.0,0.0
C000944,24,female,false,false,government_6_to_12,widow_remarrying,false,false,inland_fishing,0.0,0.0
C000945,25,female,false,false,other,widow_remarrying,false,false,inland_fishing,0.0,0.0
C000946,36,female,false,false,government_or_aided_tamil_medium_6_to_12,widow_remarrying,false,true,other,0.0,0.0
C000947,37,female,false,false,government_6_to_12,widow_remarrying,false,false,other,0.0,0.0
C000948,26,female,false,false,other,widow_remarrying,false,false,small_marginal_farmer,0.0,0.0
C000949,26,female,false,false,government_6_to_12,widow_remarrying,false,false,other,0.0,0.0
C000950,43,female,false,false,other,widow_remarrying,false,false,plantation_labourer,0.0,0.0
C000951,20,female,false,false,other,widow_remarrying,false,true,agricultural_labourer,0.0,0.0
C000952,29,female,false,false,other,widow_remarrying,false,false,small_marginal_farmer,0.0,0.0
C000953,22,female,false,false,government_6_to_12,widow_remarrying,false,true,small_marginal_farmer,0.0,0.0
C000954,44,female,false,false,government_6_to_12,widow_remarrying,false,true,other,0.0,0.0
C000955,26,female,false,false,other,widow_remarrying,false,false,small_marginal_farmer,0.0,0.0
C000956,41,female,false,false,government_6_to_12,widow_remarrying,false,true,other,0.0,0.0
C000957,19,female,false,false,other,widow_remarrying,false,true,other,0.0,0.0
C000958,44,female,false,false,government_6_to_12,widow_remarrying,false,true,other,0.0,0.0
C000959,22,female,false,false,other,widow_remarrying,false,false,small_marginal_farmer,0.0,0.0
C000960,26,female,false,false,other,widow_remarrying,true,false,other,0.0,0.0
C000961,20,female,false,false,government_6_to_12,widow_remarrying,false,false,other,0.0,0.0
C000962,35,female,false,false,government_6_to_12,widow_remarrying,false,false,agricultural_labourer,0.0,0.0
C000963,39,female,false,false,government_or_aided_tamil_medium_6_to_12,widow_remarrying,false,true,other,0.0,0.0
C000964,37,female,false,false,other,widow_remarrying,false,false,other,0.0,0.0
C000965,25,female,false,false,government_6_to_12,widow_remarrying,true,false,other,0.0,0.0
C000966,44,female,false,false,government_6_to_12,widow_remarrying,false,false,small_marginal_farmer,0.0,0.0
C000967,21,female,false,false,other,widow_remarrying,false,true,other,0.0,0.0
C000968,42,female,false,false,other,widow_remarrying,false,true,small_marginal_farmer,0.0,0.0
C000969,29,female,false,false,government_or_aided_tamil_medium_6_to_12,widow_remarrying,false,false,inland_fishing,0.0,0.0
C000970,53,female,false,false,other,widow_remarrying,false,false,agricultural_labourer,0.0,0.0
C000971,24,female,false,false,government_or_aided_tamil_medium_6_to_12,widow_remarrying,false,false,small_marginal_farmer,0.0,0.0
C000972,22,female,false,false,other,widow_remarrying,false,true,agricultural_labourer,0.0,0.0
C000973,35,female,false,false,government_6_to_12,widow_remarrying,true,true,other,0.0,0.0
C000974,47,female,false,false,government_6_to_12,widow_remarrying,false,false,other,0.0,0.0
C000975,41,female,false,false,government_or_aided_tamil_medium_6_to_12,widow_remarrying,false,true,other,0.0,0.0
C000976,26,female,false,false,government_or_aided_tamil_medium_6_to_12,widow_remarrying,false,true,other,0.0,0.0
C000977,20,female,false,false,government_6_to_12,widow_remarrying,true,true,other,0.0,0.0
C000978,54,female,false,false,government_or_aided_tamil_medium_6_to_12,widow_remarrying,false,false,other,0.0,0.0
C000979,27,female,false,false,government_6_to_12,widow_remarrying,false,false,other,0.0,0.0
C000980,23,female,false,false,other,widow_remarrying,false,false,other,0.0,0.0
C000981,51,female,false,false,other,widow_remarrying,false,false,other,0.0,0.0
C000982,20,female,false,false,other,widow_remarrying,false,false,small_marginal_farmer,0.0,0.0
C000983,37,female,false,false,other,widow_remarrying,false,false,agricultural_labourer,0.0,0.0
C000984,27,female,false,false,government_or_aided_tamil_medium_6_to_12,widow_remarrying,false,true,small_marginal_farmer,0.0,0.0
C000985,25,female,false,false,other,widow_remarrying,false,false,plantation_labourer,0.0,0.0
C000986,33,female,false,false,other,widow_remarrying,false,false,small_marginal_farmer,0.0,0.0
C000987,43,female,false,false,other,widow_remarrying,false,false,agricultural_labourer,0.0,0.0
C000988,51,female,false,false,government_6_to_12,widow_remarrying,false,false,small_marginal_farmer,0.0,0.0
C000989,40,female,false,false,other,widow_remarrying,false,false,small_marginal_farmer,0.0,0.0
C000990,48,female,false,false,government_6_to_12,widow_remarrying,false,false,other,0.0,0.0
C000991,54,female,false,false,other,widow_remarrying,false,true,small_marginal_farmer,0.0,0.0
C000992,34,female,false,false,other,widow_remarrying,false,true,other,0.0,0.0
C000993,52,female,false,false,government_or_aided_tamil_medium_6_to_12,widow_remarrying,false,false,other,0.0,0.0
C000994,18,female,false,false,government_6_to_12,widow_remarrying,false,true,other,0.0,0.0
C000995,35,female,false,false,government_6_to_12,widow_remarrying,false,true,other,0.0,0.0
C000996,44,female,false,false,government_6_to_12,widow_remarrying,false,false,small_marginal_farmer,0.0,0.0
C000997,37,female,false,false,government_or_aided_tamil_medium_6_to_12,widow_remarrying,false,false,other,0.0,0.0
C000998,34,female,false,false,government_6_to_12,widow_remarrying,false,false,other,0.0,0.0
C000999,29,female,false,false,other,widow_remarrying,false,false,other,0.0,0.0
C001000,46,female,false,false,government_or_aided_tamil_medium_6_to_12,widow_remarrying,false,true,small_marginal_farmer,0.0,0.0
C001001,46,female,false,false,other,widow_remarrying,false,true,other,0.0,0.0
C001002,27,female,false,false,government_or_aided_tamil_medium_6_to_12,widow_remarrying,false,false,agricultural_labourer,0.0,0.0
C001003,54,female,false,false,other,widow_remarrying,false,false,other,0.0,0.0
C001004,53,female,false,false,other,widow_remarrying,false,false,agricultural_labourer,0.0,0.0
C001005,50,female,false,false,other,widow_remarrying,false,false,other,0.0,0.0
C001006,50,female,false,false,government_6_to_12,widow_remarrying,false,false,other,0.0,0.0
C001007,29,female,false,false,government_or_aided_tamil_medium_6_to_12,widow_remarrying,false,true,other,0.0,0.0
C001008,26,female,false,false,other,widow_remarrying,false,true,plantation_labourer,0.0,0.0
C001009,18,female,false,false,government_or_aided_tamil_medium_6_to_12,widow_remarrying,false,false,other,0.0,0.0
C001010,27,female,false,false,other,widow_remarrying,false,false,other,0.0,0.0
C001011,24,female,false,false,government_6_to_12,widow_remarrying,false,false,small_marginal_farmer,0.0,0.0
C001012,28,female,false,false,other,widow_remarrying,false,false,plantation_labourer,0.0,0.0
C001013,19,female,false,false,other,widow_remarrying,false,true,other,0.0,0.0
C001014,49,female,false,false,other,widow_remarrying,false,true,other,0.0,0.0
C001015,36,female,false,false,government_or_aided_tamil_medium_6_to_12,widow_remarrying,false,false,plantation_labourer,0.0,0.0
C001016,36,female,false,false,government_6_to_12,widow_remarrying,false,true,other,0.0,0.0
C001017,42,female,false,false,government_or_aided_tamil_medium_6_to_12,widow_remarrying,false,false,other,0.0,0.0
C001018,23,female,false,false,government_6_to_12,widow_remarrying,false,false,small_marginal_farmer,0.0,0.0
C001019,35,female,false,false,government_or_aided_tamil_medium_6_to_12,widow_remarrying,false,true,other,0.0,0.0
C001020,32,female,false,false,government_6_to_12,widow_remarrying,false,false,agricultural_labourer,0.0,0.0
C001021,34,female,false,false,government_or_aided_tamil_medium_6_to_12,widow_remarrying,false,false,small_marginal_farmer,0.0,0.0
C001022,25,female,false,false,other,widow_remarrying,false,false,inland_fishing,0.0,0.0
C001023,46,female,false,false,other,widow_remarrying,false,false,inland_fishing,0.0,0.0
C001024,43,female,false,false,government_or_aided_tamil_medium_6_to_12,widow_remarrying,false,false,small_marginal_farmer,0.0,0.0
C001025,42,female,false,false,government_6_to_12,widow_remarrying,false,false,small_marginal_farmer,0.0,0.0
C001026,18,female,false,false,government_or_aided_tamil_medium_6_to_12,widow_remarrying,false,true,other,0.0,0.0
C001027,51,female,false,false,government_or_aided_tamil_medium_6_to_12,widow_remarrying,false,false,agricultural_labourer,0.0,0.0
C001028,20,female,false,false,government_or_aided_tamil_medium_6_to_12,widow_remarrying,false,true,small_marginal_farmer,0.0,0.0
C001029,39,female,false,false,government_6_to_12,widow_remarrying,false,false,other,0.0,0.0
C001030,55,female,false,false,other,widow_remarrying,false,false,other,0.0,0.0
C001031,44,female,false,false,government_6_to_12,widow_remarrying,false,true,small_marginal_farmer,0.0,0.0
C001032,39,female,false,false,government_6_to_12,widow_remarrying,false,true,agricultural_labourer,0.0,0.0
C001033,31,female,false,false,government_6_to_12,widow_remarrying,false,false,small_marginal_farmer,0.0,0.0
C001034,37,female,false,false,other,widow_remarrying,false,false,other,0.0,0.0
C001035,42,female,false,false,government_6_to_12,widow_remarrying,false,false,agricultural_labourer,0.0,0.0
C001036,53,female,false,false,government_6_to_12,widow_remarrying,false,true,agricultural_labourer,0.0,0.0
C001037,20,female,false,false,government_or_aided_tamil_medium_6_to_12,widow_remarrying,false,true,plantation_labourer,0.0,0.0
C001038,27,female,false,false,government_or_aided_tamil_medium_6_to_12,widow_remarrying,false,false,other,0.0,0.0
C001039,27,female,false,false,government_6_to_12,widow_remarrying,false,false,agricultural_labourer,0.0,0.0
C001040,30,female,false,false,other,widow_remarrying,false,true,small_marginal_farmer,0.0,0.0
C001041,23,female,false,false,government_6_to_12,widow_remarrying,false,false,other,0.0,0.0
C001042,38,female,false,false,other,widow_remarrying,false,true,other,0.0,0.0
C001043,28,female,false,false,other,widow_remarrying,false,true,other,0.0,0.0
C001044,45,female,false,false,government_6_to_12,widow_remarrying,false,false,other,0.0,0.0
C001045,38,female,false,false,government_6_to_12,widow_remarrying,false,false,other,0.0,0.0
C001046,55,female,false,false,government_6_to_12,widow_remarrying,true,true,other,0.0,0.0
C001047,36,female,false,false,government_6_to_12,widow_remarrying,true,false,agricultural_labourer,0.0,0.0
C001048,35,female,false,false,other,widow_remarrying,false,true,plantation_labourer,0.0,0.0
C001049,24,female,false,false,other,widow_remarrying,false,true,other,0.0,0.0
C001050,35,female,false,false,government_6_to_12,widow_remarrying,false,false,inland_fishing,0.0,0.0
C001051,25,female,false,false,government_6_to_12,never_married,true,false,other,0.0,0.0
C001052,29,female,false,false,government_6_to_12,never_married,true,true,other,0.0,0.0
C001053,24,female,false,false,government_or_aided_tamil_medium_6_to_12,never_married,true,false,other,0.0,0.0
C001054,28,female,false,false,government_or_aided_tamil_medium_6_to_12,never_married,true,false,other,0.0,0.0
C001055,25,female,false,false,other,never_married,true,false,other,0.0,0.0
C001056,20,female,false,false,other,never_married,true,false,other,0.0,0.0
C001057,22,female,false,false,other,never_married,true,true,other,0.0,0.0
C001058,30,female,false,false,other,married,true,false,other,0.0,0.0
C001059,25,female,false,false,government_or_aided_tamil_medium_6_to_12,never_married,true,false,other,0.0,0.0
C001060,27,female,false,false,other,never_married,true,false,other,0.0,0.0
C001061,19,female,false,false,government_6_to_12,never_married,true,true,other,0.0,0.0
C001062,20,female,false,false,government_6_to_12,never_married,true,false,other,0.0,0.0
C001063,22,female,false,false,government_or_aided_tamil_medium_6_to_12,never_married,true,false,other,0.0,0.0
C001064,26,female,false,false,government_6_to_12,married,true,true,other,0.0,0.0
C001065,29,female,false,false,other,married,true,false,other,0.0,0.0
C001066,24,female,false,false,government_6_to_12,never_married,true,true,other,0.0,0.0
C001067,22,female,false,false,government_or_aided_tamil_medium_6_to_12,widow_remarrying,true,false,other,0.0,0.0
C001068,22,female,false,false,government_6_to_12,married,true,false,other,0.0,0.0
C001069,30,female,false,false,government_6_to_12,never_married,true,true,other,0.0,0.0
C001070,22,female,false,false,other,widow,true,false,other,0.0,0.0
C001071,19,female,false,false,government_6_to_12,never_married,true,false,other,0.0,0.0
C001072,19,female,false,false,government_6_to_12,never_married,true,true,other,0.0,0.0
C001073,19,female,false,false,other,married,true,false,other,0.0,0.0
C001074,18,female,false,false,government_or_aided_tamil_medium_6_to_12,never_married,true,true,other,0.0,0.0
C001075,25,female,false,false,other,never_married,true,false,other,0.0,0.0
C001076,19,female,false,false,other,never_married,true,false,other,0.0,0.0
C001077,21,female,false,false,other,never_married,true,false,other,0.0,0.0
C001078,21,female,false,false,government_6_to_12,never_married,true,false,other,0.0,0.0
C001079,29,female,false,false,government_6_to_12,never_married,true,false,other,0.0,0.0
C001080,30,female,false,false,government_6_to_12,never_married,true,false,other,0.0,0.0
C001081,28,female,false,false,other,never_married,true,false,other,0.0,0.0
C001082,26,female,false,false,government_6_to_12,never_married,true,false,other,0.0,0.0
C001083,19,female,false,false,government_or_aided_tamil_medium_6_to_12,never_married,true,true,other,0.0,0.0
C001084,30,female,false,false,government_6_to_12,never_married,true,false,other,0.0,0.0
C001085,25,female,false,false,government_or_aided_tamil_medium_6_to_12,never_married,true,false,other,0.0,0.0
C001086,20,female,false,false,other,never_married,true,false,other,0.0,0.0
C001087,25,female,false,false,other,widow,true,true,other,0.0,0.0
C001088,20,female,false,false,government_6_to_12,never_married,true,false,other,0.0,0.0
C001089,25,female,false,false,government_6_to_12,never_married,true,false,other,0.0,0.0
C001090,19,female,false,false,other,married,true,false,other,0.0,0.0
C001091,20,female,false,false,other,never_married,true,false,other,0.0,0.0
C001092,19,female,false,false,government_6_to_12,never_married,true,false,other,0.0,0.0
C001093,19,female,false,false,government_or_aided_tamil_medium_6_to_12,never_married,true,false,other,0.0,0.0
C001094,18,female,false,false,other,never_married,true,false,other,0.0,0.0
C001095,23,female,false,false,other,never_married,true,false,other,0.0,0.0
C001096,27,female,false,false,government_or_aided_tamil_medium_6_to_12,never_married,true,false,other,0.0,0.0
C001097,30,female,false,false,government_6_to_12,married,true,true,other,0.0,0.0
C001098,22,female,false,false,government_or_aided_tamil_medium_6_to_12,never_married,true,false,other,0.0,0.0
C001099,23,female,false,false,government_6_to_12,never_married,true,false,other,0.0,0.0
C001100,30,female,false,false,government_or_aided_tamil_medium_6_to_12,never_married,true,true,other,0.0,0.0
C001101,25,female,false,false,government_or_aided_tamil_medium_6_to_12,never_married,true,false,other,0.0,0.0
C001102,23,female,false,false,other,never_married,true,false,other,0.0,0.0
C001103,21,female,false,false,other,never_married,true,true,other,0.0,0.0
C001104,30,female,false,false,other,married,true,true,other,0.0,0.0
C001105,20,female,false,false,other,never_married,true,false,other,0.0,0.0
C001106,28,female,false,false,government_6_to_12,never_married,true,true,other,0.0,0.0
C001107,22,female,false,false,other,never_married,true,false,other,0.0,0.0
C001108,28,female,false,false,government_6_to_12,never_married,true,false,other,0.0,0.0
C001109,26,female,false,false,government_or_aided_tamil_medium_6_to_12,married,true,false,other,0.0,0.0
C001110,24,female,false,false,government_or_aided_tamil_medium_6_to_12,never_married,true,true,other,0.0,0.0
C001111,18,female,false,false,other,never_married,true,false,other,0.0,0.0
C001112,22,female,false,false,government_or_aided_tamil_medium_6_to_12,never_married,true,false,other,0.0,0.0
C001113,20,female,false,false,government_or_aided_tamil_medium_6_to_12,never_married,true,false,other,0.0,0.0
C001114,22,female,false,false,other,married,true,true,other,0.0,0.0
C001115,21,female,false,false,government_or_aided_tamil_medium_6_to_12,never_married,true,false,other,0.0,0.0
C001116,29,female,false,false,government_6_to_12,married,true,true,other,0.0,0.0
C001117,24,female,false,false,government_or_aided_tamil_medium_6_to_12,never_married,true,false,other,0.0,0.0
C001118,19,female,false,false,other,never_married,true,false,other,0.0,0.0
C001119,30,female,false,false,government_6_to_12,never_married,true,false,other,0.0,0.0
C001120,21,female,false,false,government_6_to_12,never_married,true,false,other,0.0,0.0
C001121,24,female,false,false,other,married,true,false,other,0.0,0.0
C001122,30,female,false,false,other,never_married,true,true,other,0.0,0.0
C001123,18,female,false,false,government_or_aided_tamil_medium_6_to_12,never_married,true,true,other,0.0,0.0
C001124,19,female,false,false,government_or_aided_tamil_medium_6_to_12,never_married,true,false,other,0.0,0.0
C001125,29,female,false,false,other,never_married,true,true,other,0.0,0.0
C001126,27,female,false,false,government_6_to_12,never_married,true,false,other,0.0,0.0
C001127,30,female,false,false,other,never_married,true,false,other,0.0,0.0
C001128,26,female,false,false,other,married,true,true,other,0.0,0.0
C001129,28,female,false,false,other,widow,true,true,other,0.0,0.0
C001130,24,female,false,false,government_6_to_12,married,true,true,other,0.0,0.0
C001131,19,female,false,false,government_6_to_12,never_married,true,false,other,0.0,0.0
C001132,28,female,false,false,other,never_married,true,false,other,0.0,0.0
C001133,23,female,false,false,other,never_married,true,false,other,0.0,0.0
C001134,22,female,false,false,government_6_to_12,never_married,true,false,other,0.0,0.0
C001135,23,female,false,false,government_6_to_12,never_married,true,false,other,0.0,0.0
C001136,30,female,false,false,government_6_to_12,never_married,true,true,other,0.0,0.0
C001137,21,female,false,false,government_6_to_12,never_married,true,true,other,0.0,0.0
C001138,30,female,false,false,government_or_aided_tamil_medium_6_to_12,never_married,true,false,other,0.0,0.0
C001139,24,female,false,false,government_6_to_12,never_married,true,false,other,0.0,0.0
C001140,23,female,false,false,government_6_to_12,married,true,false,other,0.0,0.0
C001141,18,female,false,false,government_or_aided_tamil_medium_6_to_12,never_married,true,false,other,0.0,0.0
C001142,23,female,false,false,government_6_to_12,never_married,true,true,other,0.0,0.0
C001143,25,female,false,false,government_or_aided_tamil_medium_6_to_12,never_married,true,false,other,0.0,0.0
C001144,27,female,false,false,other,never_married,true,false,other,0.0,0.0
C001145,28,female,false,false,government_or_aided_tamil_medium_6_to_12,never_married,true,false,other,0.0,0.0
C001146,27,female,false,false,other,widow,true,true,other,0.0,0.0
C001147,22,female,false,false,government_or_aided_tamil_medium_6_to_12,never_married,true,true,other,0.0,0.0
C001148,20,female,false,false,other,married,true,true,other,0.0,0.0
C001149,22,female,false,false,government_6_to_12,never_married,true,true,other,0.0,0.0
C001150,24,female,false,false,other,never_married,true,false,other,0.0,0.0
C001151,18,female,false,false,government_or_aided_tamil_medium_6_to_12,never_married,true,false,other,0.0,0.0
C001152,18,female,false,false,other,married,true,true,other,0.0,0.0
C001153,27,female,false,false,other,never_married,true,false,other,0.0,0.0
C001154,29,female,false,false,other,never_married,true,true,other,0.0,0.0
C001155,19,female,false,false,other,never_married,true,true,other,0.0,0.0
C001156,29,female,false,false,other,never_married,true,true,other,0.0,0.0
C001157,24,female,false,false,other,never_married,true,true,other,0.0,0.0
C001158,25,female,false,false,government_6_to_12,never_married,true,true,other,0.0,0.0
C001159,26,female,false,false,government_or_aided_tamil_medium_6_to_12,married,true,false,other,0.0,0.0
C001160,30,female,false,false,government_6_to_12,never_married,true,false,other,0.0,0.0
C001161,19,female,false,false,government_6_to_12,married,true,false,other,0.0,0.0
C001162,24,female,false,false,government_6_to_12,never_married,true,true,other,0.0,0.0
C001163,20,female,false,false,other,never_married,true,false,other,0.0,0.0
C001164,29,female,false,false,government_or_aided_tamil_medium_6_to_12,never_married,true,false,other,0.0,0.0
C001165,20,female,false,false,other,never_married,true,true,other,0.0,0.0
C001166,24,female,false,false,government_6_to_12,married,true,false,other,0.0,0.0
C001167,24,female,false,false,other,never_married,true,true,other,0.0,0.0
C001168,19,female,false,false,government_6_to_12,never_married,true,false,other,0.0,0.0
C001169,23,female,false,false,government_6_to_12,never_married,true,true,other,0.0,0.0
C001170,23,female,false,false,other,never_married,true,false,other,0.0,0.0
C001171,24,female,false,false,other,widow,true,false,other,0.0,0.0
C001172,28,female,false,false,government_or_aided_tamil_medium_6_to_12,never_married,true,false,other,0.0,0.0
C001173,21,female,false,false,government_or_aided_tamil_medium_6_to_12,never_married,true,false,other,0.0,0.0
C001174,18,female,false,false,government_or_aided_tamil_medium_6_to_12,married,true,false,other,0.0,0.0
C001175,29,female,false,false,government_or_aided_tamil_medium_6_to_12,never_married,true,false,other,0.0,0.0
C001176,30,female,false,false,government_or_aided_tamil_medium_6_to_12,married,true,false,other,0.0,0.0
C001177,22,female,false,false,other,never_married,true,false,other,0.0,0.0
C001178,24,female,false,false,government_6_to_12,never_married,true,false,other,0.0,0.0
C001179,25,female,false,false,government_6_to_12,never_married,true,true,other,0.0,0.0
C001180,18,female,false,false,government_6_to_12,never_married,true,true,other,0.0,0.0
C001181,27,female,false,false,government_or_aided_tamil_medium_6_to_12,widow,true,false,other,0.0,0.0
C001182,23,female,false,false,government_or_aided_tamil_medium_6_to_12,never_married,true,false,other,0.0,0.0
C001183,21,female,false,false,government_6_to_12,never_married,true,true,other,0.0,0.0
C001184,28,female,false,false,other,never_married,true,false,other,0.0,0.0
C001185,18,female,false,false,government_6_to_12,never_married,true,true,other,0.0,0.0
C001186,27,female,false,false,government_6_to_12,never_married,true,false,other,0.0,0.0
C001187,26,female,false,false,government_6_to_12,never_married,true,false,other,0.0,0.0
C001188,22,female,false,false,government_6_to_12,widow,true,false,other,0.0,0.0
C001189,22,female,false,false,government_or_aided_tamil_medium_6_to_12,never_married,true,true,other,0.0,0.0
C001190,23,female,false,false,other,never_married,true,false,other,0.0,0.0
C001191,24,female,false,false,government_or_aided_tamil_medium_6_to_12,widow_remarrying,true,true,other,0.0,0.0
C001192,24,female,false,false,other,never_married,true,false,other,0.0,0.0
C001193,28,female,false,false,government_6_to_12,never_married,true,false,other,0.0,0.0
C001194,24,female,false,false,government_6_to_12,never_married,true,false,other,0.0,0.0
C001195,20,female,false,false,other,never_married,true,false,other,0.0,0.0
C001196,30,female,false,false,other,never_married,true,false,other,0.0,0.0
C001197,30,female,false,false,other,never_married,true,true,other,0.0,0.0
C001198,30,female,false,false,government_or_aided_tamil_medium_6_to_12,never_married,true,false,other,0.0,0.0
C001199,24,female,false,false,government_6_to_12,married,true,true,other,0.0,0.0
C001200,24,female,false,false,government_or_aided_tamil_medium_6_to_12,never_married,true,false,other,0.0,0.0
C001201,30,female,false,false,other,never_married,true,true,other,0.0,0.0
C001202,19,female,false,false,government_or_aided_tamil_medium_6_to_12,never_married,true,true,other,0.0,0.0
C001203,21,female,false,false,government_6_to_12,never_married,true,false,other,0.0,0.0
C001204,18,female,false,false,other,married,true,false,other,0.0,0.0
C001205,26,female,false,false,government_6_to_12,married,true,true,other,0.0,0.0
C001206,26,female,false,false,other,never_married,true,false,other,0.0,0.0
C001207,30,female,false,false,government_6_to_12,never_married,true,false,other,0.0,0.0
C001208,29,female,false,false,government_6_to_12,never_married,true,false,other,0.0,0.0
C001209,22,female,false,false,government_6_to_12,never_married,true,false,other,0.0,0.0
C001210,29,female,false,false,government_6_to_12,widow,true,false,other,0.0,0.0
C001211,25,female,false,false,other,never_married,true,true,other,0.0,0.0
C001212,18,female,false,false,government_or_aided_tamil_medium_6_to_12,never_married,true,true,other,0.0,0.0
C001213,23,female,false,false,government_6_to_12,never_married,true,true,other,0.0,0.0
C001214,18,female,false,false,government_or_aided_tamil_medium_6_to_12,married,true,true,other,0.0,0.0
C001215,22,female,false,false,government_6_to_12,never_married,true,false,other,0.0,0.0
C001216,21,female,false,false,other,never_married,true,true,other,0.0,0.0
C001217,22,female,false,false,government_6_to_12,never_married,true,false,other,0.0,0.0
C001218,30,female,false,false,government_6_to_12,never_married,true,false,other,0.0,0.0
C001219,23,female,false,false,government_6_to_12,never_married,true,false,other,0.0,0.0
C001220,22,female,false,false,other,never_married,true,true,other,0.0,0.0
C001221,25,female,false,false,government_or_aided_tamil_medium_6_to_12,never_married,true,true,other,0.0,0.0
C001222,28,female,false,false,other,widow,true,false,other,0.0,0.0
C001223,20,female,false,false,other,widow,true,false,other,0.0,0.0
C001224,24,female,false,false,other,never_married,true,false,other,0.0,0.0
C001225,29,female,false,false,other,never_married,true,false,other,0.0,0.0
C001226,21,female,false,false,other,never_married,true,true,other,0.0,0.0
C001227,29,female,false,false,other,never_married,true,true,other,0.0,0.0
C001228,19,female,false,false,other,never_married,true,false,other,0.0,0.0
C001229,27,female,false,false,other,never_married,true,false,other,0.0,0.0
C001230,18,female,false,false,other,married,true,false,other,0.0,0.0
C001231,20,female,false,false,government_6_to_12,never_married,true,false,other,0.0,0.0
C001232,22,female,false,false,government_6_to_12,never_married,true,false,other,0.0,0.0
C001233,26,female,false,false,other,married,true,false,other,0.0,0.0
C001234,28,female,false,false,other,never_married,true,true,other,0.0,0.0
C001235,25,female,false,false,government_6_to_12,never_married,true,false,other,0.0,0.0
C001236,20,female,false,false,government_or_aided_tamil_medium_6_to_12,never_married,true,true,other,0.0,0.0
C001237,18,female,false,false,government_or_aided_tamil_medium_6_to_12,never_married,true,true,other,0.0,0.0
C001238,22,female,false,false,government_6_to_12,widow_remarrying,true,false,other,0.0,0.0
C001239,24,female,false,false,government_6_to_12,never_married,true,true,other,0.0,0.0
C001240,20,female,false,false,government_6_to_12,never_married,true,true,other,0.0,0.0
C001241,29,female,false,false,other,never_married,true,false,other,0.0,0.0
C001242,22,female,false,false,other,widow_remarrying,true,false,other,0.0,0.0
C001243,18,female,false,false,government_6_to_12,never_married,true,true,other,0.0,0.0
C001244,28,female,false,false,government_6_to_12,never_married,true,false,other,0.0,0.0
C001245,30,female,false,false,government_or_aided_tamil_medium_6_to_12,never_married,true,false,other,0.0,0.0
C001246,29,female,false,false,government_or_aided_tamil_medium_6_to_12,never_married,true,false,other,0.0,0.0
C001247,22,female,false,false,government_6_to_12,married,true,false,other,0.0,0.0
C001248,25,female,false,false,government_6_to_12,never_married,true,true,other,0.0,0.0
C001249,22,female,false,false,other,never_married,true,false,other,0.0,0.0
C001250,19,female,false,false,government_or_aided_tamil_medium_6_to_12,married,true,false,other,0.0,0.0
C001251,30,female,false,false,other,never_married,true,false,other,0.0,0.0
C001252,18,female,false,false,government_6_to_12,never_married,true,false,other,0.0,0.0
C001253,20,female,false,false,other,never_married,true,true,other,0.0,0.0
C001254,26,female,false,false,government_6_to_12,never_married,true,false,other,0.0,0.0
C001255,18,female,false,false,other,never_married,true,true,other,0.0,0.0
C001256,29,female,false,false,other,never_married,true,false,other,0.0,0.0
C001257,22,female,false,false,other,never_married,true,false,other,0.0,0.0
C001258,30,female,false,false,government_or_aided_tamil_medium_6_to_12,married,true,true,other,0.0,0.0
C001259,26,female,false,false,other,never_married,true,false,other,0.0,0.0
C001260,22,female,false,false,government_6_to_12,never_married,true,false,other,0.0,0.0
C001261,19,female,false,false,government_or_aided_tamil_medium_6_to_12,never_married,true,true,other,0.0,0.0
C001262,24,female,false,false,other,never_married,true,false,other,0.0,0.0
C001263,27,female,false,false,government_or_aided_tamil_medium_6_to_12,never_married,true,false,other,0.0,0.0
C001264,18,female,false,false,government_6_to_12,married,true,false,other,0.0,0.0
C001265,24,female,false,false,government_or_aided_tamil_medium_6_to_12,never_married,true,false,other,0.0,0.0
C001266,28,female,false,false,government_6_to_12,never_married,true,false,other,0.0,0.0
C001267,20,female,false,false,government_6_to_12,never_married,true,false,other,0.0,0.0
C001268,18,female,false,false,government_6_to_12,never_married,true,false,other,0.0,0.0
C001269,25,female,false,false,government_or_aided_tamil_medium_6_to_12,never_married,true,false,other,0.0,0.0
C001270,21,female,false,false,other,never_married,true,true,other,0.0,0.0
C001271,22,female,false,false,other,married,true,false,other,0.0,0.0
C001272,25,female,false,false,other,never_married,true,false,other,0.0,0.0
C001273,25,female,false,false,government_or_aided_tamil_medium_6_to_12,never_married,true,false,other,0.0,0.0
C001274,24,female,false,false,government_or_aided_tamil_medium_6_to_12,never_married,true,true,other,0.0,0.0
C001275,26,female,false,false,other,married,true,true,other,0.0,0.0
C001276,18,female,false,false,other,married,true,false,other,0.0,0.0
C001277,29,female,false,false,government_6_to_12,never_married,true,true,other,0.0,0.0
C001278,28,female,false,false,government_or_aided_tamil_medium_6_to_12,never_married,true,true,other,0.0,0.0
C001279,27,female,false,false,government_or_aided_tamil_medium_6_to_12,married,true,false,other,0.0,0.0
C001280,20,female,false,false,other,never_married,true,true,other,0.0,0.0
C001281,19,female,false,false,government_6_to_12,never_married,true,true,other,0.0,0.0
C001282,28,female,false,false,government_or_aided_tamil_medium_6_to_12,never_married,true,false,other,0.0,0.0
C001283,26,female,false,false,government_6_to_12,married,true,true,other,0.0,0.0
C001284,30,female,false,false,government_6_to_12,married,true,true,other,0.0,0.0
C001285,25,female,false,false,government_or_aided_tamil_medium_6_to_12,never_married,true,false,other,0.0,0.0
C001286,26,female,false,false,government_6_to_12,never_married,true,false,other,0.0,0.0
C001287,22,female,false,false,other,never_married,true,true,other,0.0,0.0
C001288,30,female,false,false,other,widow,true,false,other,0.0,0.0
C001289,30,female,false,false,other,never_married,true,true,other,0.0,0.0
C001290,22,female,false,false,other,never_married,true,false,other,0.0,0.0
C001291,19,female,false,false,government_or_aided_tamil_medium_6_to_12,never_married,true,true,other,0.0,0.0
C001292,26,female,false,false,other,never_married,true,false,other,0.0,0.0
C001293,28,female,false,false,government_6_to_12,never_married,true,false,other,0.0,0.0
C001294,22,female,false,false,government_or_aided_tamil_medium_6_to_12,never_married,true,true,other,0.0,0.0
C001295,29,female,false,false,other,married,true,false,other,0.0,0.0
C001296,22,female,false,false,government_or_aided_tamil_medium_6_to_12,never_married,true,false,other,0.0,0.0
C001297,21,female,false,false,other,married,true,true,other,0.0,0.0
C001298,29,female,false,false,government_6_to_12,never_married,true,false,other,0.0,0.0
C001299,23,female,false,false,government_6_to_12,married,true,false,other,0.0,0.0
C001300,29,female,false,false,other,married,true,false,other,0.0,0.0
C001301,24,male,false,false,government_or_aided_tamil_medium_6_to_12,never_married,false,false,inland_fishing,0.3,0.88
C001302,29,male,false,false,government_6_to_12,never_married,false,false,inland_fishing,0.0,0.0
C001303,61,female,false,false,government_6_to_12,widow,false,false,inland_fishing,0.0,0.0
C001304,32,female,false,false,government_6_to_12,never_married,false,true,small_marginal_farmer,2.64,4.29
C001305,60,male,false,false,other,married,false,false,agricultural_labourer,0.4,0.56
C001306,44,female,false,false,other,never_married,false,true,plantation_labourer,0.0,0.0
C001307,46,female,false,false,other,married,false,false,small_marginal_farmer,2.81,4.51
C001308,28,male,false,false,other,married,false,false,agricultural_labourer,0.0,0.0
C001309,39,male,false,false,government_6_to_12,married,false,false,agricultural_labourer,0.0,0.0
C001310,29,male,false,false,government_6_to_12,never_married,false,false,agricultural_labourer,0.0,0.0
C001311,44,female,false,false,government_6_to_12,married,false,false,agricultural_labourer,0.0,0.0
C001312,50,female,false,false,other,married,false,false,agricultural_labourer,0.0,0.0
C001313,19,female,false,false,government_6_to_12,never_married,false,false,agricultural_labourer,0.0,0.0
C001314,41,male,false,false,other,married,false,true,agricultural_labourer,0.0,0.0
C001315,63,female,false,false,other,widow,false,false,agricultural_labourer,0.0,0.0
C001316,37,female,false,false,other,married,true,false,inland_fishing,0.0,0.0
C001317,25,female,false,false,other,married,false,true,inland_fishing,0.0,0.0
C001318,57,male,false,false,government_or_aided_tamil_medium_6_to_12,widow,false,false,small_marginal_farmer,0.78,1.51
C001319,19,male,false,false,government_or_aided_tamil_medium_6_to_12,never_married,false,true,small_marginal_farmer,0.63,5.64
C001320,20,male,false,false,government_or_aided_tamil_medium_6_to_12,never_married,false,false,agricultural_labourer,0.0,0.0
C001321,22,male,false,false,government_6_to_12,never_married,false,false,agricultural_labourer,0.24,1.04
C001322,52,male,false,false,government_or_aided_tamil_medium_6_to_12,widow,false,false,small_marginal_farmer,0.57,7.65
C001323,24,transgender,false,false,government_6_to_12,never_married,false,false,inland_fishing,0.0,0.0
C001324,50,female,false,false,other,widow,false,false,plantation_labourer,0.0,0.0
C001325,20,female,false,false,government_or_aided_tamil_medium_6_to_12,married,false,false,agricultural_labourer,0.0,0.0
C001326,60,male,false,false,other,married,false,false,plantation_labourer,0.0,0.0
C001327,47,male,false,false,government_6_to_12,married,false,false,inland_fishing,0.0,0.0
C001328,40,female,false,false,government_6_to_12,married,false,false,agricultural_labourer,0.0,0.0
C001329,19,female,false,false,government_or_aided_tamil_medium_6_to_12,never_married,false,true,small_marginal_farmer,2.03,0.34
C001330,19,male,false,false,other,never_married,false,false,inland_fishing,0.0,0.0
C001331,44,male,false,false,government_or_aided_tamil_medium_6_to_12,married,false,false,small_marginal_farmer,2.49,0.91
C001332,65,female,false,false,other,widow,false,false,agricultural_labourer,0.0,0.0
C001333,48,female,false,false,government_6_to_12,widow,false,true,small_marginal_farmer,3.82,2.2
C001334,36,female,false,false,government_6_to_12,married,false,false,agricultural_labourer,0.0,0.0
C001335,43,male,false,false,government_or_aided_tamil_medium_6_to_12,married,false,true,agricultural_labourer,0.0,0.0
C001336,46,male,false,false,government_or_aided_tamil_medium_6_to_12,widow_remarrying,false,true,inland_fishing,0.0,0.0
C001337,59,male,false,false,other,widow,false,true,agricultural_labourer,0.0,0.0
C001338,48,male,false,false,government_6_to_12,never_married,false,false,plantation_labourer,0.71,1.08
C001339,62,male,false,false,government_6_to_12,married,false,false,small_marginal_farmer,0.46,3.94
C001340,43,male,false,false,government_6_to_12,married,true,false,inland_fishing,0.0,0.0
C001341,50,female,false,false,government_6_to_12,married,false,false,inland_fishing,0.0,0.0
C001342,65,male,false,false,government_6_to_12,married,false,false,agricultural_labourer,0.0,0.0
C001343,28,male,false,false,government_or_aided_tamil_medium_6_to_12,widow_remarrying,false,true,inland_fishing,0.0,0.0
C001344,49,female,false,false,other,married,false,false,plantation_labourer,0.85,0.19
C001345,32,female,false,false,government_6_to_12,married,false,false,inland_fishing,0.0,0.0
C001346,50,female,false,false,government_6_to_12,married,true,false,inland_fishing,0.0,0.0
C001347,24,female,false,false,government_6_to_12,never_married,false,false,agricultural_labourer,0.0,0.0
C001348,31,male,false,false,other,never_married,false,false,inland_fishing,0.0,0.0
C001349,19,female,false,false,government_or_aided_tamil_medium_6_to_12,never_married,false,false,plantation_labourer,0.0,0.0
C001350,63,female,false,false,government_6_to_12,widow_remarrying,false,false,agricultural_labourer,0.0,0.0
C001351,34,male,false,false,government_or_aided_tamil_medium_6_to_12,never_married,false,false,inland_fishing,0.0,0.0
C001352,37,male,false,false,government_6_to_12,married,false,true,agricultural_labourer,0.46,0.79
C001353,61,male,false,false,other,married,false,true,inland_fishing,0.0,0.0
C001354,21,male,false,false,government_6_to_12,never_married,false,false,agricultural_labourer,0.0,0.0
C001355,49,male,false,false,government_6_to_12,married,false,true,agricultural_labourer,0.0,0.0
C001356,31,male,false,false,government_6_to_12,married,false,false,plantation_labourer,0.0,0.0
C001357,26,male,false,false,government_or_aided_tamil_medium_6_to_12,never_married,false,true,inland_fishing,0.0,0.0
C001358,52,female,false,false,other,widow,true,false,agricultural_labourer,0.0,0.0
C001359,64,male,false,false,government_or_aided_tamil_medium_6_to_12,married,false,false,agricultural_labourer,0.0,0.0
C001360,31,male,false,false,other,never_married,false,false,agricultural_labourer,0.0,0.0
C001361,57,female,false,false,government_6_to_12,married,true,false,inland_fishing,0.0,0.0
C001362,49,female,false,false,government_or_aided_tamil_medium_6_to_12,never_married,false,false,inland_fishing,0.0,0.0
C001363,64,female,false,false,government_6_to_12,married,false,false,agricultural_labourer,0.13,0.37
C001364,42,male,false,false,government_6_to_12,married,false,true,agricultural_labourer,0.0,0.0
C001365,36,male,false,false,government_or_aided_tamil_medium_6_to_12,married,false,true,agricultural_labourer,0.0,0.0
C001366,37,male,false,false,government_or_aided_tamil_medium_6_to_12,married,false,true,inland_fishing,0.0,0.0
C001367,23,female,false,false,other,widow_remarrying,false,true,small_marginal_farmer,2.22,0.86
C001368,55,male,false,false,government_6_to_12,married,false,true,agricultural_labourer,0.0,0.0
C001369,48,transgender,false,false,government_6_to_12,married,false,true,inland_fishing,0.0,0.0
C001370,52,male,false,false,other,widow_remarrying,false,true,agricultural_labourer,0.0,0.0
C001371,62,female,false,false,government_6_to_12,never_married,false,false,agricultural_labourer,0.0,0.0
C001372,23,female,false,false,government_or_aided_tamil_medium_6_to_12,never_married,false,false,agricultural_labourer,0.0,0.0
C001373,59,male,false,false,government_6_to_12,married,false,false,inland_fishing,0.0,0.0
C001374,58,female,false,false,government_6_to_12,widow_remarrying,false,false,plantation_labourer,0.0,0.0
C001375,30,female,false,false,government_6_to_12,married,false,true,agricultural_labourer,0.0,0.0
C001376,51,female,false,false,other,widow,false,false,plantation_labourer,0.0,0.0
C001377,31,female,false,false,government_6_to_12,married,false,false,agricultural_labourer,0.0,0.0
C001378,52,female,false,false,government_6_to_12,widow,false,false,agricultural_labourer,0.0,0.0
C001379,53,male,false,false,other,widow,false,false,plantation_labourer,0.71,0.19
C001380,23,male,false,false,other,never_married,false,false,plantation_labourer,0.0,0.0
C001381,34,female,false,false,government_or_aided_tamil_medium_6_to_12,never_married,false,false,inland_fishing,0.0,0.0
C001382,37,female,false,false,government_or_aided_tamil_medium_6_to_12,never_married,false,false,agricultural_labourer,0.0,0.0
C001383,38,female,false,false,government_6_to_12,married,false,false,inland_fishing,0.0,0.0
C001384,35,transgender,false,false,other,married,false,true,agricultural_labourer,0.0,0.0
C001385,40,female,false,false,other,married,false,true,inland_fishing,0.0,0.0
C001386,45,female,false,false,government_or_aided_tamil_medium_6_to_12,married,false,false,inland_fishing,0.0,0.0
C001387,64,male,false,false,other,married,false,false,small_marginal_farmer,0.42,4.16
C001388,24,male,false,false,other,married,false,false,inland_fishing,0.91,1.31
C001389,18,male,false,false,government_or_aided_tamil_medium_6_to_12,married,false,false,agricultural_labourer,0.0,0.0
C001390,65,male,false,false,other,married,false,true,plantation_labourer,0.0,0.0
C001391,19,female,false,false,other,married,false,true,small_marginal_farmer,2.3,7.47
C001392,48,male,false,false,other,married,false,true,plantation_labourer,0.59,0.41
C001393,50,male,false,false,other,married,false,false,small_marginal_farmer,0.4,6.39
C001394,40,female,false,false,government_6_to_12,never_married,false,false,inland_fishing,0.0,0.0
C001395,64,male,false,false,government_6_to_12,married,false,false,agricultural_labourer,0.0,0.0
C001396,46,female,false,false,government_6_to_12,married,false,false,small_marginal_farmer,0.94,3.8
C001397,52,female,false,false,other,widow_remarrying,false,true,inland_fishing,0.0,0.0
C001398,40,male,false,false,government_or_aided_tamil_medium_6_to_12,never_married,false,false,agricultural_labourer,0.0,0.0
C001399,32,male,false,false,government_6_to_12,married,false,false,agricultural_labourer,0.0,0.0
C001400,24,female,false,false,government_6_to_12,widow,false,true,small_marginal_farmer,0.47,5.0
C001401,54,female,false,false,government_6_to_12,married,false,false,plantation_labourer,0.0,0.0
C001402,33,male,false,false,government_or_aided_tamil_medium_6_to_12,married,false,false,inland_fishing,0.0,0.0
C001403,39,female,false,false,government_or_aided_tamil_medium_6_to_12,married,false,true,inland_fishing,0.0,0.0
C001404,46,male,false,false,other,married,false,false,inland_fishing,0.0,0.0
C001405,37,male,false,false,government_or_aided_tamil_medium_6_to_12,never_married,false,false,inland_fishing,0.0,0.0
C001406,31,male,false,false,government_or_aided_tamil_medium_6_to_12,married,false,false,agricultural_labourer,0.0,0.0
C001407,35,female,false,false,government_6_to_12,married,false,true,inland_fishing,0.0,0.0
C001408,41,male,false,false,other,widow_remarrying,false,false,plantation_labourer,0.0,0.0
C001409,42,male,false,false,government_6_to_12,married,false,true,inland_fishing,0.0,0.0
C001410,36,male,false,false,government_6_to_12,married,false,false,small_marginal_farmer,0.53,3.53
C001411,28,female,false,false,other,widow,false,false,plantation_labourer,0.84,0.59
C001412,61,male,false,false,government_or_aided_tamil_medium_6_to_12,married,false,false,agricultural_labourer,0.0,0.0
C001413,49,male,false,false,other,married,false,true,agricultural_labourer,0.0,0.0
C001414,51,male,false,false,government_6_to_12,widow_remarrying,false,false,inland_fishing,0.4,0.97
C001415,42,female,false,false,other,married,false,true,plantation_labourer,0.0,0.0
C001416,37,male,false,false,government_6_to_12,married,false,false,plantation_labourer,0.0,0.0
C001417,60,male,false,false,other,married,false,false,agricultural_labourer,0.0,0.0
C001418,62,female,false,false,government_6_to_12,married,false,false,plantation_labourer,0.0,0.0
C001419,62,female,false,false,government_6_to_12,widow_remarrying,false,true,plantation_labourer,0.0,0.0
C001420,45,female,false,false,other,married,false,true,plantation_labourer,0.0,0.0
C001421,27,female,false,false,government_or_aided_tamil_medium_6_to_12,married,false,false,agricultural_labourer,0.0,0.0
C001422,24,female,false,false,government_6_to_12,never_married,false,true,plantation_labourer,0.0,0.0
C001423,36,male,false,false,other,married,false,false,inland_fishing,0.0,0.0
C001424,38,female,false,false,government_6_to_12,never_married,false,true,inland_fishing,0.0,0.0
C001425,42,male,false,false,other,widow,false,true,agricultural_labourer,0.0,0.0
C001426,32,male,false,false,other,married,false,false,agricultural_labourer,0.0,0.0
C001427,65,female,false,false,government_6_to_12,married,false,true,agricultural_labourer,0.79,0.88
C001428,49,female,false,false,government_6_to_12,never_married,false,false,plantation_labourer,0.0,0.0
C001429,61,male,false,false,government_6_to_12,married,false,false,plantation_labourer,0.0,0.0
C001430,54,female,false,false,government_or_aided_tamil_medium_6_to_12,widow,false,false,small_marginal_farmer,4.89,4.61
C001431,59,male,false,false,other,married,false,true,inland_fishing,0.0,0.0
C001432,37,male,false,false,government_6_to_12,married,false,false,inland_fishing,0.0,0.0
C001433,56,male,false,false,government_6_to_12,widow,false,false,small_marginal_farmer,0.52,3.88
C001434,42,male,false,false,government_or_aided_tamil_medium_6_to_12,married,false,false,agricultural_labourer,0.0,0.0
C001435,61,female,false,false,government_or_aided_tamil_medium_6_to_12,never_married,false,false,inland_fishing,0.0,0.0
C001436,36,female,false,false,government_6_to_12,married,false,false,agricultural_labourer,0.0,0.0
C001437,37,female,false,false,government_or_aided_tamil_medium_6_to_12,married,false,true,inland_fishing,0.0,0.0
C001438,23,male,false,false,other,never_married,false,true,plantation_labourer,0.0,0.0
C001439,33,male,false,false,government_6_to_12,married,false,false,agricultural_labourer,0.0,0.0
C001440,37,female,false,false,government_6_to_12,married,false,false,agricultural_labourer,0.0,0.0
C001441,47,male,false,false,government_or_aided_tamil_medium_6_to_12,married,false,false,agricultural_labourer,0.0,0.0
C001442,28,male,false,false,government_or_aided_tamil_medium_6_to_12,married,false,false,inland_fishing,0.0,0.0
C001443,59,male,false,false,government_or_aided_tamil_medium_6_to_12,widow,false,false,small_marginal_farmer,1.24,3.87
C001444,64,male,false,false,other,widow,false,false,agricultural_labourer,0.0,0.0
C001445,64,female,false,false,government_6_to_12,married,false,true,agricultural_labourer,0.0,0.0
C001446,46,female,false,false,other,married,false,false,agricultural_labourer,0.0,0.0
C001447,53,male,false,false,government_6_to_12,widow_remarrying,false,false,agricultural_labourer,0.0,0.0
C001448,50,male,false,false,government_6_to_12,widow,false,true,agricultural_labourer,0.92,0.62
C001449,50,female,false,false,other,widow,false,false,inland_fishing,0.0,0.0
C001450,46,female,false,false,other,widow_remarrying,false,false,agricultural_labourer,0.73,1.12
C001451,34,female,false,false,government_6_to_12,married,false,true,plantation_labourer,0.0,0.0
C001452,27,male,false,false,government_or_aided_tamil_medium_6_to_12,widow_remarrying,false,true,inland_fishing,0.0,0.0
C001453,61,male,false,false,other,widow_remarrying,false,false,agricultural_labourer,0.0,0.0
C001454,39,male,false,false,government_6_to_12,married,false,false,inland_fishing,0.0,0.0
C001455,29,female,false,false,government_6_to_12,married,false,false,inland_fishing,0.0,0.0
C001456,65,female,false,false,other,widow,false,false,agricultural_labourer,0.85,0.21
C001457,40,male,false,false,other,married,true,true,agricultural_labourer,0.0,0.0
C001458,42,male,false,false,government_6_to_12,married,false,false,inland_fishing,0.0,0.0
C001459,35,male,false,false,government_or_aided_tamil_medium_6_to_12,married,false,true,agricultural_labourer,0.0,0.0
C001460,25,male,false,false,government_or_aided_tamil_medium_6_to_12,widow_remarrying,false,false,inland_fishing,0.0,0.0
C001461,55,male,false,false,government_6_to_12,never_married,false,false,inland_fishing,0.0,0.0
C001462,64,female,false,false,government_6_to_12,married,false,false,agricultural_labourer,0.0,0.0
C001463,28,male,false,false,other,married,false,false,plantation_labourer,0.0,0.0
C001464,45,male,false,false,other,married,false,true,plantation_labourer,0.0,0.0
C001465,37,female,false,false,other,married,false,false,inland_fishing,0.0,0.0
C001466,39,female,false,false,government_or_aided_tamil_medium_6_to_12,widow,false,true,plantation_labourer,0.0,0.0
C001467,21,male,false,false,government_or_aided_tamil_medium_6_to_12,never_married,false,false,agricultural_labourer,0.0,0.0
C001468,49,female,false,false,other,married,false,true,agricultural_labourer,0.0,0.0
C001469,36,female,false,false,government_6_to_12,married,false,false,agricultural_labourer,0.64,0.56
C001470,58,male,false,false,government_6_to_12,widow_remarrying,false,false,inland_fishing,0.0,0.0
C001471,46,female,false,false,government_6_to_12,widow_remarrying,false,false,agricultural_labourer,0.0,0.0
C001472,23,male,false,false,other,never_married,false,false,small_marginal_farmer,3.74,3.45
C001473,59,male,false,false,other,married,false,false,inland_fishing,0.0,0.0
C001474,49,female,false,false,other,widow,false,false,inland_fishing,0.0,0.0
C001475,26,female,false,false,government_6_to_12,widow,false,false,plantation_labourer,0.0,0.0
C001476,27,female,false,false,government_6_to_12,married,false,false,inland_fishing,0.0,0.0
C001477,18,female,false,false,other,never_married,false,true,agricultural_labourer,0.0,0.0
C001478,36,male,false,false,government_6_to_12,never_married,false,false,inland_fishing,0.0,0.0
C001479,52,female,false,false,government_6_to_12,widow,false,false,inland_fishing,0.0,0.0
C001480,38,female,false,false,government_or_aided_tamil_medium_6_to_12,married,false,false,agricultural_labourer,0.0,0.0
C001481,50,male,false,false,other,widow,true,true,agricultural_labourer,0.0,0.0
C001482,52,male,false,false,government_6_to_12,married,false,true,agricultural_labourer,0.31,1.47
C001483,55,male,false,false,government_6_to_12,married,false,false,agricultural_labourer,0.0,0.0
C001484,23,male,false,false,government_or_aided_tamil_medium_6_to_12,never_married,false,false,small_marginal_farmer,4.93,4.29
C001485,24,female,false,false,government_or_aided_tamil_medium_6_to_12,never_married,false,false,inland_fishing,0.0,0.0
C001486,30,male,false,false,government_6_to_12,never_married,false,true,agricultural_labourer,0.0,0.0
C001487,46,female,false,false,government_or_aided_tamil_medium_6_to_12,widow,true,true,plantation_labourer,0.0,0.0
C001488,58,male,false,false,government_6_to_12,married,false,true,agricultural_labourer,0.57,1.22
C001489,64,male,false,false,government_6_to_12,married,false,false,inland_fishing,0.0,0.0
C001490,26,female,false,false,government_or_aided_tamil_medium_6_to_12,married,false,false,plantation_labourer,0.71,0.41
C001491,45,male,false,false,government_6_to_12,married,false,false,agricultural_labourer,0.0,0.0
C001492,46,female,false,false,government_6_to_12,married,false,false,agricultural_labourer,0.7,1.21
C001493,50,female,false,false,government_6_to_12,married,false,false,inland_fishing,0.79,1.47
C001494,25,female,false,false,government_or_aided_tamil_medium_6_to_12,married,false,true,inland_fishing,0.0,0.0
C001495,43,male,false,false,government_or_aided_tamil_medium_6_to_12,married,false,true,agricultural_labourer,0.0,0.0
C001496,35,transgender,false,false,government_6_to_12,widow,true,false,inland_fishing,0.0,0.0
C001497,18,male,false,false,government_or_aided_tamil_medium_6_to_12,never_married,false,false,inland_fishing,0.0,0.0
C001498,64,female,false,false,government_or_aided_tamil_medium_6_to_12,never_married,true,true,plantation_labourer,0.0,0.0
C001499,61,female,false,false,other,married,false,false,agricultural_labourer,0.0,0.0
C001500,33,female,false,false,government_6_to_12,never_married,false,true,agricultural_labourer,0.0,0.0
C001501,56,male,false,false,government_or_aided_tamil_medium_6_to_12,married,false,false,agricultural_labourer,0.0,0.0
C001502,62,female,false,false,other,married,false,false,agricultural_labourer,0.0,0.0
C001503,32,female,false,false,government_or_aided_tamil_medium_6_to_12,never_married,false,false,agricultural_labourer,0.0,0.0
C001504,22,female,false,false,government_6_to_12,never_married,false,false,agricultural_labourer,0.0,0.0
C001505,53,female,false,false,other,married,false,false,agricultural_labourer,0.4,1.13
C001506,58,male,false,false,other,never_married,false,false,agricultural_labourer,0.0,0.0
C001507,21,male,false,false,other,never_married,false,false,inland_fishing,0.0,0.0
C001508,39,female,false,false,other,married,false,false,plantation_labourer,0.67,1.36
C001509,44,female,false,false,government_6_to_12,married,false,false,agricultural_labourer,0.0,0.0
C001510,59,female,false,false,government_6_to_12,widow,false,false,plantation_labourer,0.88,0.16
C001511,56,female,false,false,government_6_to_12,married,false,false,plantation_labourer,0.0,0.0
C001512,33,male,false,false,government_6_to_12,widow_remarrying,false,false,agricultural_labourer,0.0,0.0
C001513,34,male,false,false,other,never_married,false,false,agricultural_labourer,0.0,0.0
C001514,45,female,false,false,government_6_to_12,widow,false,false,agricultural_labourer,0.0,0.0
C001515,41,male,false,false,government_6_to_12,married,false,true,agricultural_labourer,0.0,0.0
C001516,19,male,false,false,other,never_married,false,false,small_marginal_farmer,0.52,4.65
C001517,31,male,false,false,other,married,true,false,agricultural_labourer,0.0,0.0
C001518,21,male,false,false,government_or_aided_tamil_medium_6_to_12,never_married,false,true,inland_fishing,0.0,0.0
C001519,57,transgender,false,false,government_6_to_12,widow,false,false,agricultural_labourer,0.0,0.0
C001520,32,female,false,false,government_6_to_12,married,false,false,plantation_labourer,0.49,1.16
C001521,27,female,false,false,government_6_to_12,married,false,true,plantation_labourer,0.0,0.0
C001522,35,female,false,false,government_6_to_12,married,false,true,inland_fishing,0.48,1.26
C001523,28,female,false,false,government_6_to_12,married,false,true,plantation_labourer,0.0,0.0
C001524,27,female,false,false,government_or_aided_tamil_medium_6_to_12,married,false,true,small_marginal_farmer,2.15,1.21
C001525,49,male,false,false,other,married,true,false,inland_fishing,0.76,0.44
C001526,60,male,false,false,other,married,false,false,agricultural_labourer,0.0,0.0
C001527,18,female,false,false,government_6_to_12,never_married,false,false,inland_fishing,0.0,0.0
C001528,37,female,false,false,other,married,false,true,small_marginal_farmer,5.73,3.23
C001529,63,female,false,false,government_or_aided_tamil_medium_6_to_12,never_married,false,false,plantation_labourer,0.93,1.29
C001530,59,transgender,false,false,other,married,false,true,inland_fishing,0.0,0.0
C001531,27,female,false,false,government_or_aided_tamil_medium_6_to_12,married,false,false,inland_fishing,0.75,0.65
C001532,46,transgender,false,false,government_6_to_12,never_married,false,false,small_marginal_farmer,1.71,6.47
C001533,60,female,false,false,government_6_to_12,married,false,false,inland_fishing,0.0,0.0
C001534,40,transgender,false,false,government_6_to_12,married,false,true,plantation_labourer,0.0,0.0
C001535,37,male,false,false,other,married,true,false,small_marginal_farmer,4.34,4.65
C001536,50,male,false,false,government_6_to_12,married,false,true,agricultural_labourer,0.0,0.0
C001537,21,female,false,false,government_6_to_12,never_married,false,true,agricultural_labourer,0.0,0.0
C001538,52,male,false,false,government_6_to_12,married,false,false,inland_fishing,0.0,0.0
C001539,25,female,false,false,government_or_aided_tamil_medium_6_to_12,widow,false,true,agricultural_labourer,0.0,0.0
C001540,52,female,false,false,government_6_to_12,married,false,false,inland_fishing,0.0,0.0
C001541,34,female,false,false,government_6_to_12,married,false,true,small_marginal_farmer,1.97,2.6
C001542,33,female,false,false,government_or_aided_tamil_medium_6_to_12,widow,false,false,agricultural_labourer,0.68,0.17
C001543,60,male,false,false,government_6_to_12,never_married,false,true,agricultural_labourer,0.0,0.0
C001544,44,male,false,false,government_or_aided_tamil_medium_6_to_12,never_married,false,false,small_marginal_farmer,2.4,3.65
C001545,48,female,false,false,government_6_to_12,married,false,false,inland_fishing,0.0,0.0
C001546,18,male,false,false,other,never_married,false,false,plantation_labourer,0.0,0.0
C001547,31,female,false,false,government_6_to_12,married,false,false,plantation_labourer,0.0,0.0
C001548,33,female,false,false,other,married,false,true,small_marginal_farmer,1.55,6.39
C001549,34,female,false,false,other,married,false,false,plantation_labourer,0.43,0.33
C001550,58,male,false,false,government_or_aided_tamil_medium_6_to_12,widow,false,true,plantation_labourer,0.0,0.0
C001551,61,female,false,false,other,married,false,true,inland_fishing,0.0,0.0
C001552,33,transgender,false,false,government_or_aided_tamil_medium_6_to_12,married,false,false,agricultural_labourer,0.0,0.0
C001553,44,female,false,false,government_or_aided_tamil_medium_6_to_12,married,false,false,small_marginal_farmer,3.89,4.53
C001554,49,male,false,false,government_or_aided_tamil_medium_6_to_12,married,true,false,inland_fishing,0.0,0.0
C001555,63,male,false,false,government_6_to_12,widow,false,false,agricultural_labourer,0.0,0.0
C001556,43,female,false,false,government_6_to_12,married,false,false,agricultural_labourer,0.0,0.0
C001557,34,male,false,false,other,widow,false,false,agricultural_labourer,0.0,0.0
C001558,32,female,false,false,government_6_to_12,married,false,false,agricultural_labourer,0.39,0.24
C001559,50,male,false,false,government_6_to_12,widow,false,false,agricultural_labourer,0.0,0.0
C001560,44,female,false,false,government_or_aided_tamil_medium_6_to_12,married,false,false,inland_fishing,0.0,0.0
C001561,27,female,false,false,government_6_to_12,married,false,false,small_marginal_farmer,1.16,7.95
C001562,55,female,false,false,government_or_aided_tamil_medium_6_to_12,married,false,false,inland_fishing,0.0,0.0
C001563,34,transgender,false,false,government_6_to_12,never_married,false,false,inland_fishing,0.0,0.0
C001564,48,female,false,false,other,widow_remarrying,false,false,small_marginal_farmer,1.48,7.04
C001565,43,male,false,false,government_or_aided_tamil_medium_6_to_12,married,false,false,inland_fishing,0.0,0.0
C001566,19,male,false,false,government_or_aided_tamil_medium_6_to_12,married,false,false,inland_fishing,0.0,0.0
C001567,29,male,false,false,government_6_to_12,married,false,false,inland_fishing,0.0,0.0
C001568,61,female,false,false,government_6_to_12,never_married,true,true,small_marginal_farmer,0.75,0.47
C001569,56,male,false,false,government_6_to_12,married,false,false,inland_fishing,0.36,1.15
C001570,41,female,false,false,other,married,false,true,agricultural_labourer,0.0,0.0
C001571,32,male,false,false,government_or_aided_tamil_medium_6_to_12,married,false,false,inland_fishing,0.81,0.66
C001572,33,male,false,false,government_or_aided_tamil_medium_6_to_12,married,false,false,plantation_labourer,0.0,0.0
C001573,50,transgender,false,false,government_or_aided_tamil_medium_6_to_12,never_married,false,false,agricultural_labourer,0.0,0.0
C001574,62,female,false,false,government_or_aided_tamil_medium_6_to_12,married,false,true,inland_fishing,0.0,0.0
C001575,64,male,false,false,other,married,false,false,inland_fishing,0.0,0.0
C001576,32,female,false,false,government_6_to_12,never_married,false,false,small_marginal_farmer,0.22,5.61
C001577,19,female,false,false,other,never_married,false,false,agricultural_labourer,0.0,0.0
C001578,55,female,false,false,other,married,false,false,inland_fishing,0.0,0.0
C001579,27,male,false,false,government_or_aided_tamil_medium_6_to_12,married,false,false,agricultural_labourer,0.78,0.22
C001580,45,female,false,false,other,never_married,false,false,small_marginal_farmer,1.09,1.55
C001581,63,female,false,false,government_6_to_12,widow_remarrying,false,false,agricultural_labourer,0.0,0.0
C001582,31,male,false,false,government_6_to_12,never_married,false,false,plantation_labourer,0.95,0.96
C001583,64,female,false,false,government_6_to_12,married,false,false,small_marginal_farmer,0.87,7.23
C001584,43,male,false,false,government_6_to_12,married,false,false,agricultural_labourer,0.0,0.0
C001585,51,female,false,false,government_or_aided_tamil_medium_6_to_12,married,false,false,agricultural_labourer,0.0,0.0
C001586,20,female,false,false,government_or_aided_tamil_medium_6_to_12,never_married,false,false,agricultural_labourer,0.86,0.23
C001587,40,male,false,false,other,never_married,false,false,inland_fishing,0.0,0.0
C001588,61,male,false,false,government_6_to_12,never_married,false,false,inland_fishing,0.0,0.0
C001589,51,female,false,false,government_6_to_12,widow,false,false,inland_fishing,0.0,0.0
C001590,22,male,false,false,government_6_to_12,never_married,false,false,inland_fishing,0.0,0.0
C001591,54,female,false,false,government_6_to_12,widow,false,false,agricultural_labourer,0.7,0.5
C001592,19,female,false,false,government_or_aided_tamil_medium_6_to_12,never_married,false,false,agricultural_labourer,0.0,0.0
C001593,42,female,false,false,other,married,false,false,inland_fishing,0.91,0.47
C001594,36,female,false,false,other,married,false,true,inland_fishing,0.0,0.0
C001595,59,female,false,false,government_6_to_12,married,false,false,agricultural_labourer,0.0,0.0
C001596,49,female,false,false,government_6_to_12,married,false,false,small_marginal_farmer,5.84,0.62
C001597,18,female,false,false,government_6_to_12,never_married,false,false,agricultural_labourer,0.0,0.0
C001598,19,female,false,false,government_6_to_12,never_married,false,false,inland_fishing,0.0,0.0
C001599,46,male,false,false,government_6_to_12,widow_remarrying,false,true,inland_fishing,0.0,0.0
C001600,32,female,false,false,government_6_to_12,married,false,false,inland_fishing,0.0,0.0
C001601,28,female,false,false,other,married,false,true,agricultural_labourer,0.0,0.0
C001602,58,male,false,false,government_6_to_12,widow,false,false,inland_fishing,0.0,0.0
C001603,29,female,false,false,government_or_aided_tamil_medium_6_to_12,married,false,false,inland_fishing,0.0,0.0
C001604,59,female,false,false,other,widow,false,false,agricultural_labourer,0.0,0.0
C001605,65,male,false,false,government_or_aided_tamil_medium_6_to_12,widow,false,true,plantation_labourer,0.32,1.34
C001606,27,male,false,false,government_6_to_12,never_married,false,false,agricultural_labourer,0.81,0.35
C001607,61,male,false,false,government_or_aided_tamil_medium_6_to_12,widow_remarrying,false,false,inland_fishing,0.0,0.0
C001608,25,male,false,false,government_6_to_12,married,false,false,agricultural_labourer,0.0,0.0
C001609,58,male,false,false,government_or_aided_tamil_medium_6_to_12,married,false,false,plantation_labourer,0.0,0.0
C001610,21,male,false,false,government_6_to_12,never_married,false,false,agricultural_labourer,0.0,0.0
C001611,38,female,false,false,government_or_aided_tamil_medium_6_to_12,married,true,false,agricultural_labourer,0.0,0.0
C001612,23,female,false,false,government_6_to_12,never_married,false,false,plantation_labourer,0.0,0.0
C001613,32,male,false,false,government_6_to_12,widow_remarrying,false,false,inland_fishing,0.0,0.0
C001614,35,female,false,false,other,married,false,false,inland_fishing,0.0,0.0
C001615,36,male,false,false,other,married,false,false,agricultural_labourer,0.46,1.45
C001616,25,female,false,false,government_6_to_12,married,false,false,small_marginal_farmer,1.05,2.89
C001617,43,male,false,false,government_6_to_12,married,false,false,small_marginal_farmer,0.57,4.45
C001618,57,female,false,false,government_6_to_12,married,false,true,small_marginal_farmer,1.44,0.18
C001619,42,female,false,false,government_or_aided_tamil_medium_6_to_12,married,false,true,small_marginal_farmer,0.87,7.66
C001620,25,male,false,false,government_6_to_12,never_married,false,true,small_marginal_farmer,2.27,6.67
C001621,37,female,false,false,government_6_to_12,married,false,false,inland_fishing,0.0,0.0
C001622,53,female,false,false,other,never_married,false,false,small_marginal_farmer,5.37,1.82
C001623,62,male,false,false,other,widow_remarrying,false,false,inland_fishing,0.0,0.0
C001624,55,male,false,false,government_6_to_12,never_married,false,false,small_marginal_farmer,0.79,2.76
C001625,48,female,false,false,other,married,false,false,agricultural_labourer,0.0,0.0
C001626,59,female,false,false,government_or_aided_tamil_medium_6_to_12,widow,false,false,small_marginal_farmer,4.88,3.42
C001627,34,female,false,false,government_or_aided_tamil_medium_6_to_12,never_married,false,false,agricultural_labourer,0.0,0.0
C001628,51,female,false,false,other,married,false,false,agricultural_labourer,0.0,0.0
C001629,53,male,false,false,government_6_to_12,married,false,false,agricultural_labourer,0.0,0.0
C001630,61,female,false,false,other,widow,false,false,agricultural_labourer,0.53,1.31
C001631,27,female,false,false,other,married,true,true,agricultural_labourer,0.0,0.0
C001632,55,male,false,false,government_6_to_12,never_married,false,true,agricultural_labourer,0.0,0.0
C001633,22,male,false,false,other,married,false,false,agricultural_labourer,0.7,0.89
C001634,32,male,false,false,other,never_married,false,false,inland_fishing,0.97,1.2
C001635,32,male,false,false,government_6_to_12,married,false,false,inland_fishing,0.0,0.0
C001636,63,female,false,false,government_or_aided_tamil_medium_6_to_12,widow,false,false,plantation_labourer,0.82,0.89
C001637,64,female,false,false,government_6_to_12,married,true,false,inland_fishing,0.0,0.0
C001638,55,female,false,false,government_6_to_12,widow,false,false,small_marginal_farmer,1.79,7.65
C001639,61,male,false,false,other,married,true,false,inland_fishing,0.0,0.0
C001640,41,female,false,false,government_6_to_12,married,false,false,inland_fishing,0.0,0.0
C001641,47,male,false,false,government_or_aided_tamil_medium_6_to_12,married,false,true,inland_fishing,0.0,0.0
C001642,63,male,false,false,government_6_to_12,widow,false,false,agricultural_labourer,0.33,0.49
C001643,49,male,false,false,government_or_aided_tamil_medium_6_to_12,married,false,true,inland_fishing,0.77,1.26
C001644,59,female,false,false,other,widow,false,false,agricultural_labourer,0.0,0.0
C001645,53,female,false,false,other,widow,false,false,agricultural_labourer,0.0,0.0
C001646,18,female,false,false,other,never_married,false,true,plantation_labourer,0.0,0.0
C001647,61,female,false,false,government_or_aided_tamil_medium_6_to_12,widow,true,false,agricultural_labourer,0.0,0.0
C001648,48,male,false,false,government_6_to_12,married,false,true,agricultural_labourer,0.0,0.0
C001649,26,female,false,false,other,married,false,false,plantation_labourer,0.26,0.23
C001650,62,male,false,false,other,married,false,false,small_marginal_farmer,2.9,1.76
C001651,62,male,false,false,government_or_aided_tamil_medium_6_to_12,widow,false,false,agricultural_labourer,0.51,1.23
C001652,52,male,false,false,government_6_to_12,married,false,true,plantation_labourer,0.0,0.0
C001653,24,female,false,false,other,never_married,false,false,agricultural_labourer,0.0,0.0
C001654,22,female,false,false,government_6_to_12,never_married,false,false,agricultural_labourer,0.0,0.0
C001655,23,male,false,false,government_6_to_12,never_married,false,true,agricultural_labourer,0.0,0.0
C001656,54,male,false,false,government_6_to_12,widow,false,false,inland_fishing,0.0,0.0
C001657,23,female,false,false,other,never_married,false,false,plantation_labourer,0.0,0.0
C001658,37,transgender,false,false,government_6_to_12,widow,false,false,agricultural_labourer,0.0,0.0
C001659,51,female,false,false,government_or_aided_tamil_medium_6_to_12,widow,false,false,agricultural_labourer,0.0,0.0
C001660,55,female,false,false,government_6_to_12,widow,false,true,inland_fishing,0.46,0.17
C001661,61,male,false,false,government_6_to_12,widow,false,true,small_marginal_farmer,5.97,3.75
C001662,41,male,false,false,other,never_married,false,false,agricultural_labourer,0.0,0.0
C001663,21,male,false,false,government_6_to_12,never_married,false,false,inland_fishing,0.64,1.33
C001664,57,female,false,false,government_6_to_12,widow_remarrying,false,false,agricultural_labourer,0.0,0.0
C001665,19,female,false,false,government_6_to_12,married,false,false,agricultural_labourer,0.0,0.0
C001666,48,female,false,false,government_or_aided_tamil_medium_6_to_12,widow,false,false,agricultural_labourer,0.0,0.0
C001667,58,female,false,false,government_6_to_12,widow_remarrying,false,false,plantation_labourer,0.0,0.0
C001668,21,male,false,false,other,never_married,false,false,small_marginal_farmer,5.04,1.39
C001669,33,male,false,false,other,married,false,false,agricultural_labourer,0.21,0.45
C001670,37,male,false,false,government_or_aided_tamil_medium_6_to_12,married,false,false,plantation_labourer,0.0,0.0
C001671,59,male,false,false,government_6_to_12,widow_remarrying,false,false,inland_fishing,0.0,0.0
C001672,65,female,false,false,government_6_to_12,married,false,false,agricultural_labourer,0.0,0.0
C001673,49,male,false,false,government_or_aided_tamil_medium_6_to_12,married,false,false,agricultural_labourer,0.0,0.0
C001674,42,female,false,false,other,married,false,false,agricultural_labourer,0.0,0.0
C001675,38,female,false,false,government_6_to_12,married,false,true,agricultural_labourer,0.0,0.0
C001676,37,female,false,false,other,married,false,false,agricultural_labourer,0.0,0.0
C001677,63,female,false,false,other,married,false,false,inland_fishing,0.0,0.0
C001678,51,male,false,false,government_6_to_12,widow_remarrying,false,true,small_marginal_farmer,1.74,1.97
C001679,33,female,false,false,government_6_to_12,never_married,false,true,small_marginal_farmer,0.82,1.03
C001680,48,female,false,false,other,married,false,false,plantation_labourer,0.0,0.0
C001681,22,female,false,false,other,never_married,false,true,inland_fishing,0.57,0.27
C001682,61,female,false,false,government_6_to_12,married,false,false,agricultural_labourer,0.0,0.0
C001683,32,transgender,false,false,other,never_married,false,false,plantation_labourer,0.23,0.57
C001684,31,female,false,false,other,married,false,true,inland_fishing,0.0,0.0
C001685,36,male,false,false,other,married,false,false,inland_fishing,0.0,0.0
C001686,38,male,false,false,other,never_married,false,false,small_marginal_farmer,0.77,6.73
C001687,65,female,false,false,government_or_aided_tamil_medium_6_to_12,never_married,false,true,small_marginal_farmer,3.86,3.64
C001688,42,male,false,false,government_or_aided_tamil_medium_6_to_12,never_married,false,false,inland_fishing,0.0,0.0
C001689,24,male,false,false,other,married,false,true,inland_fishing,0.0,0.0
C001690,26,male,false,false,government_or_aided_tamil_medium_6_to_12,married,false,false,agricultural_labourer,0.0,0.0
C001691,42,transgender,false,false,other,married,false,true,agricultural_labourer,0.12,0.84
C001692,58,female,false,false,government_or_aided_tamil_medium_6_to_12,married,false,false,inland_fishing,0.0,0.0
C001693,64,male,false,false,other,married,false,false,agricultural_labourer,0.0,0.0
C001694,60,female,false,false,government_6_to_12,widow_remarrying,false,false,inland_fishing,0.0,0.0
C001695,32,male,false,false,government_or_aided_tamil_medium_6_to_12,married,false,false,agricultural_labourer,0.0,0.0
C001696,58,male,false,false,government_6_to_12,married,false,false,agricultural_labourer,0.0,0.0
C001697,19,male,false,false,other,never_married,false,false,agricultural_labourer,0.0,0.0
C001698,64,female,false,false,other,never_married,false,false,small_marginal_farmer,1.35,5.88
C001699,51,female,false,false,other,widow,false,true,agricultural_labourer,0.29,1.06
C001700,40,male,false,false,other,married,false,false,agricultural_labourer,0.0,0.0
C001701,61,female,false,false,government_or_aided_tamil_medium_6_to_12,widow,false,true,plantation_labourer,0.0,0.0
C001702,49,male,false,false,government_or_aided_tamil_medium_6_to_12,married,false,true,inland_fishing,0.0,0.0
C001703,38,male,false,false,government_6_to_12,married,false,true,agricultural_labourer,0.0,0.0
C001704,40,male,false,false,other,never_married,false,true,agricultural_labourer,0.0,0.0
C001705,50,female,false,false,government_or_aided_tamil_medium_6_to_12,never_married,false,false,agricultural_labourer,0.0,0.0
C001706,56,female,false,false,government_6_to_12,widow_remarrying,false,true,agricultural_labourer,0.0,0.0
C001707,30,female,false,false,government_or_aided_tamil_medium_6_to_12,married,false,false,small_marginal_farmer,0.67,1.8
C001708,63,male,false,false,other,married,false,false,agricultural_labourer,0.0,0.0
C001709,29,female,false,false,other,married,false,false,agricultural_labourer,0.0,0.0
C001710,58,male,false,false,government_6_to_12,married,false,true,inland_fishing,0.0,0.0
C001711,39,transgender,false,false,government_6_to_12,married,false,false,inland_fishing,0.0,0.0
C001712,46,male,false,false,other,married,true,false,agricultural_labourer,0.0,0.0
C001713,62,male,false,false,other,married,false,false,inland_fishing,0.0,0.0
C001714,41,male,false,false,other,married,false,false,agricultural_labourer,0.0,0.0
C001715,50,female,false,false,other,married,false,false,agricultural_labourer,0.14,1.46
C001716,32,female,false,false,government_6_to_12,married,false,false,inland_fishing,0.0,0.0
C001717,59,transgender,false,false,other,widow,false,false,inland_fishing,0.0,0.0
C001718,22,male,false,false,other,married,false,true,inland_fishing,0.0,0.0
C001719,60,transgender,false,false,other,widow,false,false,small_marginal_farmer,0.34,2.65
C001720,31,female,false,false,government_or_aided_tamil_medium_6_to_12,widow,false,false,agricultural_labourer,0.0,0.0
C001721,61,female,false,false,other,married,false,false,plantation_labourer,0.0,0.0
C001722,50,female,false,false,other,never_married,false,false,plantation_labourer,0.92,0.56
C001723,22,female,false,false,government_or_aided_tamil_medium_6_to_12,never_married,false,false,small_marginal_farmer,1.09,2.42
C001724,20,female,false,false,other,never_married,false,false,plantation_labourer,0.0,0.0
C001725,30,male,false,false,other,married,false,true,inland_fishing,0.0,0.0
C001726,39,female,false,false,other,married,false,true,inland_fishing,0.0,0.0
C001727,51,transgender,false,false,government_6_to_12,widow,false,true,inland_fishing,0.0,0.0
C001728,45,male,false,false,other,married,false,true,agricultural_labourer,0.0,0.0
C001729,22,female,false,false,government_6_to_12,never_married,false,true,agricultural_labourer,0.0,0.0
C001730,35,male,false,false,other,married,false,false,inland_fishing,0.0,0.0
C001731,26,male,false,false,government_6_to_12,married,false,true,agricultural_labourer,0.0,0.0
C001732,40,female,false,false,other,never_married,false,false,agricultural_labourer,0.0,0.0
C001733,31,female,false,false,other,never_married,false,false,plantation_labourer,0.0,0.0
C001734,36,male,false,false,government_6_to_12,married,false,false,agricultural_labourer,0.0,0.0
C001735,30,male,false,false,government_6_to_12,married,false,false,inland_fishing,0.88,1.29
C001736,62,male,false,false,government_6_to_12,married,false,false,agricultural_labourer,0.0,0.0
C001737,53,male,false,false,other,widow_remarrying,false,false,agricultural_labourer,0.49,0.93
C001738,22,female,false,false,other,never_married,false,false,agricultural_labourer,0.0,0.0
C001739,37,transgender,false,false,other,married,false,false,small_marginal_farmer,4.77,1.37
C001740,42,male,false,false,government_or_aided_tamil_medium_6_to_12,married,false,false,agricultural_labourer,0.0,0.0
C001741,52,male,false,false,government_6_to_12,never_married,false,false,inland_fishing,0.0,0.0
C001742,34,male,false,false,other,widow,false,false,small_marginal_farmer,2.47,7.57
C001743,25,female,false,false,government_or_aided_tamil_medium_6_to_12,married,false,false,inland_fishing,0.0,0.0
C001744,63,female,false,false,other,never_married,false,false,plantation_labourer,0.0,0.0
C001745,62,female,false,false,other,never_married,false,true,inland_fishing,0.0,0.0
C001746,55,female,false,false,other,married,false,true,inland_fishing,0.0,0.0
C001747,27,female,false,false,other,married,false,false,agricultural_labourer,0.0,0.0
C001748,57,male,false,false,government_6_to_12,widow,false,false,agricultural_labourer,0.0,0.0
C001749,63,male,false,false,other,widow,false,false,agricultural_labourer,0.0,0.0
C001750,42,female,false,false,other,married,false,false,agricultural_labourer,0.0,0.0
C001751,53,male,false,false,other,married,false,false,small_marginal_farmer,1.85,4.25
C001752,44,male,false,false,government_6_to_12,married,false,true,agricultural_labourer,0.0,0.0
C001753,25,male,false,false,government_or_aided_tamil_medium_6_to_12,married,false,false,agricultural_labourer,0.0,0.0
C001754,40,female,false,false,government_6_to_12,married,false,false,small_marginal_farmer,2.45,1.55
C001755,60,male,false,false,government_6_to_12,widow,false,false,inland_fishing,0.0,0.0
C001756,47,female,false,false,other,never_married,false,false,small_marginal_farmer,5.68,4.15
C001757,53,female,false,false,other,married,false,true,agricultural_labourer,0.79,1.3
C001758,53,male,false,false,other,married,false,true,small_marginal_farmer,3.6,3.95
C001759,28,female,false,false,other,married,false,false,plantation_labourer,0.0,0.0
C001760,18,male,false,false,government_6_to_12,never_married,false,false,inland_fishing,0.0,0.0
C001761,62,female,false,false,government_6_to_12,married,false,false,agricultural_labourer,0.0,0.0
C001762,46,male,false,false,government_6_to_12,married,false,true,inland_fishing,0.0,0.0
C001763,51,male,false,false,other,widow_remarrying,true,true,small_marginal_farmer,1.85,4.82
C001764,29,male,false,false,other,married,false,false,plantation_labourer,0.0,0.0
C001765,37,female,false,false,other,married,false,false,inland_fishing,0.24,0.16
C001766,36,male,false,false,government_or_aided_tamil_medium_6_to_12,married,false,false,agricultural_labourer,0.0,0.0
C001767,26,male,false,false,other,widow,false,false,agricultural_labourer,0.0,0.0
C001768,24,transgender,false,false,other,married,false,true,inland_fishing,0.0,0.0
C001769,36,male,false,false,government_or_aided_tamil_medium_6_to_12,married,false,true,agricultural_labourer,0.0,0.0
C001770,24,male,false,false,government_or_aided_tamil_medium_6_to_12,never_married,false,false,inland_fishing,0.0,0.0
C001771,41,female,false,false,government_6_to_12,widow,false,false,plantation_labourer,0.0,0.0
C001772,24,female,false,false,other,never_married,false,false,agricultural_labourer,0.0,0.0
C001773,26,female,false,false,other,married,false,false,small_marginal_farmer,2.26,1.77
C001774,51,female,false,false,government_6_to_12,married,false,true,inland_fishing,0.0,0.0
C001775,61,female,false,false,government_or_aided_tamil_medium_6_to_12,widow,false,true,inland_fishing,0.0,0.0
C001776,52,female,false,false,government_6_to_12,widow,false,true,plantation_labourer,0.0,0.0
C001777,20,male,false,false,government_6_to_12,never_married,false,false,agricultural_labourer,0.84,0.99
C001778,48,female,false,false,government_6_to_12,married,false,false,agricultural_labourer,0.0,0.0
C001779,50,female,false,false,government_or_aided_tamil_medium_6_to_12,widow_remarrying,false,false,inland_fishing,0.0,0.0
C001780,24,female,false,false,government_6_to_12,never_married,false,false,inland_fishing,0.0,0.0
C001781,28,male,false,false,other,married,false,true,agricultural_labourer,0.0,0.0
C001782,63,male,false,false,government_6_to_12,married,false,false,agricultural_labourer,0.0,0.0
C001783,54,male,false,false,other,widow_remarrying,false,false,agricultural_labourer,0.0,0.0
C001784,32,female,false,false,government_6_to_12,widow,false,true,plantation_labourer,0.0,0.0
C001785,61,male,false,false,government_or_aided_tamil_medium_6_to_12,married,false,false,small_marginal_farmer,2.23,0.37
C001786,22,male,false,false,government_or_aided_tamil_medium_6_to_12,never_married,false,false,small_marginal_farmer,2.74,4.1
C001787,28,male,false,false,other,married,false,false,agricultural_labourer,0.0,0.0
C001788,46,female,false,false,government_6_to_12,married,false,false,agricultural_labourer,0.2,0.82
C001789,56,male,false,false,other,widow_remarrying,false,false,inland_fishing,0.49,0.7
C001790,55,female,false,false,government_6_to_12,married,false,false,agricultural_labourer,0.0,0.0
C001791,60,female,false,false,government_6_to_12,married,false,false,inland_fishing,0.0,0.0
C001792,21,female,false,false,other,married,false,false,agricultural_labourer,0.0,0.0
C001793,32,female,false,false,government_6_to_12,married,false,true,agricultural_labourer,0.48,1.26
C001794,31,female,false,false,government_6_to_12,never_married,false,false,small_marginal_farmer,0.69,7.04
C001795,18,female,false,false,other,never_married,true,false,plantation_labourer,0.0,0.0
C001796,46,female,false,false,other,never_married,false,false,agricultural_labourer,0.0,0.0
C001797,32,male,false,false,government_6_to_12,married,false,true,agricultural_labourer,0.0,0.0
C001798,63,male,false,false,other,married,false,false,plantation_labourer,0.0,0.0
C001799,40,female,false,false,government_or_aided_tamil_medium_6_to_12,married,false,false,agricultural_labourer,0.0,0.0
C001800,52,male,false,false,other,widow,false,false,inland_fishing,0.0,0.0
C001801,42,male,false,false,government_or_aided_tamil_medium_6_to_12,married,false,false,agricultural_labourer,0.0,0.0
C001802,58,female,false,false,other,widow_remarrying,false,true,small_marginal_farmer,2.27,4.93
C001803,28,female,false,false,government_or_aided_tamil_medium_6_to_12,married,false,false,agricultural_labourer,0.0,0.0
C001804,55,female,false,false,government_6_to_12,married,false,false,inland_fishing,0.67,0.6
C001805,41,female,false,false,other,married,false,false,inland_fishing,0.0,0.0
C001806,32,male,false,false,other,married,false,false,agricultural_labourer,0.0,0.0
C001807,25,female,false,false,government_or_aided_tamil_medium_6_to_12,widow,false,true,inland_fishing,0.0,0.0
C001808,48,male,false,false,government_6_to_12,never_married,false,false,small_marginal_farmer,1.45,7.59
C001809,65,female,false,false,government_6_to_12,married,false,true,agricultural_labourer,0.0,0.0
C001810,32,male,false,false,other,widow_remarrying,false,false,agricultural_labourer,0.0,0.0
C001811,30,female,false,false,other,married,false,false,inland_fishing,0.0,0.0
C001812,39,male,false,false,other,married,false,false,small_marginal_farmer,0.8,1.52
C001813,31,male,false,false,other,married,false,false,agricultural_labourer,0.0,0.0
C001814,21,female,false,false,other,never_married,false,false,inland_fishing,0.69,1.4
C001815,38,female,false,false,other,never_married,false,true,plantation_labourer,0.0,0.0
C001816,19,male,false,false,government_6_to_12,never_married,false,false,small_marginal_farmer,1.84,7.67
C001817,18,female,false,false,government_6_to_12,never_married,false,false,plantation_labourer,0.21,1.16
C001818,44,male,false,false,government_or_aided_tamil_medium_6_to_12,never_married,false,true,agricultural_labourer,0.0,0.0
C001819,52,transgender,false,false,government_6_to_12,married,false,false,small_marginal_farmer,2.07,3.12
C001820,46,female,false,false,government_or_aided_tamil_medium_6_to_12,married,true,false,plantation_labourer,0.0,0.0
C001821,65,transgender,false,false,government_6_to_12,never_married,false,false,plantation_labourer,0.0,0.0
C001822,32,male,false,false,other,married,false,false,agricultural_labourer,0.0,0.0
C001823,32,female,false,false,government_or_aided_tamil_medium_6_to_12,widow,false,true,plantation_labourer,0.53,0.93
C001824,46,male,false,false,other,married,false,false,inland_fishing,0.0,0.0
C001825,47,female,false,false,other,married,false,true,agricultural_labourer,0.0,0.0
C001826,64,male,false,false,government_or_aided_tamil_medium_6_to_12,married,false,true,small_marginal_farmer,2.49,3.02
C001827,36,male,false,false,government_6_to_12,married,false,true,inland_fishing,0.0,0.0
C001828,31,female,false,false,government_or_aided_tamil_medium_6_to_12,married,false,false,agricultural_labourer,0.0,0.0
C001829,26,male,false,false,government_or_aided_tamil_medium_6_to_12,married,false,false,inland_fishing,0.0,0.0
C001830,24,female,false,false,government_6_to_12,never_married,false,true,inland_fishing,0.0,0.0
C001831,45,female,false,false,other,married,false,true,small_marginal_farmer,4.82,0.31
C001832,40,female,false,false,other,never_married,false,true,agricultural_labourer,0.0,0.0
C001833,18,female,false,false,government_or_aided_tamil_medium_6_to_12,never_married,false,false,inland_fishing,0.0,0.0
C001834,53,male,false,false,government_or_aided_tamil_medium_6_to_12,widow_remarrying,false,false,agricultural_labourer,0.0,0.0
C001835,42,male,false,false,government_6_to_12,married,false,false,inland_fishing,0.0,0.0
C001836,64,male,false,false,government_6_to_12,widow_remarrying,false,false,inland_fishing,0.0,0.0
C001837,39,male,false,false,other,widow_remarrying,false,true,agricultural_labourer,0.0,0.0
C001838,65,female,false,false,government_6_to_12,widow,false,true,inland_fishing,0.0,0.0
C001839,37,female,false,false,other,married,false,false,agricultural_labourer,0.0,0.0
C001840,64,male,false,false,other,widow_remarrying,false,false,inland_fishing,0.0,0.0
C001841,39,female,false,false,other,married,false,true,agricultural_labourer,0.0,0.0
C001842,34,female,false,false,government_or_aided_tamil_medium_6_to_12,married,false,true,agricultural_labourer,0.0,0.0
C001843,42,male,false,false,government_6_to_12,married,false,false,inland_fishing,0.0,0.0
C001844,54,male,false,false,government_or_aided_tamil_medium_6_to_12,widow_remarrying,false,false,small_marginal_farmer,1.52,1.33
C001845,28,male,false,false,other,never_married,false,false,plantation_labourer,0.0,0.0
C001846,50,male,false,false,government_6_to_12,widow_remarrying,false,true,small_marginal_farmer,1.48,5.91
C001847,63,male,false,false,other,married,false,false,small_marginal_farmer,5.54,4.01
C001848,25,female,false,false,government_or_aided_tamil_medium_6_to_12,married,false,false,inland_fishing,0.85,0.99
C001849,24,male,false,false,government_or_aided_tamil_medium_6_to_12,never_married,false,false,agricultural_labourer,0.0,0.0
C001850,45,male,false,false,government_or_aided_tamil_medium_6_to_12,married,false,false,agricultural_labourer,0.0,0.0
C001851,34,male,false,false,government_6_to_12,married,true,true,inland_fishing,0.0,0.0
C001852,46,female,false,false,government_6_to_12,married,false,true,small_marginal_farmer,1.55,0.28
C001853,65,male,false,false,other,married,false,false,inland_fishing,0.0,0.0
C001854,48,male,false,false,government_6_to_12,married,true,false,agricultural_labourer,0.41,0.38
C001855,59,male,false,false,government_or_aided_tamil_medium_6_to_12,married,false,false,small_marginal_farmer,5.95,2.47
C001856,20,female,false,false,government_6_to_12,never_married,false,false,agricultural_labourer,0.0,0.0
C001857,53,female,false,false,government_or_aided_tamil_medium_6_to_12,widow,false,false,agricultural_labourer,0.19,1.06
C001858,25,female,false,false,government_6_to_12,married,false,false,agricultural_labourer,0.0,0.0
C001859,54,male,false,false,government_6_to_12,widow_remarrying,false,false,small_marginal_farmer,2.1,2.39
C001860,59,male,false,false,government_6_to_12,widow,false,true,agricultural_labourer,0.0,0.0
C001861,21,male,false,false,government_or_aided_tamil_medium_6_to_12,never_married,false,false,agricultural_labourer,0.0,0.0
C001862,49,male,false,false,other,never_married,false,false,agricultural_labourer,0.0,0.0
C001863,37,female,false,false,other,married,false,false,agricultural_labourer,0.17,1.01
C001864,19,female,false,false,government_6_to_12,married,false,true,small_marginal_farmer,5.99,1.1
C001865,57,male,false,false,other,married,false,true,plantation_labourer,0.0,0.0
C001866,36,female,false,false,government_or_aided_tamil_medium_6_to_12,married,false,true,inland_fishing,0.0,0.0
C001867,55,female,false,false,government_6_to_12,married,false,false,small_marginal_farmer,0.81,0.4
C001868,64,male,false,false,government_or_aided_tamil_medium_6_to_12,widow,false,false,plantation_labourer,0.0,0.0
C001869,33,male,false,false,other,widow,false,true,agricultural_labourer,1.0,1.24
C001870,53,female,false,false,government_or_aided_tamil_medium_6_to_12,widow,false,false,inland_fishing,0.12,0.85
C001871,21,female,false,false,other,never_married,false,true,inland_fishing,0.0,0.0
C001872,52,male,false,false,other,never_married,false,false,inland_fishing,0.0,0.0
C001873,44,transgender,false,false,government_or_aided_tamil_medium_6_to_12,never_married,false,true,small_marginal_farmer,3.56,1.02
C001874,33,male,false,false,other,married,false,false,small_marginal_farmer,4.61,3.08
C001875,34,female,false,false,government_or_aided_tamil_medium_6_to_12,married,false,false,agricultural_labourer,0.0,0.0
C001876,36,female,false,false,government_6_to_12,married,false,false,plantation_labourer,0.0,0.0
C001877,45,transgender,false,false,other,widow_remarrying,false,false,agricultural_labourer,0.0,0.0
C001878,38,male,false,false,government_6_to_12,never_married,false,false,agricultural_labourer,0.0,0.0
C001879,36,female,false,false,other,widow,false,false,agricultural_labourer,0.0,0.0
C001880,42,female,false,false,other,married,false,false,agricultural_labourer,0.98,0.13
C001881,47,male,false,false,government_6_to_12,married,false,false,inland_fishing,0.0,0.0
C001882,42,male,false,false,government_6_to_12,married,false,true,small_marginal_farmer,1.98,6.65
C001883,43,male,false,false,government_6_to_12,married,false,false,inland_fishing,0.0,0.0
C001884,36,female,false,false,government_6_to_12,married,false,true,small_marginal_farmer,3.04,3.71
C001885,50,female,false,false,other,married,false,false,agricultural_labourer,0.62,0.17
C001886,33,male,false,false,other,married,false,false,inland_fishing,0.0,0.0
C001887,47,female,false,false,other,widow,false,false,agricultural_labourer,0.0,0.0
C001888,56,female,false,false,government_6_to_12,never_married,false,true,plantation_labourer,0.0,0.0
C001889,63,male,false,false,government_6_to_12,widow,false,true,agricultural_labourer,0.0,0.0
C001890,46,female,false,false,government_or_aided_tamil_medium_6_to_12,married,false,false,small_marginal_farmer,5.07,0.29
C001891,23,female,false,false,other,never_married,false,false,plantation_labourer,0.0,0.0
C001892,42,female,false,false,other,married,false,false,agricultural_labourer,0.0,0.0
C001893,31,transgender,false,false,government_6_to_12,widow_remarrying,false,true,agricultural_labourer,0.0,0.0
C001894,23,female,false,false,other,married,false,false,agricultural_labourer,0.0,0.0
C001895,26,male,false,false,other,widow_remarrying,false,false,agricultural_labourer,0.0,0.0
C001896,62,male,false,false,government_or_aided_tamil_medium_6_to_12,married,false,false,plantation_labourer,0.0,0.0
C001897,54,female,false,false,government_6_to_12,married,false,false,inland_fishing,0.0,0.0
C001898,51,female,false,false,other,married,false,true,plantation_labourer,0.0,0.0
C001899,22,female,false,false,other,never_married,false,true,inland_fishing,0.0,0.0
C001900,25,female,false,false,government_6_to_12,married,false,false,agricultural_labourer,0.0,0.0
C001901,68,female,false,false,government_or_aided_tamil_medium_6_to_12,never_married,false,true,other,0.0,0.0
C001902,73,female,false,false,other,never_married,false,true,other,0.0,0.0
C001903,56,female,false,false,government_or_aided_tamil_medium_6_to_12,never_married,false,true,other,0.0,0.0
C001904,62,female,false,false,government_6_to_12,never_married,false,true,agricultural_labourer,0.0,0.0
C001905,53,female,false,false,other,never_married,false,true,small_marginal_farmer,5.85,7.12
C001906,80,female,false,false,other,never_married,false,true,other,0.0,0.0
C001907,79,female,false,false,government_or_aided_tamil_medium_6_to_12,never_married,false,true,other,0.0,0.0
C001908,75,female,false,false,government_or_aided_tamil_medium_6_to_12,never_married,false,true,other,0.0,0.0
C001909,80,female,false,false,other,never_married,false,true,other,0.0,0.0
C001910,78,female,false,false,government_6_to_12,never_married,false,true,other,0.0,0.0
C001911,75,female,false,false,government_6_to_12,never_married,false,true,agricultural_labourer,0.0,0.0
C001912,60,female,false,false,government_6_to_12,never_married,false,true,other,0.0,0.0
C001913,60,female,false,false,other,never_married,false,true,other,0.0,0.0
C001914,51,female,false,false,other,never_married,false,true,other,0.0,0.0
C001915,59,female,false,false,other,never_married,false,true,other,0.0,0.0
C001916,65,female,false,false,government_6_to_12,never_married,false,true,small_marginal_farmer,1.12,7.12
C001917,78,female,false,false,government_or_aided_tamil_medium_6_to_12,never_married,false,true,other,0.0,0.0
C001918,78,female,false,false,government_6_to_12,never_married,false,true,small_marginal_farmer,0.21,2.77
C001919,68,female,false,false,government_or_aided_tamil_medium_6_to_12,never_married,false,true,small_marginal_farmer,4.5,7.69
C001920,64,female,false,false,government_6_to_12,never_married,false,true,plantation_labourer,0.0,0.0
C001921,74,female,false,false,other,never_married,false,true,other,0.0,0.0
C001922,60,female,false,false,government_6_to_12,never_married,false,true,small_marginal_farmer,1.15,3.55
C001923,68,female,false,false,other,never_married,false,true,small_marginal_farmer,2.17,7.64
C001924,70,female,false,false,other,never_married,false,true,inland_fishing,0.0,0.0
C001925,63,female,false,false,other,never_married,false,true,small_marginal_farmer,0.87,1.83
C001926,66,female,false,false,government_6_to_12,never_married,false,true,small_marginal_farmer,3.17,3.65
C001927,60,female,false,false,government_or_aided_tamil_medium_6_to_12,never_married,false,true,agricultural_labourer,0.0,0.0
C001928,57,female,false,false,government_or_aided_tamil_medium_6_to_12,never_married,false,true,other,0.0,0.0
C001929,72,female,false,false,government_6_to_12,never_married,false,true,small_marginal_farmer,7.33,7.94
C001930,75,female,false,false,government_6_to_12,never_married,false,true,agricultural_labourer,0.0,0.0
C001931,56,female,false,false,other,never_married,false,true,other,0.0,0.0
C001932,78,female,false,false,government_6_to_12,never_married,false,true,other,0.0,0.0
C001933,60,female,false,false,government_or_aided_tamil_medium_6_to_12,never_married,false,true,other,0.0,0.0
C001934,75,female,false,false,government_6_to_12,never_married,false,true,agricultural_labourer,0.0,0.0
C001935,71,female,false,false,other,never_married,false,true,other,0.0,0.0
C001936,65,female,false,false,government_6_to_12,never_married,false,true,agricultural_labourer,0.0,0.0
C001937,55,female,false,false,government_6_to_12,never_married,false,true,small_marginal_farmer,3.22,3.46
C001938,60,female,false,false,government_6_to_12,never_married,false,true,agricultural_labourer,0.0,0.0
C001939,53,female,false,false,government_or_aided_tamil_medium_6_to_12,never_married,false,true,other,0.0,0.0
C001940,65,female,false,false,government_or_aided_tamil_medium_6_to_12,never_married,false,true,small_marginal_farmer,3.26,5.69
C001941,50,female,false,false,other,never_married,false,true,small_marginal_farmer,1.7,0.78
C001942,51,female,false,false,government_6_to_12,never_married,false,true,small_marginal_farmer,1.68,6.48
C001943,53,female,false,false,government_6_to_12,never_married,false,true,small_marginal_farmer,0.07,2.39
C001944,63,female,false,false,government_6_to_12,never_married,false,true,small_marginal_farmer,6.67,10.0
C001945,56,female,false,false,government_6_to_12,never_married,false,true,other,0.0,0.0
C001946,65,female,false,false,government_6_to_12,never_married,false,true,other,0.0,0.0
C001947,59,female,false,false,other,never_married,false,true,agricultural_labourer,0.0,0.0
C001948,59,female,false,false,other,never_married,false,true,other,0.0,0.0
C001949,79,female,false,false,government_6_to_12,never_married,false,true,other,0.0,0.0
C001950,64,female,false,false,government_or_aided_tamil_medium_6_to_12,never_married,false,true,other,0.0,0.0
C001951,68,female,false,false,government_6_to_12,never_married,false,true,small_marginal_farmer,2.18,3.26
C001952,51,female,false,false,government_or_aided_tamil_medium_6_to_12,never_married,false,true,other,0.0,0.0
C001953,69,female,false,false,other,never_married,false,true,agricultural_labourer,0.76,0.88
C001954,69,female,false,false,other,never_married,false,true,other,0.0,0.0
C001955,54,female,false,false,other,never_married,false,true,inland_fishing,0.78,0.43
C001956,50,female,false,false,government_6_to_12,never_married,false,true,agricultural_labourer,0.0,0.0
C001957,74,female,false,false,other,never_married,false,true,other,0.0,0.0
C001958,77,female,false,false,government_or_aided_tamil_medium_6_to_12,never_married,true,true,other,0.0,0.0
C001959,65,female,false,false,government_6_to_12,never_married,false,true,other,0.0,0.0
C001960,64,female,false,false,government_or_aided_tamil_medium_6_to_12,never_married,false,true,plantation_labourer,0.0,0.0
C001961,69,female,false,false,other,never_married,false,true,plantation_labourer,0.24,0.5
C001962,69,female,false,false,other,never_married,false,true,other,0.0,0.0
C001963,58,female,false,false,other,never_married,false,true,inland_fishing,0.0,0.0
C001964,66,female,false,false,government_6_to_12,never_married,false,true,small_marginal_farmer,5.88,1.6
C001965,58,female,false,false,government_or_aided_tamil_medium_6_to_12,never_married,false,true,plantation_labourer,0.0,0.0
C001966,52,female,false,false,government_or_aided_tamil_medium_6_to_12,never_married,false,true,small_marginal_farmer,1.56,7.14
C001967,79,female,false,false,other,never_married,true,true,other,0.0,0.0
C001968,57,female,false,false,other,never_married,false,true,other,0.0,0.0
C001969,64,female,false,false,other,never_married,false,true,agricultural_labourer,0.0,0.0
C001970,63,female,false,false,government_6_to_12,never_married,false,true,other,0.0,0.0
C001971,76,female,false,false,other,never_married,false,true,other,0.0,0.0
C001972,63,female,false,false,other,never_married,false,true,agricultural_labourer,0.0,0.0
C001973,79,female,false,false,government_6_to_12,never_married,false,true,small_marginal_farmer,2.97,9.59
C001974,70,female,false,false,government_6_to_12,never_married,false,true,other,0.0,0.0
C001975,61,female,false,false,other,never_married,false,true,agricultural_labourer,0.0,0.0
C001976,76,female,false,false,government_or_aided_tamil_medium_6_to_12,never_married,false,true,other,0.0,0.0
C001977,70,female,false,false,other,never_married,false,true,small_marginal_farmer,5.11,7.17
C001978,57,female,false,false,government_6_to_12,never_married,false,true,inland_fishing,0.0,0.0
C001979,60,female,false,false,other,never_married,false,true,small_marginal_farmer,7.16,10.06
C001980,52,female,false,false,government_6_to_12,never_married,false,true,other,0.0,0.0
C001981,69,female,false,false,government_6_to_12,never_married,false,true,other,0.0,0.0
C001982,79,female,false,false,government_or_aided_tamil_medium_6_to_12,never_married,false,true,other,0.0,0.0
C001983,55,female,false,false,government_6_to_12,never_married,false,true,other,0.0,0.0
C001984,80,female,false,false,government_or_aided_tamil_medium_6_to_12,never_married,false,true,inland_fishing,0.0,0.0
C001985,53,female,false,false,government_or_aided_tamil_medium_6_to_12,never_married,false,true,small_marginal_farmer,2.61,0.6
C001986,69,female,false,false,other,never_married,false,true,plantation_labourer,0.0,0.0
C001987,68,female,false,false,government_or_aided_tamil_medium_6_to_12,never_married,false,true,small_marginal_farmer,0.75,4.17
C001988,63,female,false,false,government_6_to_12,never_married,false,true,other,0.0,0.0
C001989,60,female,false,false,government_6_to_12,never_married,false,true,other,0.0,0.0
C001990,80,female,false,false,government_6_to_12,never_married,false,true,small_marginal_farmer,2.28,3.37
C001991,50,female,false,false,government_6_to_12,never_married,false,true,small_marginal_farmer,1.37,1.89
C001992,62,female,false,false,government_6_to_12,never_married,false,true,agricultural_labourer,0.0,0.0
C001993,55,female,false,false,other,never_married,false,true,small_marginal_farmer,2.81,7.37
C001994,65,female,false,false,government_or_aided_tamil_medium_6_to_12,never_married,false,true,other,0.0,0.0
C001995,66,female,false,false,government_or_aided_tamil_medium_6_to_12,never_married,false,true,small_marginal_farmer,1.24,7.15
C001996,65,female,false,false,government_or_aided_tamil_medium_6_to_12,never_married,false,true,small_marginal_farmer,0.45,1.96
C001997,60,female,false,false,government_or_aided_tamil_medium_6_to_12,never_married,false,true,agricultural_labourer,0.0,0.0
C001998,59,female,false,false,other,never_married,false,true,other,0.0,0.0
C001999,64,female,false,false,government_6_to_12,never_married,false,true,other,0.0,0.0
C002000,63,female,false,false,government_6_to_12,never_married,false,true,small_marginal_farmer,5.54,3.57
C002001,55,female,false,false,government_6_to_12,never_married,false,true,other,0.0,0.0
C002002,80,female,false,false,other,never_married,false,true,other,0.0,0.0
C002003,79,female,false,false,other,never_married,false,true,other,0.0,0.0
C002004,58,female,false,false,government_or_aided_tamil_medium_6_to_12,never_married,false,true,plantation_labourer,0.25,0.82
C002005,50,female,false,false,government_6_to_12,never_married,true,true,agricultural_labourer,0.0,0.0
C002006,65,female,false,false,government_6_to_12,never_married,false,true,other,0.0,0.0
C002007,77,female,false,false,government_or_aided_tamil_medium_6_to_12,never_married,false,true,other,0.0,0.0
C002008,70,female,false,false,government_or_aided_tamil_medium_6_to_12,never_married,false,true,other,0.0,0.0
C002009,59,female,false,false,other,never_married,true,true,other,0.0,0.0
C002010,67,female,false,false,other,never_married,false,true,other,0.0,0.0
C002011,72,female,false,false,other,never_married,false,true,agricultural_labourer,0.0,0.0
C002012,71,female,false,false,other,never_married,false,true,other,0.0,0.0
C002013,68,female,false,false,other,never_married,false,true,agricultural_labourer,0.0,0.0
C002014,79,female,false,false,government_or_aided_tamil_medium_6_to_12,never_married,false,true,small_marginal_farmer,2.81,1.18
C002015,67,female,false,false,government_6_to_12,never_married,false,true,other,0.0,0.0
C002016,59,female,false,false,other,never_married,false,true,small_marginal_farmer,2.89,6.58
C002017,76,female,false,false,government_or_aided_tamil_medium_6_to_12,never_married,false,true,small_marginal_farmer,0.54,0.8
C002018,55,female,false,false,other,never_married,false,true,inland_fishing,0.0,0.0
C002019,59,female,false,false,government_or_aided_tamil_medium_6_to_12,never_married,false,true,other,0.0,0.0
C002020,80,female,false,false,government_6_to_12,never_married,false,true,other,0.0,0.0
C002021,79,female,false,false,government_6_to_12,never_married,false,true,small_marginal_farmer,5.88,8.98
C002022,74,female,false,false,government_6_to_12,never_married,false,true,other,0.0,0.0
C002023,57,female,false,false,government_6_to_12,never_married,false,true,agricultural_labourer,0.68,0.49
C002024,58,female,false,false,government_6_to_12,never_married,false,true,other,0.0,0.0
C002025,72,female,false,false,other,never_married,false,true,other,0.0,0.0
C002026,67,female,false,false,government_6_to_12,never_married,false,true,other,0.0,0.0
C002027,57,female,false,false,government_6_to_12,never_married,false,true,other,0.0,0.0
C002028,50,female,false,false,other,never_married,false,true,other,0.0,0.0
C002029,77,female,false,false,other,never_married,false,true,other,0.0,0.0
C002030,66,female,false,false,other,never_married,false,true,other,0.0,0.0
C002031,72,female,false,false,government_6_to_12,never_married,false,true,small_marginal_farmer,4.19,1.13
C002032,56,female,false,false,government_or_aided_tamil_medium_6_to_12,never_married,false,true,other,0.0,0.0
C002033,54,female,false,false,other,never_married,false,true,other,0.0,0.0
C002034,74,female,false,false,other,never_married,false,true,other,0.0,0.0
C002035,80,female,false,false,other,never_married,false,true,small_marginal_farmer,3.95,6.8
C002036,65,female,false,false,other,never_married,false,true,plantation_labourer,0.0,0.0
C002037,54,female,false,false,government_or_aided_tamil_medium_6_to_12,never_married,false,true,other,0.0,0.0
C002038,53,female,false,false,government_6_to_12,never_married,false,true,small_marginal_farmer,7.23,6.74
C002039,72,female,false,false,other,never_married,false,true,other,0.0,0.0
C002040,66,female,false,false,other,never_married,false,true,other,0.0,0.0
C002041,72,female,false,false,government_6_to_12,never_married,false,true,small_marginal_farmer,1.26,6.05
C002042,51,female,false,false,other,never_married,false,true,other,0.0,0.0
C002043,74,female,false,false,government_or_aided_tamil_medium_6_to_12,never_married,false,true,other,0.0,0.0
C002044,77,female,false,false,other,never_married,false,true,small_marginal_farmer,2.97,3.42
C002045,66,female,false,false,government_or_aided_tamil_medium_6_to_12,never_married,false,true,other,0.0,0.0
C002046,59,female,false,false,government_6_to_12,never_married,false,true,small_marginal_farmer,0.56,6.99
C002047,52,female,false,false,government_or_aided_tamil_medium_6_to_12,never_married,false,true,other,0.0,0.0
C002048,74,female,false,false,government_6_to_12,never_married,false,true,agricultural_labourer,0.0,0.0
C002049,64,female,false,false,government_6_to_12,never_married,false,true,inland_fishing,0.74,0.72
C002050,78,female,false,false,other,never_married,false,true,other,0.0,0.0
C002051,52,female,false,false,government_or_aided_tamil_medium_6_to_12,never_married,false,true,other,0.0,0.0
C002052,79,female,false,false,government_or_aided_tamil_medium_6_to_12,never_married,false,true,other,0.0,0.0
C002053,69,female,false,false,other,never_married,false,true,agricultural_labourer,0.5,1.26
C002054,56,female,false,false,other,never_married,false,true,small_marginal_farmer,0.45,3.14
C002055,67,female,false,false,government_6_to_12,never_married,false,true,small_marginal_farmer,5.08,10.11
C002056,57,female,false,false,government_or_aided_tamil_medium_6_to_12,never_married,false,true,other,0.0,0.0
C002057,71,female,false,false,government_6_to_12,never_married,false,true,other,0.0,0.0
C002058,71,female,false,false,other,never_married,false,true,small_marginal_farmer,1.59,6.72
C002059,70,female,false,false,other,never_married,false,true,agricultural_labourer,0.0,0.0
C002060,50,female,false,false,government_or_aided_tamil_medium_6_to_12,never_married,false,true,other,0.0,0.0
C002061,53,female,false,false,government_6_to_12,never_married,false,true,agricultural_labourer,0.0,0.0
C002062,71,female,false,false,government_6_to_12,never_married,false,true,other,0.0,0.0
C002063,59,female,false,false,other,never_married,false,true,inland_fishing,0.0,0.0
C002064,56,female,false,false,government_or_aided_tamil_medium_6_to_12,never_married,false,true,plantation_labourer,0.0,0.0
C002065,74,female,false,false,other,never_married,false,true,plantation_labourer,0.0,0.0
C002066,64,female,false,false,government_or_aided_tamil_medium_6_to_12,never_married,false,true,other,0.0,0.0
C002067,55,female,false,false,government_6_to_12,never_married,false,true,inland_fishing,0.94,0.29
C002068,69,female,false,false,other,never_married,false,true,other,0.0,0.0
C002069,72,female,false,false,government_or_aided_tamil_medium_6_to_12,never_married,false,true,other,0.0,0.0
C002070,61,female,false,false,government_6_to_12,never_married,false,true,other,0.0,0.0
C002071,52,female,false,false,government_or_aided_tamil_medium_6_to_12,never_married,true,true,agricultural_labourer,0.0,0.0
C002072,67,female,false,false,government_or_aided_tamil_medium_6_to_12,never_married,false,true,other,0.0,0.0
C002073,67,female,false,false,other,never_married,false,true,other,0.0,0.0
C002074,52,female,false,false,other,never_married,false,true,other,0.0,0.0
C002075,67,female,false,false,government_6_to_12,never_married,false,true,other,0.0,0.0
C002076,57,female,false,false,government_6_to_12,never_married,false,true,other,0.0,0.0
C002077,51,female,false,false,other,never_married,false,true,other,0.0,0.0
C002078,64,female,false,false,other,never_married,true,true,other,0.0,0.0
C002079,53,female,false,false,government_6_to_12,never_married,false,true,agricultural_labourer,0.0,0.0
C002080,76,female,false,false,other,never_married,false,true,other,0.0,0.0
C002081,65,female,false,false,government_6_to_12,never_married,false,true,other,0.0,0.0
C002082,71,female,false,false,other,never_married,false,true,other,0.0,0.0
C002083,69,female,false,false,government_6_to_12,never_married,false,true,other,0.0,0.0
C002084,63,female,false,false,government_6_to_12,never_married,false,true,small_marginal_farmer,0.24,2.62
C002085,78,female,false,false,government_6_to_12,never_married,false,true,other,0.0,0.0
C002086,78,female,false,false,other,never_married,false,true,other,0.0,0.0
C002087,58,female,false,false,other,never_married,false,true,other,0.0,0.0
C002088,50,female,false,false,other,never_married,false,true,other,0.0,0.0
C002089,64,female,false,false,other,never_married,false,true,other,0.0,0.0
C002090,77,female,false,false,government_6_to_12,never_married,false,true,small_marginal_farmer,0.83,1.95
C002091,56,female,false,false,government_6_to_12,never_married,false,true,small_marginal_farmer,2.35,1.86
C002092,56,female,false,false,government_6_to_12,never_married,false,true,agricultural_labourer,0.0,0.0
C002093,72,female,false,false,other,never_married,false,true,plantation_labourer,0.0,0.0
C002094,70,female,false,false,government_or_aided_tamil_medium_6_to_12,never_married,false,true,other,0.0,0.0
C002095,57,female,false,false,government_or_aided_tamil_medium_6_to_12,never_married,false,true,other,0.0,0.0
C002096,53,female,false,false,government_6_to_12,never_married,false,true,other,0.0,0.0
C002097,73,female,false,false,government_6_to_12,never_married,false,true,small_marginal_farmer,1.79,2.49
C002098,74,female,false,false,government_6_to_12,never_married,false,true,agricultural_labourer,0.0,0.0
C002099,59,female,false,false,government_or_aided_tamil_medium_6_to_12,never_married,false,true,other,0.0,0.0
C002100,54,female,false,false,government_6_to_12,never_married,false,true,other,0.0,0.0
C002101,79,female,false,false,government_6_to_12,never_married,false,true,other,0.0,0.0
C002102,61,female,false,false,government_6_to_12,never_married,false,true,other,0.0,0.0
C002103,60,female,false,false,government_or_aided_tamil_medium_6_to_12,never_married,false,true,plantation_labourer,0.0,0.0
C002104,71,female,false,false,government_6_to_12,never_married,false,true,small_marginal_farmer,5.04,9.28
C002105,75,female,false,false,other,never_married,false,true,small_marginal_farmer,2.46,6.0
C002106,72,female,false,false,government_6_to_12,never_married,false,true,other,0.0,0.0
C002107,73,female,false,false,other,never_married,false,true,other,0.0,0.0
C002108,67,female,false,false,government_6_to_12,never_married,false,true,other,0.0,0.0
C002109,56,female,false,false,other,never_married,false,true,other,0.0,0.0
C002110,65,female,false,false,government_or_aided_tamil_medium_6_to_12,never_married,true,true,small_marginal_farmer,2.27,0.67
C002111,51,female,false,false,government_6_to_12,never_married,false,true,agricultural_labourer,0.0,0.0
C002112,51,female,false,false,government_or_aided_tamil_medium_6_to_12,never_married,false,true,other,0.0,0.0
C002113,58,female,false,false,other,never_married,false,true,other,0.0,0.0
C002114,80,female,false,false,government_or_aided_tamil_medium_6_to_12,never_married,false,true,other,0.0,0.0
C002115,60,female,false,false,government_6_to_12,never_married,false,true,small_marginal_farmer,4.62,11.46
C002116,58,female,false,false,other,never_married,false,true,other,0.0,0.0
C002117,74,female,false,false,other,never_married,false,true,small_marginal_farmer,3.67,7.1
C002118,51,female,false,false,government_6_to_12,never_married,false,true,plantation_labourer,0.0,0.0
C002119,67,female,false,false,government_or_aided_tamil_medium_6_to_12,never_married,false,true,agricultural_labourer,0.51,0.3
C002120,58,female,false,false,government_or_aided_tamil_medium_6_to_12,never_married,false,true,inland_fishing,0.0,0.0
C002121,76,female,false,false,government_or_aided_tamil_medium_6_to_12,never_married,false,true,other,0.0,0.0
C002122,72,female,false,false,other,never_married,false,true,agricultural_labourer,0.0,0.0
C002123,71,female,false,false,government_6_to_12,never_married,false,true,other,0.0,0.0
C002124,67,female,false,false,government_6_to_12,never_married,false,true,other,0.0,0.0
C002125,54,female,false,false,other,never_married,false,true,other,0.0,0.0
C002126,79,female,false,false,other,never_married,false,true,small_marginal_farmer,3.25,5.66
C002127,52,female,false,false,other,never_married,false,true,small_marginal_farmer,3.66,4.68
C002128,65,female,false,false,government_6_to_12,never_married,false,true,agricultural_labourer,0.42,1.11
C002129,56,female,false,false,other,never_married,false,true,other,0.0,0.0
C002130,70,female,false,false,other,never_married,false,true,small_marginal_farmer,4.41,7.99
C002131,50,female,false,false,other,never_married,false,true,other,0.0,0.0
C002132,64,female,false,false,other,never_married,false,true,small_marginal_farmer,2.46,7.38
C002133,58,female,false,false,government_or_aided_tamil_medium_6_to_12,never_married,false,true,other,0.0,0.0
C002134,75,female,false,false,government_or_aided_tamil_medium_6_to_12,never_married,false,true,small_marginal_farmer,1.3,3.45
C002135,63,female,false,false,government_or_aided_tamil_medium_6_to_12,never_married,false,true,other,0.0,0.0
C002136,54,female,false,false,government_or_aided_tamil_medium_6_to_12,never_married,false,true,other,0.0,0.0
C002137,71,female,false,false,other,never_married,false,true,other,0.0,0.0
C002138,72,female,false,false,other,never_married,false,true,small_marginal_farmer,1.05,0.96
C002139,66,female,false,false,government_6_to_12,never_married,false,true,other,0.0,0.0
C002140,73,female,false,false,government_6_to_12,never_married,false,true,other,0.0,0.0
C002141,59,female,false,false,government_6_to_12,never_married,false,true,small_marginal_farmer,6.62,8.44
C002142,69,female,false,false,other,never_married,false,true,other,0.0,0.0
C002143,74,female,false,false,other,never_married,false,true,small_marginal_farmer,7.52,8.18
C002144,52,female,false,false,other,never_married,false,true,small_marginal_farmer,5.03,8.86
C002145,64,female,false,false,other,never_married,false,true,other,0.0,0.0
C002146,69,female,false,false,other,never_married,false,true,agricultural_labourer,0.0,0.0
C002147,66,female,false,false,other,never_married,false,true,small_marginal_farmer,4.64,2.99
C002148,79,female,false,false,government_6_to_12,never_married,false,true,other,0.0,0.0
C002149,61,female,false,false,government_or_aided_tamil_medium_6_to_12,never_married,false,true,small_marginal_farmer,2.5,1.83
C002150,59,female,false,false,government_or_aided_tamil_medium_6_to_12,never_married,false,true,other,0.0,0.0
C002151,50,female,false,false,government_or_aided_tamil_medium_6_to_12,never_married,false,true,small_marginal_farmer,2.29,1.03
C002152,51,female,false,false,other,never_married,false,true,plantation_labourer,0.0,0.0
C002153,52,female,false,false,other,never_married,false,true,small_marginal_farmer,2.46,5.93
C002154,65,female,false,false,government_or_aided_tamil_medium_6_to_12,never_married,false,true,other,0.0,0.0
C002155,62,female,false,false,government_6_to_12,never_married,false,true,other,0.0,0.0
C002156,76,female,false,false,government_6_to_12,never_married,false,true,agricultural_labourer,0.0,0.0
C002157,58,female,false,false,government_6_to_12,never_married,false,true,other,0.0,0.0
C002158,74,female,false,false,other,never_married,false,true,agricultural_labourer,0.94,0.82
C002159,57,female,false,false,other,never_married,false,true,inland_fishing,0.33,0.78
C002160,60,female,false,false,other,never_married,false,true,other,0.0,0.0
C002161,52,female,false,false,government_or_aided_tamil_medium_6_to_12,never_married,false,true,small_marginal_farmer,5.19,7.87
C002162,74,female,false,false,government_6_to_12,never_married,false,true,other,0.0,0.0
C002163,66,female,false,false,government_6_to_12,never_married,false,true,small_marginal_farmer,1.83,2.38
C002164,63,female,false,false,other,never_married,false,true,other,0.0,0.0
C002165,77,female,false,false,government_or_aided_tamil_medium_6_to_12,never_married,false,true,other,0.0,0.0
C002166,50,female,false,false,other,never_married,false,true,agricultural_labourer,0.99,0.6
C002167,73,female,false,false,government_6_to_12,never_married,false,true,small_marginal_farmer,0.3,7.86
C002168,60,female,false,false,government_6_to_12,never_married,false,true,other,0.0,0.0
C002169,65,female,false,false,government_or_aided_tamil_medium_6_to_12,never_married,false,true,small_marginal_farmer,0.64,5.19
C002170,61,female,false,false,government_6_to_12,never_married,false,true,small_marginal_farmer,0.65,1.33
C002171,66,female,false,false,other,never_married,false,true,other,0.0,0.0
C002172,66,female,false,false,government_6_to_12,never_married,false,true,other,0.0,0.0
C002173,62,female,false,false,government_6_to_12,never_married,false,true,other,0.0,0.0
C002174,66,female,false,false,government_6_to_12,never_married,false,true,small_marginal_farmer,2.88,10.79
C002175,50,female,false,false,government_6_to_12,never_married,false,true,other,0.0,0.0
C002176,50,female,false,false,other,never_married,false,true,other,0.0,0.0
C002177,79,female,false,false,government_6_to_12,never_married,false,true,plantation_labourer,0.73,0.65
C002178,62,female,false,false,government_or_aided_tamil_medium_6_to_12,never_married,false,true,other,0.0,0.0
C002179,54,female,false,false,other,never_married,false,true,other,0.0,0.0
C002180,52,female,false,false,government_6_to_12,never_married,false,true,other,0.0,0.0
C002181,65,female,false,false,government_6_to_12,never_married,false,true,small_marginal_farmer,6.88,8.04
C002182,56,female,false,false,government_6_to_12,never_married,false,true,other,0.0,0.0
C002183,77,female,false,false,government_or_aided_tamil_medium_6_to_12,never_married,false,true,other,0.0,0.0
C002184,57,female,false,false,government_6_to_12,never_married,false,true,other,0.0,0.0
C002185,56,female,false,false,government_6_to_12,never_married,false,true,other,0.0,0.0
C002186,74,female,false,false,government_6_to_12,never_married,false,true,other,0.0,0.0
C002187,80,female,false,false,government_or_aided_tamil_medium_6_to_12,never_married,false,true,other,0.0,0.0
C002188,58,female,false,false,government_or_aided_tamil_medium_6_to_12,never_married,false,true,agricultural_labourer,0.0,0.0
C002189,72,female,false,false,government_6_to_12,never_married,false,true,small_marginal_farmer,2.09,5.97
C002190,77,female,false,false,government_6_to_12,never_married,false,true,other,0.0,0.0
C002191,76,female,false,false,government_or_aided_tamil_medium_6_to_12,never_married,false,true,other,0.0,0.0
C002192,64,female,false,false,government_6_to_12,never_married,false,true,plantation_labourer,0.0,0.0
C002193,55,female,false,false,government_or_aided_tamil_medium_6_to_12,never_married,false,true,small_marginal_farmer,4.35,7.24
C002194,71,female,false,false,government_6_to_12,never_married,false,true,small_marginal_farmer,0.11,2.9
C002195,72,female,false,false,government_6_to_12,never_married,false,true,agricultural_labourer,0.0,0.0
C002196,79,female,false,false,government_6_to_12,never_married,false,true,other,0.0,0.0
C002197,50,female,false,false,government_6_to_12,never_married,false,true,small_marginal_farmer,5.42,2.11
C002198,55,female,false,false,government_6_to_12,never_married,false,true,other,0.0,0.0
C002199,69,female,false,false,other,never_married,false,true,other,0.0,0.0
C002200,76,female,false,false,other,never_married,false,true,other,0.0,0.0
C002201,39,female,false,false,government_6_to_12,never_married,false,false,plantation_labourer,0.0,0.0
C002202,83,male,false,false,other,married,false,false,agricultural_labourer,0.0,0.0
C002203,40,female,false,false,other,married,false,false,other,0.0,0.0
C002204,48,male,false,false,government_6_to_12,widow,false,true,small_marginal_farmer,3.48,8.7
C002205,1,female,true,false,other,never_married,false,true,other,0.0,0.0
C002206,23,female,false,false,government_6_to_12,never_married,false,false,other,0.0,0.0
C002207,60,female,false,false,government_or_aided_tamil_medium_6_to_12,married,false,false,other,0.0,0.0
C002208,55,female,false,false,government_6_to_12,never_married,false,false,other,0.0,0.0
C002209,59,female,false,false,other,never_married,false,false,small_marginal_farmer,3.43,3.43
C002210,22,female,true,true,government_6_to_12,married,false,false,other,0.0,0.0
C002211,25,male,false,false,government_6_to_12,married,false,false,other,0.0,0.0
C002212,62,male,false,false,other,married,false,false,agricultural_labourer,0.0,0.0
C002213,29,female,false,false,government_6_to_12,widow_remarrying,false,false,other,0.0,0.0
C002214,43,male,false,false,other,married,false,true,other,0.0,0.0
C002215,24,male,false,false,government_or_aided_tamil_medium_6_to_12,married,false,true,small_marginal_farmer,1.01,4.42
C002216,24,male,true,true,government_or_aided_tamil_medium_6_to_12,never_married,false,false,other,0.0,0.0
C002217,18,female,false,false,other,married,false,false,agricultural_labourer,0.0,0.0
C002218,2,male,true,false,other,never_married,false,false,other,0.0,0.0
C002219,21,male,true,false,other,never_married,false,false,other,0.0,0.0
C002220,2,female,false,false,other,never_married,false,false,other,0.0,0.0
C002221,77,male,false,false,government_6_to_12,widow_remarrying,false,false,other,0.0,0.0
C002222,62,male,false,false,government_6_to_12,married,false,false,agricultural_labourer,0.0,0.0
C002223,35,female,false,false,government_6_to_12,married,false,false,small_marginal_farmer,7.49,5.37
C002224,1,female,true,false,other,never_married,false,false,other,0.0,0.0
C002225,83,female,false,false,other,widow,false,false,small_marginal_farmer,1.45,4.22
C002226,25,female,true,false,other,never_married,false,true,other,0.0,0.0
C002227,52,male,false,false,government_6_to_12,married,false,false,other,0.0,0.0
C002228,41,female,false,false,government_6_to_12,widow,false,false,agricultural_labourer,0.6,0.67
C002229,23,female,true,true,government_or_aided_tamil_medium_6_to_12,widow_remarrying,false,false,other,0.0,0.0
C002230,0,female,true,false,other,never_married,false,true,other,0.0,0.0
C002231,38,male,false,false,other,married,false,false,agricultural_labourer,0.0,0.0
C002232,36,female,false,false,other,married,false,false,other,0.0,0.0
C002233,4,male,true,false,other,never_married,false,false,other,0.0,0.0
C002234,43,male,false,false,government_6_to_12,widow,false,false,plantation_labourer,0.0,0.0
C002235,22,female,true,false,government_or_aided_tamil_medium_6_to_12,never_married,false,false,other,0.0,0.0
C002236,52,male,false,false,other,widow,false,true,small_marginal_farmer,0.56,3.72
C002237,26,male,false,false,other,never_married,false,false,inland_fishing,0.0,0.0
C002238,48,male,false,false,government_6_to_12,never_married,false,true,other,0.0,0.0
C002239,41,male,false,false,government_or_aided_tamil_medium_6_to_12,never_married,false,false,plantation_labourer,0.63,0.7
C002240,19,female,false,false,other,never_married,false,true,other,0.0,0.0
C002241,37,male,false,false,other,married,false,false,other,0.0,0.0
C002242,59,male,false,false,government_or_aided_tamil_medium_6_to_12,widow,false,false,agricultural_labourer,0.2,0.97
C002243,36,male,false,false,government_6_to_12,married,false,false,agricultural_labourer,0.0,0.0
C002244,48,male,false,false,government_or_aided_tamil_medium_6_to_12,married,false,false,small_marginal_farmer,1.53,1.26
C002245,53,female,false,false,government_or_aided_tamil_medium_6_to_12,widow,false,false,other,0.0,0.0
C002246,8,female,true,false,other,never_married,false,false,other,0.0,0.0
C002247,40,male,false,false,other,married,false,false,inland_fishing,0.0,0.0
C002248,43,male,false,false,other,married,false,false,other,0.0,0.0
C002249,21,female,false,false,government_6_to_12,never_married,false,false,other,0.0,0.0
C002250,36,female,false,false,government_6_to_12,married,false,true,other,0.0,0.0
C002251,58,female,false,false,government_6_to_12,married,false,false,agricultural_labourer,0.95,0.55
C002252,82,male,false,false,other,married,false,false,inland_fishing,0.0,0.0
C002253,14,male,false,false,other,never_married,false,false,other,0.0,0.0
C002254,15,male,true,false,other,never_married,false,false,other,0.0,0.0
C002255,24,female,true,false,government_6_to_12,never_married,false,false,other,0.0,0.0
C002256,25,female,true,true,government_or_aided_tamil_medium_6_to_12,married,false,true,other,0.0,0.0
C002257,40,female,false,false,other,married,false,false,agricultural_labourer,0.0,0.0
C002258,28,female,false,false,government_6_to_12,married,true,true,small_marginal_farmer,0.99,2.6
C002259,60,female,false,false,government_6_to_12,never_married,false,false,other,0.0,0.0
C002260,66,female,false,false,government_6_to_12,married,false,false,small_marginal_farmer,1.11,3.12
C002261,21,male,false,false,government_6_to_12,never_married,true,false,other,0.0,0.0
C002262,71,male,false,false,government_6_to_12,widow,false,false,small_marginal_farmer,4.39,8.37
C002263,22,transgender,false,false,government_6_to_12,never_married,false,false,inland_fishing,0.0,0.0
C002264,43,male,false,false,government_or_aided_tamil_medium_6_to_12,married,false,true,other,0.0,0.0
C002265,56,female,false,false,government_or_aided_tamil_medium_6_to_12,married,false,false,other,0.0,0.0
C002266,24,female,true,false,government_6_to_12,never_married,false,false,other,0.0,0.0
C002267,47,female,false,false,government_or_aided_tamil_medium_6_to_12,married,false,false,other,0.0,0.0
C002268,48,male,false,false,government_6_to_12,married,false,false,other,0.0,0.0
C002269,43,female,false,false,other,married,false,false,agricultural_labourer,0.0,0.0
C002270,60,female,false,false,government_or_aided_tamil_medium_6_to_12,widow,false,true,inland_fishing,0.0,0.0
C002271,77,male,false,false,government_6_to_12,widow,false,false,plantation_labourer,0.54,0.53
C002272,3,male,false,false,other,never_married,false,false,other,0.0,0.0
C002273,4,female,false,false,other,never_married,false,false,other,0.0,0.0
C002274,11,female,true,false,other,never_married,true,false,other,0.0,0.0
C002275,61,male,false,false,government_or_aided_tamil_medium_6_to_12,married,false,false,small_marginal_farmer,3.88,9.94
C002276,36,female,false,false,other,married,false,false,agricultural_labourer,0.92,0.59
C002277,48,male,false,false,government_6_to_12,widow,false,false,small_marginal_farmer,3.03,4.96
C002278,19,female,false,false,government_or_aided_tamil_medium_6_to_12,married,true,true,other,0.0,0.0
C002279,25,female,true,false,government_6_to_12,married,true,false,other,0.0,0.0
C002280,37,male,false,false,government_6_to_12,never_married,false,false,small_marginal_farmer,0.2,4.23
C002281,21,male,false,false,government_or_aided_tamil_medium_6_to_12,never_married,false,false,other,0.0,0.0
C002282,36,male,false,false,other,married,false,false,small_marginal_farmer,6.57,8.48
C002283,34,male,false,false,government_or_aided_tamil_medium_6_to_12,married,false,false,other,0.0,0.0
C002284,52,female,false,false,government_6_to_12,widow,false,false,agricultural_labourer,0.0,0.0
C002285,53,female,false,false,government_or_aided_tamil_medium_6_to_12,widow,false,false,small_marginal_farmer,0.48,1.98
C002286,41,female,false,false,other,never_married,false,true,other,0.0,0.0
C002287,62,female,false,false,government_or_aided_tamil_medium_6_to_12,married,false,false,other,0.0,0.0
C002288,61,male,false,false,government_6_to_12,widow,false,false,other,0.0,0.0
C002289,64,male,false,false,other,married,false,false,other,0.0,0.0
C002290,47,female,false,false,government_6_to_12,never_married,false,false,plantation_labourer,0.0,0.0
C002291,47,female,false,false,other,married,false,false,agricultural_labourer,0.69,0.54
C002292,60,female,false,false,government_6_to_12,married,false,false,plantation_labourer,0.23,0.61
C002293,35,male,true,true,other,never_married,false,false,other,0.0,0.0
C002294,3,male,true,false,other,never_married,true,false,other,0.0,0.0
C002295,78,female,false,false,government_or_aided_tamil_medium_6_to_12,married,false,true,other,0.0,0.0
C002296,18,male,false,false,government_6_to_12,never_married,false,false,small_marginal_farmer,6.95,7.3
C002297,30,male,false,false,government_or_aided_tamil_medium_6_to_12,married,false,false,other,0.0,0.0
C002298,21,male,false,false,government_or_aided_tamil_medium_6_to_12,never_married,false,false,agricultural_labourer,0.0,0.0
C002299,56,female,false,false,government_or_aided_tamil_medium_6_to_12,married,false,true,small_marginal_farmer,7.96,5.74
C002300,29,female,false,false,government_6_to_12,widow,false,false,plantation_labourer,0.0,0.0
C002301,65,female,false,false,government_6_to_12,married,false,false,small_marginal_farmer,7.73,10.43
C002302,39,male,false,false,government_6_to_12,widow,false,false,other,0.0,0.0
C002303,49,female,false,false,government_6_to_12,married,false,false,plantation_labourer,0.0,0.0
C002304,23,female,false,false,other,never_married,false,false,inland_fishing,0.0,0.0
C002305,20,female,true,true,other,never_married,false,true,other,0.0,0.0
C002306,10,male,true,false,other,never_married,false,false,other,0.0,0.0
C002307,59,male,false,false,government_6_to_12,widow,false,false,agricultural_labourer,0.53,0.33
C002308,77,female,false,false,other,widow,false,false,agricultural_labourer,0.16,0.34
C002309,21,female,false,false,government_6_to_12,never_married,true,false,agricultural_labourer,0.0,0.0
C002310,21,female,true,true,government_6_to_12,never_married,false,false,other,0.0,0.0
C002311,39,male,false,false,government_6_to_12,married,false,true,small_marginal_farmer,1.93,0.93
C002312,32,female,true,true,government_6_to_12,married,true,true,other,0.0,0.0
C002313,56,male,false,false,other,widow,false,true,other,0.0,0.0
C002314,63,female,false,false,other,married,false,false,other,0.0,0.0
C002315,65,female,true,false,other,never_married,false,false,other,0.0,0.0
C002316,88,female,false,false,government_6_to_12,widow,false,false,other,0.0,0.0
C002317,76,male,false,false,other,widow_remarrying,false,false,other,0.0,0.0
C002318,69,male,false,false,government_or_aided_tamil_medium_6_to_12,widow_remarrying,false,false,plantation_labourer,0.0,0.0
C002319,48,male,false,false,government_or_aided_tamil_medium_6_to_12,married,false,true,other,0.0,0.0
C002320,31,female,false,false,other,married,false,true,other,0.0,0.0
C002321,1,female,true,false,other,never_married,false,false,other,0.0,0.0
C002322,14,male,true,false,other,never_married,false,false,other,0.0,0.0
C002323,50,female,false,false,government_6_to_12,never_married,false,false,small_marginal_farmer,1.28,7.16
C002324,44,transgender,false,false,government_6_to_12,married,false,true,agricultural_labourer,0.0,0.0
C002325,63,male,false,false,other,married,false,false,small_marginal_farmer,1.05,5.65
C002326,59,female,false,false,government_6_to_12,widow,false,false,other,0.0,0.0
C002327,64,female,false,false,government_6_to_12,married,false,false,small_marginal_farmer,1.55,0.55
C002328,88,female,false,false,government_or_aided_tamil_medium_6_to_12,widow,false,true,plantation_labourer,0.87,1.35
C002329,49,male,false,false,government_or_aided_tamil_medium_6_to_12,never_married,false,false,small_marginal_farmer,0.49,2.54
C002330,25,female,false,false,other,married,false,true,small_marginal_farmer,3.26,3.02
C002331,58,female,false,false,government_6_to_12,married,false,false,small_marginal_farmer,5.19,1.51
C002332,22,female,false,false,government_6_to_12,never_married,false,false,plantation_labourer,0.0,0.0
C002333,44,male,false,false,government_or_aided_tamil_medium_6_to_12,widow_remarrying,false,false,other,0.0,0.0
C002334,63,male,false,false,government_or_aided_tamil_medium_6_to_12,never_married,true,false,agricultural_labourer,0.0,0.0
C002335,33,male,false,false,government_6_to_12,never_married,false,false,plantation_labourer,0.0,0.0
C002336,77,male,false,false,other,widow,false,false,other,0.0,0.0
C002337,87,female,false,false,other,widow,false,false,other,0.0,0.0
C002338,83,female,false,false,government_or_aided_tamil_medium_6_to_12,married,false,false,other,0.0,0.0
C002339,63,female,false,false,government_or_aided_tamil_medium_6_to_12,widow_remarrying,false,true,other,0.0,0.0
C002340,45,male,false,false,other,married,false,true,agricultural_labourer,0.0,0.0
C002341,33,male,false,false,government_6_to_12,married,false,false,small_marginal_farmer,7.55,7.9
C002342,71,male,false,false,other,widow,false,true,plantation_labourer,0.57,0.28
C002343,83,female,false,false,government_or_aided_tamil_medium_6_to_12,married,false,false,other,0.0,0.0
C002344,15,female,true,false,other,never_married,false,false,other,0.0,0.0
C002345,0,male,true,false,other,never_married,true,false,other,0.0,0.0
C002346,47,male,false,false,other,married,false,false,other,0.0,0.0
C002347,11,male,true,false,other,never_married,false,false,other,0.0,0.0
C002348,9,female,true,false,other,never_married,false,false,other,0.0,0.0
C002349,26,male,false,false,other,married,false,false,other,0.0,0.0
C002350,3,female,true,false,other,never_married,false,true,other,0.0,0.0
C002351,27,female,false,false,government_6_to_12,widow,false,true,other,0.0,0.0
C002352,5,male,false,false,other,never_married,false,false,other,0.0,0.0
C002353,7,female,false,false,other,never_married,false,false,other,0.0,0.0
C002354,3,female,true,false,other,never_married,false,false,other,0.0,0.0
C002355,72,female,false,false,government_6_to_12,married,false,false,other,0.0,0.0
C002356,63,male,false,false,other,widow,false,true,other,0.0,0.0
C002357,57,female,false,false,government_or_aided_tamil_medium_6_to_12,widow_remarrying,false,false,other,0.0,0.0
C002358,54,female,false,false,government_or_aided_tamil_medium_6_to_12,married,false,false,small_marginal_farmer,5.74,0.34
C002359,28,male,false,false,other,married,false,false,other,0.0,0.0
C002360,35,female,false,false,government_6_to_12,married,false,false,other,0.0,0.0
C002361,64,male,false,false,other,widow,false,false,agricultural_labourer,0.48,0.15
C002362,37,female,false,false,government_6_to_12,married,false,false,other,0.0,0.0
C002363,36,male,false,false,government_or_aided_tamil_medium_6_to_12,married,false,false,other,0.0,0.0
C002364,51,male,false,false,government_or_aided_tamil_medium_6_to_12,widow,false,false,plantation_labourer,0.0,0.0
C002365,26,female,false,false,government_or_aided_tamil_medium_6_to_12,married,false,false,other,0.0,0.0
C002366,35,male,false,false,government_6_to_12,married,false,true,small_marginal_farmer,4.21,4.93
C002367,27,male,true,true,other,widow,false,false,other,0.0,0.0
C002368,4,female,true,false,other,never_married,false,false,other,0.0,0.0
C002369,25,female,false,false,government_6_to_12,married,true,false,other,0.0,0.0
C002370,8,male,false,false,other,never_married,false,false,other,0.0,0.0
C002371,13,female,true,false,other,never_married,false,false,other,0.0,0.0
C002372,55,male,false,false,government_or_aided_tamil_medium_6_to_12,never_married,false,false,agricultural_labourer,0.0,0.0
C002373,24,male,true,true,government_or_aided_tamil_medium_6_to_12,never_married,false,false,other,0.0,0.0
C002374,65,female,false,false,government_or_aided_tamil_medium_6_to_12,married,false,false,inland_fishing,0.0,0.0
C002375,19,female,true,true,other,never_married,true,false,other,0.0,0.0
C002376,6,male,false,false,other,never_married,false,true,other,0.0,0.0
C002377,50,female,false,false,government_6_to_12,married,true,false,other,0.0,0.0
C002378,25,male,true,true,other,married,false,false,other,0.0,0.0
C002379,27,female,false,false,government_or_aided_tamil_medium_6_to_12,married,false,false,other,0.0,0.0
C002380,62,male,false,false,government_6_to_12,never_married,false,true,other,0.0,0.0
C002381,25,female,true,false,other,married,false,false,other,0.0,0.0
C002382,3,male,true,false,other,never_married,false,false,other,0.0,0.0
C002383,62,female,false,false,other,widow,false,false,other,0.0,0.0
C002384,85,male,false,false,government_6_to_12,married,false,true,other,0.0,0.0
C002385,58,male,false,false,government_6_to_12,married,false,false,other,0.0,0.0
C002386,11,male,true,false,other,never_married,false,false,other,0.0,0.0
C002387,34,male,false,false,other,married,false,false,small_marginal_farmer,3.71,6.1
C002388,29,female,false,false,government_6_to_12,never_married,false,false,plantation_labourer,0.0,0.0
C002389,35,female,false,false,other,married,false,true,agricultural_labourer,0.0,0.0
C002390,25,male,true,true,government_6_to_12,married,false,false,other,0.0,0.0
C002391,46,female,false,false,government_6_to_12,married,false,false,other,0.0,0.0
C002392,27,female,false,false,government_6_to_12,married,false,false,small_marginal_farmer,4.55,0.36
C002393,18,female,true,true,government_6_to_12,married,true,false,other,0.0,0.0
C002394,34,male,false,false,government_6_to_12,married,false,false,agricultural_labourer,0.0,0.0
C002395,7,male,true,false,other,never_married,false,false,other,0.0,0.0
C002396,65,female,false,false,other,married,false,false,plantation_labourer,0.82,1.26
C002397,34,female,false,false,government_or_aided_tamil_medium_6_to_12,married,false,false,plantation_labourer,0.0,0.0
C002398,41,male,false,false,other,married,false,true,agricultural_labourer,0.0,0.0
C002399,38,male,false,false,other,married,false,false,other,0.0,0.0
C002400,49,male,false,false,other,married,false,true,other,0.0,0.0
C002401,53,male,false,false,government_6_to_12,married,false,false,plantation_labourer,0.0,0.0
C002402,57,female,false,false,government_6_to_12,married,true,false,other,0.0,0.0
C002403,35,female,false,false,government_6_to_12,widow,false,false,small_marginal_farmer,7.97,10.45
C002404,39,female,false,false,other,married,false,false,inland_fishing,0.0,0.0
C002405,43,male,false,false,government_6_to_12,never_married,false,false,agricultural_labourer,0.0,0.0
C002406,90,female,false,false,government_or_aided_tamil_medium_6_to_12,widow_remarrying,false,false,other,0.0,0.0
C002407,23,female,true,true,government_or_aided_tamil_medium_6_to_12,never_married,true,false,other,0.0,0.0
C002408,54,male,false,false,government_or_aided_tamil_medium_6_to_12,married,false,false,small_marginal_farmer,0.41,2.27
C002409,38,male,false,false,government_6_to_12,married,false,false,small_marginal_farmer,1.31,3.25
C002410,74,female,false,false,government_6_to_12,married,false,false,small_marginal_farmer,4.97,0.6
C002411,47,transgender,false,false,other,married,false,false,small_marginal_farmer,1.37,6.75
C002412,64,female,false,false,other,widow_remarrying,false,false,other,0.0,0.0
C002413,58,male,false,false,other,married,false,false,small_marginal_farmer,1.31,0.89
C002414,65,female,false,false,government_or_aided_tamil_medium_6_to_12,widow_remarrying,false,false,inland_fishing,0.0,0.0
C002415,23,female,false,false,government_or_aided_tamil_medium_6_to_12,never_married,false,true,other,0.0,0.0
C002416,61,female,false,false,other,widow,false,false,other,0.0,0.0
C002417,34,male,false,false,other,married,false,false,other,0.0,0.0
C002418,20,female,true,false,other,never_married,false,true,other,0.0,0.0
C002419,66,male,false,false,government_6_to_12,married,false,false,agricultural_labourer,0.0,0.0
C002420,52,male,false,false,other,widow,false,false,plantation_labourer,0.0,0.0
C002421,59,male,false,false,government_6_to_12,married,false,true,small_marginal_farmer,1.85,5.27
C002422,40,male,false,false,other,married,false,true,plantation_labourer,0.0,0.0
C002423,37,female,false,false,government_6_to_12,never_married,false,false,other,0.0,0.0
C002424,6,male,true,false,other,never_married,true,false,other,0.0,0.0
C002425,66,transgender,false,false,other,married,false,false,agricultural_labourer,0.0,0.0
C002426,6,female,true,false,other,never_married,false,false,other,0.0,0.0
C002427,66,male,false,false,government_6_to_12,married,false,true,small_marginal_farmer,2.46,0.99
C002428,18,male,true,true,other,never_married,false,true,other,0.0,0.0
C002429,9,female,true,false,other,never_married,false,false,other,0.0,0.0
C002430,61,female,false,false,government_or_aided_tamil_medium_6_to_12,married,false,false,small_marginal_farmer,2.82,3.15
C002431,31,female,false,false,government_6_to_12,married,false,false,other,0.0,0.0
C002432,46,female,false,false,government_or_aided_tamil_medium_6_to_12,widow_remarrying,false,false,small_marginal_farmer,1.23,7.08
C002433,24,male,false,false,government_6_to_12,married,false,false,agricultural_labourer,0.0,0.0
C002434,24,female,false,false,other,never_married,false,false,other,0.0,0.0
C002435,35,female,false,false,government_6_to_12,married,false,true,other,0.0,0.0
C002436,46,male,false,false,other,widow_remarrying,false,false,other,0.0,0.0
C002437,52,female,false,false,other,widow,false,false,plantation_labourer,0.0,0.0
C002438,25,female,false,false,other,widow,false,false,plantation_labourer,0.0,0.0
C002439,88,female,true,false,government_6_to_12,married,false,false,other,0.0,0.0
C002440,61,transgender,false,false,other,widow_remarrying,false,true,inland_fishing,0.0,0.0
C002441,30,male,true,true,government_6_to_12,widow,false,false,other,0.0,0.0
C002442,58,female,false,false,other,never_married,false,false,other,0.0,0.0
C002443,64,male,false,false,government_or_aided_tamil_medium_6_to_12,married,false,false,other,0.0,0.0
C002444,36,male,false,false,government_6_to_12,never_married,false,true,agricultural_labourer,0.0,0.0
C002445,6,female,true,false,other,never_married,false,false,other,0.0,0.0
C002446,26,female,false,false,government_6_to_12,widow,false,false,other,0.0,0.0
C002447,21,female,false,false,government_or_aided_tamil_medium_6_to_12,never_married,false,false,other,0.0,0.0
C002448,3,male,false,false,other,never_married,false,false,other,0.0,0.0
C002449,89,male,false,false,government_6_to_12,never_married,false,false,other,0.0,0.0
C002450,62,female,false,false,other,married,false,false,other,0.0,0.0
C002451,44,transgender,false,false,government_6_to_12,married,false,false,plantation_labourer,0.0,0.0
C002452,19,female,true,false,other,never_married,false,false,other,0.0,0.0
C002453,24,female,false,false,government_6_to_12,never_married,false,false,plantation_labourer,0.0,0.0
C002454,75,male,false,false,other,married,false,false,other,0.0,0.0
C002455,12,male,true,false,other,never_married,true,false,other,0.0,0.0
C002456,44,female,false,false,other,married,false,false,agricultural_labourer,0.0,0.0
C002457,9,male,false,false,other,never_married,false,false,other,0.0,0.0
C002458,29,male,false,false,other,married,false,false,agricultural_labourer,0.0,0.0
C002459,6,female,true,false,other,never_married,false,false,other,0.0,0.0
C002460,49,male,false,false,government_6_to_12,married,false,false,small_marginal_farmer,0.44,4.38
C002461,19,male,true,true,other,widow,false,false,other,0.0,0.0
C002462,26,female,false,false,government_6_to_12,married,true,false,other,0.0,0.0
C002463,24,male,false,false,government_or_aided_tamil_medium_6_to_12,never_married,false,false,plantation_labourer,0.0,0.0
C002464,1,female,true,false,other,never_married,false,false,other,0.0,0.0
C002465,59,female,false,false,government_6_to_12,widow,false,true,other,0.0,0.0
C002466,54,transgender,false,false,government_6_to_12,married,false,false,plantation_labourer,0.0,0.0
C002467,39,male,false,false,other,married,false,true,small_marginal_farmer,0.94,6.03
C002468,34,male,false,false,other,married,false,true,other,0.0,0.0
C002469,21,female,true,true,government_or_aided_tamil_medium_6_to_12,never_married,false,false,other,0.0,0.0
C002470,34,male,false,false,other,married,false,false,small_marginal_farmer,1.0,0.24
C002471,41,female,false,false,government_6_to_12,married,false,false,other,0.0,0.0
C002472,56,male,false,false,other,widow,false,false,inland_fishing,0.0,0.0
C002473,51,female,false,false,government_6_to_12,married,false,false,other,0.0,0.0
C002474,8,male,true,false,other,never_married,false,false,other,0.0,0.0
C002475,4,transgender,true,false,other,never_married,false,true,other,0.0,0.0
C002476,25,male,true,true,government_or_aided_tamil_medium_6_to_12,never_married,false,false,other,0.0,0.0
C002477,18,male,false,false,other,married,false,false,other,0.0,0.0
C002478,11,male,false,false,other,never_married,false,false,other,0.0,0.0
C002479,61,male,false,false,government_6_to_12,never_married,false,true,small_marginal_farmer,3.94,10.79
C002480,20,male,false,false,government_or_aided_tamil_medium_6_to_12,never_married,false,false,other,0.0,0.0
C002481,28,male,false,false,government_6_to_12,never_married,false,false,inland_fishing,0.0,0.0
C002482,80,male,false,false,other,married,false,false,other,0.0,0.0
C002483,6,male,false,false,other,never_married,false,false,other,0.0,0.0
C002484,10,male,true,false,other,never_married,false,false,other,0.0,0.0
C002485,25,female,true,true,government_6_to_12,widow,false,false,other,0.0,0.0
C002486,75,female,false,false,government_6_to_12,never_married,false,true,plantation_labourer,0.0,0.0
C002487,52,male,false,false,government_or_aided_tamil_medium_6_to_12,never_married,false,true,agricultural_labourer,0.0,0.0
C002488,21,male,true,true,government_or_aided_tamil_medium_6_to_12,never_married,true,false,other,0.0,0.0
C002489,84,female,false,false,government_6_to_12,married,false,true,other,0.0,0.0
C002490,66,female,false,false,government_6_to_12,never_married,false,false,plantation_labourer,0.79,0.78
C002491,76,female,false,false,other,married,false,true,other,0.0,0.0
C002492,14,male,true,false,other,never_married,false,false,other,0.0,0.0
C002493,30,male,false,false,government_6_to_12,married,true,false,other,0.0,0.0
C002494,41,male,false,false,other,married,false,false,other,0.0,0.0
C002495,29,male,false,false,other,widow,false,true,agricultural_labourer,0.59,1.43
C002496,45,male,false,false,government_or_aided_tamil_medium_6_to_12,widow_remarrying,false,true,other,0.0,0.0
C002497,70,female,false,false,government_6_to_12,widow,false,false,other,0.0,0.0
C002498,7,female,true,false,other,never_married,false,false,other,0.0,0.0
C002499,21,transgender,false,false,other,never_married,false,false,agricultural_labourer,0.0,0.0
C002500,48,transgender,false,false,government_or_aided_tamil_medium_6_to_12,never_married,false,true,other,0.0,0.0
C002501,10,male,true,false,other,never_married,false,true,other,0.0,0.0
C002502,63,male,false,false,other,widow,false,false,small_marginal_farmer,5.18,7.03
C002503,80,male,false,false,government_6_to_12,widow,true,false,other,0.0,0.0
C002504,10,male,true,false,other,never_married,false,false,other,0.0,0.0
C002505,19,male,true,true,other,never_married,false,true,other,0.0,0.0
C002506,21,transgender,true,true,government_6_to_12,never_married,false,false,other,0.0,0.0
C002507,7,female,true,false,other,never_married,false,false,other,0.0,0.0
C002508,63,female,false,false,other,widow,false,false,other,0.0,0.0
C002509,43,female,false,false,government_6_to_12,married,false,false,other,0.0,0.0
C002510,25,female,true,false,government_or_aided_tamil_medium_6_to_12,married,false,true,other,0.0,0.0
C002511,58,male,false,false,other,widow,false,true,other,0.0,0.0
C002512,3,male,true,false,other,never_married,false,false,other,0.0,0.0
C002513,34,male,false,false,government_or_aided_tamil_medium_6_to_12,married,false,false,other,0.0,0.0
C002514,23,male,true,true,government_or_aided_tamil_medium_6_to_12,never_married,false,false,other,0.0,0.0
C002515,65,transgender,false,false,other,married,false,false,small_marginal_farmer,4.54,7.08
C002516,36,female,false,false,government_or_aided_tamil_medium_6_to_12,widow_remarrying,false,false,small_marginal_farmer,0.33,3.18
C002517,26,male,false,false,other,married,false,false,plantation_labourer,0.0,0.0
C002518,54,male,false,false,government_6_to_12,married,false,false,agricultural_labourer,0.89,0.69
C002519,50,female,false,false,other,never_married,false,false,other,0.0,0.0
C002520,45,female,false,false,government_or_aided_tamil_medium_6_to_12,widow_remarrying,false,false,small_marginal_farmer,4.8,8.05
C002521,52,female,false,false,government_6_to_12,married,false,true,inland_fishing,0.92,0.71
C002522,24,male,true,true,government_6_to_12,married,false,false,other,0.0,0.0
C002523,43,female,false,false,government_or_aided_tamil_medium_6_to_12,married,false,true,inland_fishing,0.0,0.0
C002524,37,male,false,false,government_6_to_12,never_married,false,false,agricultural_labourer,0.4,0.36
C002525,71,male,false,false,other,married,false,true,agricultural_labourer,0.0,0.0
C002526,40,female,false,false,government_or_aided_tamil_medium_6_to_12,married,false,false,other,0.0,0.0
C002527,25,male,false,false,government_or_aided_tamil_medium_6_to_12,married,false,false,agricultural_labourer,0.38,0.92
C002528,32,female,false,false,other,widow,false,false,other,0.0,0.0
C002529,23,transgender,false,false,other,never_married,false,true,small_marginal_farmer,0.66,4.91
C002530,15,male,true,false,other,never_married,false,false,other,0.0,0.0
C002531,37,female,false,false,government_6_to_12,married,false,false,other,0.0,0.0
C002532,40,male,false,false,government_6_to_12,married,false,false,other,0.0,0.0
C002533,14,male,true,false,other,never_married,false,true,other,0.0,0.0
C002534,40,female,false,false,government_or_aided_tamil_medium_6_to_12,married,false,false,agricultural_labourer,0.0,0.0
C002535,40,female,false,false,government_6_to_12,married,false,false,other,0.0,0.0
C002536,0,male,true,false,other,never_married,false,true,other,0.0,0.0
C002537,39,female,false,false,government_or_aided_tamil_medium_6_to_12,married,false,false,other,0.0,0.0
C002538,66,female,false,false,government_or_aided_tamil_medium_6_to_12,married,false,true,inland_fishing,0.0,0.0
C002539,59,male,false,false,other,never_married,false,false,small_marginal_farmer,3.28,2.11
C002540,32,male,false,false,government_6_to_12,married,false,true,other,0.0,0.0
C002541,25,female,true,false,other,married,false,false,other,0.0,0.0
C002542,85,male,false,false,government_or_aided_tamil_medium_6_to_12,married,false,false,other,0.0,0.0
C002543,25,male,false,false,government_6_to_12,never_married,false,false,agricultural_labourer,0.76,0.44
C002544,20,male,true,true,government_or_aided_tamil_medium_6_to_12,never_married,false,false,other,0.0,0.0
C002545,78,female,false,false,other,widow,false,false,other,0.0,0.0
C002546,28,male,false,false,other,married,false,false,agricultural_labourer,0.0,0.0
C002547,18,female,true,true,government_6_to_12,never_married,true,false,other,0.0,0.0
C002548,28,male,false,false,government_or_aided_tamil_medium_6_to_12,married,false,false,other,0.0,0.0
C002549,56,female,false,false,other,married,false,true,inland_fishing,0.33,1.2
C002550,30,male,false,false,other,married,false,false,inland_fishing,0.0,0.0
C002551,4,transgender,true,false,other,never_married,false,false,other,0.0,0.0
C002552,6,female,true,false,other,never_married,false,false,other,0.0,0.0
C002553,19,transgender,true,false,government_6_to_12,never_married,false,false,other,0.0,0.0
C002554,13,female,true,false,other,never_married,false,false,other,0.0,0.0
C002555,40,female,false,false,government_or_aided_tamil_medium_6_to_12,never_married,false,false,small_marginal_farmer,0.23,2.81
C002556,55,female,false,false,government_or_aided_tamil_medium_6_to_12,married,false,false,other,0.0,0.0
C002557,58,female,false,false,government_6_to_12,widow,false,false,plantation_labourer,0.0,0.0
C002558,0,male,true,false,other,never_married,false,false,other,0.0,0.0
C002559,33,female,false,false,other,married,false,false,other,0.0,0.0
C002560,24,female,false,false,government_6_to_12,never_married,false,false,other,0.0,0.0
C002561,65,male,false,false,government_or_aided_tamil_medium_6_to_12,widow,false,false,other,0.0,0.0
C002562,25,female,false,false,government_or_aided_tamil_medium_6_to_12,married,false,false,other,0.0,0.0
C002563,54,male,false,false,other,married,false,false,other,0.0,0.0
C002564,27,female,false,false,government_6_to_12,widow_remarrying,false,false,other,0.0,0.0
C002565,51,male,false,false,other,never_married,false,false,agricultural_labourer,0.0,0.0
C002566,25,male,false,false,other,widow,false,false,small_marginal_farmer,0.42,1.11
C002567,58,male,false,false,other,married,false,true,agricultural_labourer,0.63,1.4
C002568,24,female,false,false,government_6_to_12,never_married,false,false,other,0.0,0.0
C002569,63,male,false,false,government_6_to_12,widow,false,false,agricultural_labourer,0.0,0.0
C002570,47,transgender,false,false,government_or_aided_tamil_medium_6_to_12,married,false,false,other,0.0,0.0
C002571,25,male,true,true,other,widow,false,false,other,0.0,0.0
C002572,20,female,true,true,government_6_to_12,never_married,false,false,other,0.0,0.0
C002573,61,male,false,false,government_or_aided_tamil_medium_6_to_12,widow,false,false,other,0.0,0.0
C002574,29,male,false,false,government_or_aided_tamil_medium_6_to_12,married,false,false,small_marginal_farmer,4.48,0.63
C002575,56,female,false,false,government_or_aided_tamil_medium_6_to_12,widow_remarrying,true,true,other,0.0,0.0
C002576,21,male,false,false,other,never_married,false,false,other,0.0,0.0
C002577,79,female,false,false,other,widow,false,false,other,0.0,0.0
C002578,25,female,true,true,government_6_to_12,married,false,false,other,0.0,0.0
C002579,49,female,false,false,government_6_to_12,never_married,false,true,small_marginal_farmer,3.88,6.59
C002580,40,male,false,false,other,married,false,true,other,0.0,0.0
C002581,22,male,false,false,government_6_to_12,never_married,false,true,agricultural_labourer,0.0,0.0
C002582,24,female,false,false,government_or_aided_tamil_medium_6_to_12,never_married,false,false,small_marginal_farmer,2.38,6.57
C002583,24,male,false,false,government_6_to_12,never_married,false,true,small_marginal_farmer,2.42,1.51
C002584,9,male,true,false,other,never_married,false,false,other,0.0,0.0
C002585,44,male,false,false,government_or_aided_tamil_medium_6_to_12,married,false,false,agricultural_labourer,0.0,0.0
C002586,23,female,true,true,government_or_aided_tamil_medium_6_to_12,married,false,false,other,0.0,0.0
C002587,78,male,false,false,other,widow,false,false,other,0.0,0.0
C002588,50,male,false,false,government_or_aided_tamil_medium_6_to_12,never_married,false,false,agricultural_labourer,0.0,0.0
C002589,82,male,false,false,government_or_aided_tamil_medium_6_to_12,widow,false,false,other,0.0,0.0
C002590,19,male,false,false,government_or_aided_tamil_medium_6_to_12,never_married,false,true,other,0.0,0.0
C002591,55,male,false,false,other,married,false,false,small_marginal_farmer,6.44,5.49
C002592,15,female,true,false,other,never_married,false,false,other,0.0,0.0
C002593,55,male,false,false,government_6_to_12,widow,false,false,plantation_labourer,0.24,0.73
C002594,24,male,false,false,government_or_aided_tamil_medium_6_to_12,never_married,false,false,plantation_labourer,0.0,0.0
C002595,51,male,false,false,government_6_to_12,never_married,false,false,small_marginal_farmer,7.5,9.89
C002596,24,female,true,true,government_or_aided_tamil_medium_6_to_12,never_married,false,false,other,0.0,0.0
C002597,38,male,false,false,other,married,false,true,other,0.0,0.0
C002598,9,female,true,false,other,never_married,false,false,other,0.0,0.0
C002599,21,female,false,false,other,never_married,false,true,small_marginal_farmer,3.48,7.72
C002600,81,male,false,false,government_or_aided_tamil_medium_6_to_12,widow,false,false,other,0.0,0.0
C002601,28,male,false,false,government_6_to_12,married,false,false,other,0.0,0.0
C002602,33,female,false,false,other,married,false,true,other,0.0,0.0
C002603,36,male,false,false,other,married,false,false,other,0.0,0.0
C002604,56,female,false,false,other,married,false,false,agricultural_labourer,0.0,0.0
C002605,19,male,false,false,other,never_married,false,true,other,0.0,0.0
C002606,49,male,false,false,government_or_aided_tamil_medium_6_to_12,widow_remarrying,false,true,other,0.0,0.0
C002607,25,female,false,false,government_6_to_12,widow,false,false,small_marginal_farmer,0.57,1.33
C002608,33,female,false,false,government_or_aided_tamil_medium_6_to_12,married,false,false,agricultural_labourer,0.0,0.0
C002609,84,female,false,false,government_or_aided_tamil_medium_6_to_12,widow_remarrying,false,true,other,0.0,0.0
C002610,13,male,true,false,other,never_married,false,false,other,0.0,0.0
C002611,47,female,false,false,government_or_aided_tamil_medium_6_to_12,married,false,true,small_marginal_farmer,3.74,8.35
C002612,60,male,false,false,other,married,false,false,agricultural_labourer,0.0,0.0
C002613,52,male,false,false,government_or_aided_tamil_medium_6_to_12,married,true,false,other,0.0,0.0
C002614,31,female,false,false,other,never_married,false,true,small_marginal_farmer,2.64,9.75
C002615,30,male,false,false,government_or_aided_tamil_medium_6_to_12,married,false,false,inland_fishing,0.0,0.0
C002616,60,female,false,false,government_6_to_12,widow,false,false,other,0.0,0.0
C002617,61,female,false,false,other,widow_remarrying,false,false,agricultural_labourer,0.0,0.0
C002618,56,female,false,false,government_6_to_12,widow_remarrying,false,false,agricultural_labourer,0.0,0.0
C002619,55,male,false,false,other,never_married,false,true,inland_fishing,0.76,0.44
C002620,26,female,false,false,government_or_aided_tamil_medium_6_to_12,married,false,true,agricultural_labourer,0.0,0.0
C002621,26,male,true,false,government_6_to_12,widow,false,false,other,0.0,0.0
C002622,23,male,true,false,government_6_to_12,never_married,false,false,other,0.0,0.0
C002623,41,male,false,false,government_6_to_12,never_married,false,false,small_marginal_farmer,0.5,6.34
C002624,25,female,true,true,other,married,false,false,other,0.0,0.0
C002625,47,female,false,false,government_6_to_12,never_married,false,true,other,0.0,0.0
C002626,42,male,false,false,other,married,false,false,other,0.0,0.0
C002627,25,female,true,true,government_6_to_12,married,false,false,other,0.0,0.0
C002628,46,female,false,false,government_6_to_12,married,false,false,inland_fishing,0.0,0.0
C002629,14,male,true,false,other,never_married,false,false,other,0.0,0.0
C002630,31,female,false,false,other,married,false,false,other,0.0,0.0
C002631,44,male,false,false,other,married,false,false,other,0.0,0.0
C002632,27,male,true,false,government_or_aided_tamil_medium_6_to_12,married,false,false,other,0.0,0.0
C002633,20,male,true,false,government_or_aided_tamil_medium_6_to_12,never_married,false,false,other,0.0,0.0
C002634,10,female,true,false,other,never_married,false,false,other,0.0,0.0
C002635,38,female,false,false,government_or_aided_tamil_medium_6_to_12,married,false,true,small_marginal_farmer,0.93,4.59
C002636,62,female,false,false,other,widow_remarrying,false,false,small_marginal_farmer,1.6,6.08
C002637,32,female,false,false,government_or_aided_tamil_medium_6_to_12,never_married,false,false,other,0.0,0.0
C002638,2,female,true,false,other,never_married,false,false,other,0.0,0.0
C002639,47,female,false,false,government_or_aided_tamil_medium_6_to_12,widow,false,true,plantation_labourer,0.0,0.0
C002640,46,female,false,false,government_or_aided_tamil_medium_6_to_12,married,false,false,other,0.0,0.0
C002641,10,male,true,false,other,never_married,false,false,other,0.0,0.0
C002642,49,male,false,false,government_6_to_12,married,false,true,small_marginal_farmer,2.56,11.04
C002643,41,male,false,false,other,married,false,false,other,0.0,0.0
C002644,13,male,true,false,other,never_married,false,false,other,0.0,0.0
C002645,35,male,false,false,government_6_to_12,widow_remarrying,false,false,other,0.0,0.0
C002646,41,male,false,false,other,married,true,true,other,0.0,0.0
C002647,16,male,true,false,government_6_to_12,never_married,false,false,other,0.0,0.0
C002648,38,female,false,false,other,married,false,true,small_marginal_farmer,1.39,3.05
C002649,19,female,false,false,government_or_aided_tamil_medium_6_to_12,married,false,true,other,0.0,0.0
C002650,88,female,false,false,government_or_aided_tamil_medium_6_to_12,widow_remarrying,false,false,other,0.0,0.0
C002651,54,male,false,false,government_or_aided_tamil_medium_6_to_12,widow_remarrying,false,false,plantation_labourer,0.0,0.0
C002652,66,male,false,false,government_or_aided_tamil_medium_6_to_12,married,false,true,plantation_labourer,0.0,0.0
C002653,82,male,false,false,government_6_to_12,married,false,false,other,0.0,0.0
C002654,85,female,false,false,government_6_to_12,widow,false,true,other,0.0,0.0
C002655,1,male,true,false,other,never_married,false,false,other,0.0,0.0
C002656,31,male,true,true,other,married,false,true,other,0.0,0.0
C002657,30,female,false,false,government_or_aided_tamil_medium_6_to_12,married,true,false,small_marginal_farmer,3.47,10.18
C002658,66,male,false,false,other,married,false,false,small_marginal_farmer,2.25,5.53
C002659,62,male,false,false,other,married,false,false,other,0.0,0.0
C002660,61,male,false,false,government_or_aided_tamil_medium_6_to_12,widow_remarrying,false,false,small_marginal_farmer,3.79,3.24
C002661,61,female,false,false,government_6_to_12,married,false,true,other,0.0,0.0
C002662,59,female,false,false,government_or_aided_tamil_medium_6_to_12,married,false,false,other,0.0,0.0
C002663,9,female,true,false,other,never_married,true,true,other,0.0,0.0
C002664,23,male,false,false,other,never_married,false,false,other,0.0,0.0
C002665,48,male,false,false,government_6_to_12,married,false,false,other,0.0,0.0
C002666,48,transgender,false,false,government_or_aided_tamil_medium_6_to_12,married,false,false,inland_fishing,0.0,0.0
C002667,18,male,false,false,government_6_to_12,married,false,true,agricultural_labourer,0.0,0.0
C002668,20,female,true,true,other,never_married,false,false,other,0.0,0.0
C002669,24,female,true,false,government_6_to_12,never_married,false,false,other,0.0,0.0
C002670,66,female,false,false,other,married,false,false,small_marginal_farmer,3.45,5.84
C002671,38,female,false,false,government_6_to_12,married,false,false,other,0.0,0.0
C002672,44,male,false,false,government_or_aided_tamil_medium_6_to_12,never_married,false,false,plantation_labourer,0.0,0.0
C002673,65,male,false,false,government_6_to_12,never_married,false,false,other,0.0,0.0
C002674,44,male,false,false,other,never_married,false,false,small_marginal_farmer,1.21,0.9
C002675,38,male,false,false,government_6_to_12,married,false,false,plantation_labourer,0.0,0.0
C002676,48,female,false,false,other,married,false,false,other,0.0,0.0
C002677,13,male,true,false,other,never_married,false,false,other,0.0,0.0
C002678,23,female,false,false,other,never_married,false,false,other,0.0,0.0
C002679,52,female,false,false,other,never_married,false,true,other,0.0,0.0
C002680,77,male,false,false,other,married,false,false,agricultural_labourer,0.0,0.0
C002681,40,transgender,false,false,other,never_married,false,false,other,0.0,0.0
C002682,6,female,true,false,other,never_married,false,false,other,0.0,0.0
C002683,44,male,false,false,government_or_aided_tamil_medium_6_to_12,married,false,false,small_marginal_farmer,1.18,6.43
C002684,18,male,true,true,other,never_married,false,false,other,0.0,0.0
C002685,15,female,true,false,other,never_married,false,false,other,0.0,0.0
C002686,4,male,true,false,other,never_married,false,false,other,0.0,0.0
C002687,56,male,false,false,other,married,true,false,other,0.0,0.0
C002688,13,male,true,false,other,never_married,false,false,other,0.0,0.0
C002689,84,female,false,false,government_or_aided_tamil_medium_6_to_12,married,false,false,other,0.0,0.0
C002690,20,male,true,false,government_6_to_12,never_married,false,false,other,0.0,0.0
C002691,35,male,false,false,other,married,false,false,inland_fishing,0.32,1.32
C002692,34,male,false,false,other,never_married,true,false,inland_fishing,0.89,0.62
C002693,1,female,true,false,other,never_married,false,false,other,0.0,0.0
C002694,38,female,false,false,government_or_aided_tamil_medium_6_to_12,widow_remarrying,false,false,agricultural_labourer,0.0,0.0
C002695,21,male,true,true,government_6_to_12,married,false,false,other,0.0,0.0
C002696,24,male,true,false,other,never_married,true,false,other,0.0,0.0
C002697,34,male,true,true,government_6_to_12,married,true,false,other,0.0,0.0
C002698,30,male,false,false,other,married,false,false,other,0.0,0.0
C002699,7,female,true,false,other,never_married,false,false,other,0.0,0.0
C002700,33,female,false,false,government_6_to_12,never_married,false,false,other,0.0,0.0
C002701,10,female,true,false,other,never_married,false,true,other,0.0,0.0
C002702,8,male,true,false,other,never_married,false,false,other,0.0,0.0
C002703,54,transgender,false,false,government_6_to_12,married,false,false,other,0.0,0.0
C002704,8,male,true,false,other,never_married,false,false,other,0.0,0.0
C002705,55,male,false,false,other,married,false,false,small_marginal_farmer,0.98,3.6
C002706,23,female,false,false,government_or_aided_tamil_medium_6_to_12,never_married,false,false,plantation_labourer,0.0,0.0
C002707,2,male,true,false,other,never_married,false,false,other,0.0,0.0
C002708,61,male,false,false,other,married,false,false,agricultural_labourer,0.92,0.16
C002709,82,female,false,false,government_or_aided_tamil_medium_6_to_12,married,false,false,other,0.0,0.0
C002710,38,male,false,false,other,never_married,false,false,other,0.0,0.0
C002711,64,male,false,false,other,married,false,true,small_marginal_farmer,6.22,11.41
C002712,4,female,true,false,other,never_married,false,false,other,0.0,0.0
C002713,32,male,false,false,government_or_aided_tamil_medium_6_to_12,married,false,false,other,0.0,0.0
C002714,31,male,false,false,government_6_to_12,widow,false,false,agricultural_labourer,0.22,0.79
C002715,32,male,true,true,other,never_married,false,false,other,0.0,0.0
C002716,22,female,false,false,other,never_married,false,true,small_marginal_farmer,2.56,3.01
C002717,45,male,false,false,government_or_aided_tamil_medium_6_to_12,never_married,false,false,plantation_labourer,0.0,0.0
C002718,52,female,false,false,government_6_to_12,widow,false,true,other,0.0,0.0
C002719,41,male,false,false,government_6_to_12,married,false,true,other,0.0,0.0
C002720,49,transgender,false,false,government_or_aided_tamil_medium_6_to_12,never_married,false,false,small_marginal_farmer,4.37,4.17
C002721,77,male,false,false,other,married,true,true,agricultural_labourer,0.0,0.0
C002722,30,female,false,false,other,married,false,true,small_marginal_farmer,5.12,5.24
C002723,69,female,false,false,government_6_to_12,widow,false,false,other,0.0,0.0
C002724,15,transgender,true,false,other,never_married,false,false,other,0.0,0.0
C002725,20,female,false,false,government_or_aided_tamil_medium_6_to_12,married,false,false,agricultural_labourer,0.0,0.0
C002726,74,female,false,false,government_6_to_12,widow,false,false,other,0.0,0.0
C002727,50,female,false,false,other,married,false,true,other,0.0,0.0
C002728,10,female,true,false,other,never_married,false,true,other,0.0,0.0
C002729,43,male,false,false,other,widow_remarrying,false,false,small_marginal_farmer,7.21,9.3
C002730,55,female,false,false,other,married,false,false,plantation_labourer,0.0,0.0
C002731,21,transgender,true,false,government_6_to_12,widow_remarrying,false,false,other,0.0,0.0
C002732,22,transgender,false,false,government_6_to_12,never_married,false,true,inland_fishing,0.0,0.0
C002733,72,female,false,false,other,widow_remarrying,false,true,other,0.0,0.0
C002734,65,male,false,false,other,married,false,false,other,0.0,0.0
C002735,42,female,false,false,other,married,false,false,other,0.0,0.0
C002736,24,female,false,false,other,never_married,false,true,inland_fishing,0.0,0.0
C002737,27,female,false,false,other,never_married,false,false,other,0.0,0.0
C002738,20,female,false,false,other,never_married,false,true,inland_fishing,0.0,0.0
C002739,31,female,false,false,other,widow_remarrying,false,true,agricultural_labourer,0.0,0.0
C002740,37,male,false,false,other,married,false,false,other,0.0,0.0
C002741,70,female,false,false,government_or_aided_tamil_medium_6_to_12,married,false,true,other,0.0,0.0
C002742,14,male,true,false,other,never_married,false,true,other,0.0,0.0
C002743,47,male,false,false,other,married,false,false,other,0.0,0.0
C002744,22,male,false,false,other,never_married,false,false,other,0.0,0.0
C002745,60,female,false,false,government_or_aided_tamil_medium_6_to_12,widow,false,false,other,0.0,0.0
C002746,8,male,true,false,other,never_married,false,false,other,0.0,0.0
C002747,52,female,false,false,government_6_to_12,widow,false,false,plantation_labourer,0.0,0.0
C002748,32,male,false,false,government_6_to_12,widow,false,false,agricultural_labourer,0.0,0.0
C002749,65,female,false,false,other,widow,false,false,small_marginal_farmer,4.44,6.78
C002750,12,male,true,false,other,never_married,true,false,other,0.0,0.0
C002751,45,female,false,false,government_6_to_12,married,false,true,other,0.0,0.0
C002752,61,female,false,false,government_or_aided_tamil_medium_6_to_12,married,false,false,other,0.0,0.0
C002753,46,female,false,false,government_or_aided_tamil_medium_6_to_12,married,false,true,other,0.0,0.0
C002754,20,male,false,false,government_or_aided_tamil_medium_6_to_12,married,false,false,other,0.0,0.0
C002755,62,male,false,false,other,widow,false,true,other,0.0,0.0
C002756,35,male,false,false,other,widow,false,false,other,0.0,0.0
C002757,41,female,false,false,government_or_aided_tamil_medium_6_to_12,married,false,true,other,0.0,0.0
C002758,73,female,false,false,government_6_to_12,widow,false,true,other,0.0,0.0
C002759,42,male,false,false,other,married,false,false,other,0.0,0.0
C002760,6,transgender,true,false,other,never_married,false,false,other,0.0,0.0
C002761,40,male,false,false,government_6_to_12,never_married,false,true,other,0.0,0.0
C002762,51,female,false,false,government_or_aided_tamil_medium_6_to_12,never_married,false,false,other,0.0,0.0
C002763,21,male,false,false,government_or_aided_tamil_medium_6_to_12,never_married,false,false,other,0.0,0.0
C002764,7,male,true,false,other,never_married,false,false,other,0.0,0.0
C002765,58,male,false,false,other,married,false,false,small_marginal_farmer,5.05,4.66
C002766,30,female,false,false,government_or_aided_tamil_medium_6_to_12,widow_remarrying,false,false,other,0.0,0.0
C002767,15,male,true,false,other,never_married,false,false,other,0.0,0.0
C002768,30,female,false,false,government_6_to_12,married,false,false,other,0.0,0.0
C002769,44,transgender,false,false,other,never_married,false,true,other,0.0,0.0
C002770,64,male,false,false,other,widow,false,false,small_marginal_farmer,6.96,5.74
C002771,44,female,false,false,other,married,false,true,other,0.0,0.0
C002772,47,female,false,false,government_or_aided_tamil_medium_6_to_12,married,false,true,other,0.0,0.0
C002773,22,female,true,true,government_6_to_12,never_married,false,false,other,0.0,0.0
C002774,35,female,false,false,other,married,false,true,plantation_labourer,0.0,0.0
C002775,28,male,false,false,government_or_aided_tamil_medium_6_to_12,widow_remarrying,false,false,small_marginal_farmer,1.37,0.95
C002776,34,male,false,false,government_6_to_12,married,false,false,small_marginal_farmer,6.68,9.21
C002777,21,male,false,false,other,never_married,false,false,other,0.0,0.0
C002778,44,male,false,false,other,married,false,false,small_marginal_farmer,1.54,0.43
C002779,26,female,false,false,government_6_to_12,married,true,false,other,0.0,0.0
C002780,19,female,false,false,government_or_aided_tamil_medium_6_to_12,never_married,true,true,other,0.0,0.0
C002781,18,female,true,false,other,never_married,true,false,other,0.0,0.0
C002782,27,male,false,false,government_6_to_12,married,false,false,inland_fishing,0.12,0.51
C002783,41,male,false,false,government_or_aided_tamil_medium_6_to_12,married,false,false,other,0.0,0.0
C002784,24,female,false,false,government_or_aided_tamil_medium_6_to_12,never_married,false,true,small_marginal_farmer,0.21,1.16
C002785,83,female,false,false,government_or_aided_tamil_medium_6_to_12,married,false,false,other,0.0,0.0
C002786,49,female,false,false,government_6_to_12,widow,false,true,agricultural_labourer,0.0,0.0
C002787,53,female,false,false,government_or_aided_tamil_medium_6_to_12,married,false,false,small_marginal_farmer,0.51,7.7
C002788,18,female,false,false,other,never_married,false,true,plantation_labourer,0.0,0.0
C002789,29,transgender,false,false,government_6_to_12,married,false,true,inland_fishing,0.0,0.0
C002790,20,male,false,false,other,never_married,false,false,agricultural_labourer,0.0,0.0
C002791,70,male,false,false,government_or_aided_tamil_medium_6_to_12,married,false,true,plantation_labourer,0.0,0.0
C002792,56,female,false,false,other,married,false,false,small_marginal_farmer,0.63,5.93
C002793,12,male,true,false,other,never_married,false,false,other,0.0,0.0
C002794,59,male,false,false,other,widow,false,false,small_marginal_farmer,5.53,4.42
C002795,84,male,true,false,government_6_to_12,married,true,false,other,0.0,0.0
C002796,57,female,false,false,government_or_aided_tamil_medium_6_to_12,widow,false,true,other,0.0,0.0
C002797,18,male,false,false,government_or_aided_tamil_medium_6_to_12,widow_remarrying,true,false,inland_fishing,0.0,0.0
C002798,22,female,true,true,government_or_aided_tamil_medium_6_to_12,never_married,false,false,other,0.0,0.0
C002799,18,female,false,false,other,never_married,false,false,plantation_labourer,0.21,0.73
C002800,26,male,false,false,government_or_aided_tamil_medium_6_to_12,married,false,false,small_marginal_farmer,5.37,0.79
C002801,28,female,false,false,government_6_to_12,never_married,true,false,other,0.0,0.0
C002802,33,male,false,false,government_or_aided_tamil_medium_6_to_12,married,false,false,agricultural_labourer,0.0,0.0
C002803,47,male,false,false,government_6_to_12,married,false,true,other,0.0,0.0
C002804,61,female,false,false,government_6_to_12,widow,false,true,plantation_labourer,0.0,0.0
C002805,28,male,true,true,government_6_to_12,never_married,false,false,other,0.0,0.0
C002806,34,male,false,false,government_or_aided_tamil_medium_6_to_12,married,false,false,agricultural_labourer,0.0,0.0
C002807,34,male,false,false,government_6_to_12,married,false,false,other,0.0,0.0
C002808,26,male,false,false,other,married,true,false,other,0.0,0.0
C002809,59,female,false,false,government_or_aided_tamil_medium_6_to_12,widow,false,false,other,0.0,0.0
C002810,17,male,true,false,government_6_to_12,never_married,false,false,other,0.0,0.0
C002811,33,female,false,false,government_6_to_12,married,false,false,small_marginal_farmer,1.82,5.95
C002812,33,male,false,false,government_6_to_12,married,false,false,other,0.0,0.0
C002813,2,female,true,false,other,never_married,true,false,other,0.0,0.0
C002814,19,male,false,false,government_or_aided_tamil_medium_6_to_12,never_married,false,false,other,0.0,0.0
C002815,27,male,false,false,government_or_aided_tamil_medium_6_to_12,married,true,false,other,0.0,0.0
C002816,64,transgender,false,false,government_or_aided_tamil_medium_6_to_12,widow,false,true,small_marginal_farmer,2.52,6.25
C002817,43,female,false,false,other,widow_remarrying,false,false,agricultural_labourer,0.0,0.0
C002818,32,male,false,false,other,widow_remarrying,false,false,small_marginal_farmer,5.65,1.06
C002819,10,male,true,false,other,never_married,false,false,other,0.0,0.0
C002820,54,female,false,false,other,widow,false,false,other,0.0,0.0
C002821,24,male,false,false,government_6_to_12,never_married,true,true,other,0.0,0.0
C002822,81,male,false,false,government_or_aided_tamil_medium_6_to_12,widow_remarrying,false,false,other,0.0,0.0
C002823,81,male,false,false,government_or_aided_tamil_medium_6_to_12,married,false,true,other,0.0,0.0
C002824,33,male,false,false,government_6_to_12,never_married,false,false,agricultural_labourer,0.0,0.0
C002825,51,female,false,false,government_6_to_12,widow_remarrying,false,false,small_marginal_farmer,5.45,6.3
C002826,30,male,false,false,government_6_to_12,married,true,false,agricultural_labourer,0.0,0.0
C002827,57,male,false,false,other,widow,false,false,other,0.0,0.0
C002828,28,transgender,false,false,government_or_aided_tamil_medium_6_to_12,married,false,false,agricultural_labourer,0.0,0.0
C002829,6,female,false,false,other,never_married,false,false,other,0.0,0.0
C002830,6,female,true,false,other,never_married,true,false,other,0.0,0.0
C002831,14,male,true,false,other,never_married,false,false,other,0.0,0.0
C002832,56,male,false,false,other,widow_remarrying,false,false,agricultural_labourer,0.8,1.02
C002833,40,male,false,false,government_6_to_12,married,false,true,other,0.0,0.0
C002834,80,male,false,false,other,widow,false,false,other,0.0,0.0
C002835,39,female,false,false,government_or_aided_tamil_medium_6_to_12,married,false,false,other,0.0,0.0
C002836,21,male,true,true,government_or_aided_tamil_medium_6_to_12,never_married,false,false,other,0.0,0.0
C002837,34,male,false,false,government_6_to_12,widow_remarrying,false,false,small_marginal_farmer,1.1,4.44
C002838,34,female,false,false,government_6_to_12,never_married,false,false,other,0.0,0.0
C002839,20,female,true,true,government_6_to_12,never_married,false,false,other,0.0,0.0
C002840,18,female,true,true,other,never_married,false,false,other,0.0,0.0
C002841,39,female,false,false,government_6_to_12,married,false,true,small_marginal_farmer,4.03,11.41
C002842,44,female,false,false,government_6_to_12,married,false,false,small_marginal_farmer,7.54,8.94
C002843,43,female,false,false,government_or_aided_tamil_medium_6_to_12,married,false,false,small_marginal_farmer,4.71,7.57
C002844,67,male,false,false,government_6_to_12,widow,false,false,small_marginal_farmer,6.12,10.3
C002845,23,female,false,false,other,never_married,false,false,other,0.0,0.0
C002846,46,male,false,false,government_or_aided_tamil_medium_6_to_12,married,false,false,plantation_labourer,0.0,0.0
C002847,26,male,true,false,government_6_to_12,widow,false,false,other,0.0,0.0
C002848,26,male,false,false,other,widow,false,false,plantation_labourer,0.0,0.0
C002849,45,male,false,false,other,married,false,false,other,0.0,0.0
C002850,33,female,false,false,other,married,false,true,small_marginal_farmer,0.37,3.84
C002851,64,male,false,false,other,married,false,false,plantation_labourer,0.0,0.0
C002852,40,male,false,false,other,married,false,true,other,0.0,0.0
C002853,8,male,true,false,other,never_married,true,false,other,0.0,0.0
C002854,43,male,false,false,other,married,false,false,other,0.0,0.0
C002855,37,female,false,false,government_6_to_12,married,false,false,other,0.0,0.0
C002856,62,male,false,false,other,married,false,false,small_marginal_farmer,3.16,1.5
C002857,44,male,false,false,other,married,false,false,small_marginal_farmer,2.34,7.47
C002858,53,female,false,false,other,widow,false,true,small_marginal_farmer,2.05,6.13
C002859,35,female,false,false,other,married,false,false,agricultural_labourer,0.0,0.0
C002860,35,male,false,false,other,married,false,false,agricultural_labourer,0.0,0.0
C002861,19,female,true,false,other,never_married,false,false,other,0.0,0.0
C002862,44,female,false,false,government_or_aided_tamil_medium_6_to_12,never_married,false,false,other,0.0,0.0
C002863,62,male,false,false,government_or_aided_tamil_medium_6_to_12,never_married,false,false,small_marginal_farmer,5.72,10.4
C002864,10,male,true,false,other,never_married,false,false,other,0.0,0.0
C002865,58,female,false,false,government_or_aided_tamil_medium_6_to_12,widow_remarrying,false,false,other,0.0,0.0
C002866,2,female,true,false,other,never_married,false,false,other,0.0,0.0
C002867,25,female,false,false,other,married,false,false,other,0.0,0.0
C002868,33,male,false,false,government_6_to_12,married,false,false,other,0.0,0.0
C002869,39,female,false,false,government_6_to_12,married,false,false,agricultural_labourer,0.0,0.0
C002870,54,female,false,false,government_or_aided_tamil_medium_6_to_12,married,false,false,other,0.0,0.0
C002871,36,male,false,false,government_or_aided_tamil_medium_6_to_12,married,true,true,inland_fishing,0.58,0.61
C002872,40,male,false,false,other,married,false,false,other,0.0,0.0
C002873,10,male,true,false,other,never_married,false,false,other,0.0,0.0
C002874,43,male,false,false,other,widow_remarrying,false,false,inland_fishing,0.0,0.0
C002875,58,female,false,false,government_6_to_12,widow_remarrying,false,false,agricultural_labourer,0.53,0.73
C002876,22,male,false,false,government_6_to_12,never_married,false,false,plantation_labourer,0.0,0.0
C002877,8,female,true,false,other,never_married,true,true,other,0.0,0.0
C002878,28,male,false,false,other,married,false,false,other,0.0,0.0
C002879,49,male,false,false,other,widow_remarrying,false,false,small_marginal_farmer,5.28,7.51
C002880,19,male,true,true,government_or_aided_tamil_medium_6_to_12,never_married,false,false,other,0.0,0.0
C002881,37,female,true,false,government_or_aided_tamil_medium_6_to_12,widow,false,false,other,0.0,0.0
C002882,25,female,false,false,government_or_aided_tamil_medium_6_to_12,married,false,false,other,0.0,0.0
C002883,41,male,false,false,government_6_to_12,married,false,false,other,0.0,0.0
C002884,6,female,true,false,other,never_married,false,false,other,0.0,0.0
C002885,24,male,true,false,other,never_married,false,false,other,0.0,0.0
C002886,26,female,false,false,government_6_to_12,married,false,true,other,0.0,0.0
C002887,27,male,false,false,government_or_aided_tamil_medium_6_to_12,married,false,true,other,0.0,0.0
C002888,20,female,true,false,other,never_married,false,false,other,0.0,0.0
C002889,23,female,true,true,government_6_to_12,never_married,false,false,other,0.0,0.0
C002890,34,male,false,false,other,never_married,false,false,other,0.0,0.0
C002891,43,female,false,false,government_6_to_12,married,false,false,small_marginal_farmer,1.73,3.27
C002892,8,male,false,false,other,never_married,false,false,other,0.0,0.0
C002893,19,female,false,false,other,never_married,false,true,other,0.0,0.0
C002894,20,female,false,false,government_6_to_12,never_married,false,false,small_marginal_farmer,0.06,0.2
C002895,58,male,false,false,government_or_aided_tamil_medium_6_to_12,married,false,false,other,0.0,0.0
C002896,73,male,false,false,government_6_to_12,widow,false,false,agricultural_labourer,0.0,0.0
C002897,54,female,true,false,government_or_aided_tamil_medium_6_to_12,widow,false,false,other,0.0,0.0
C002898,19,female,false,false,government_6_to_12,never_married,false,false,small_marginal_farmer,2.59,7.32
C002899,32,male,false,false,government_6_to_12,married,false,false,inland_fishing,0.15,0.2
C002900,32,male,false,false,other,married,false,false,small_marginal_farmer,4.05,7.36
C002901,55,male,false,false,government_6_to_12,widow,false,false,small_marginal_farmer,2.35,3.24
C002902,31,male,false,false,government_or_aided_tamil_medium_6_to_12,married,false,false,other,0.0,0.0
C002903,46,female,false,false,government_or_aided_tamil_medium_6_to_12,never_married,false,false,other,0.0,0.0
C002904,53,female,false,false,government_6_to_12,married,false,false,other,0.0,0.0
C002905,44,female,false,false,other,never_married,true,false,agricultural_labourer,0.0,0.0
C002906,28,transgender,false,false,government_6_to_12,married,false,false,inland_fishing,0.28,1.38
C002907,33,female,false,false,government_6_to_12,married,false,false,small_marginal_farmer,1.22,4.35
C002908,29,female,false,false,government_6_to_12,married,false,true,other,0.0,0.0
C002909,61,female,false,false,government_6_to_12,never_married,false,false,other,0.0,0.0
C002910,40,male,true,false,other,married,false,true,other,0.0,0.0
C002911,20,male,false,false,government_6_to_12,never_married,true,false,other,0.0,0.0
C002912,69,female,false,false,government_6_to_12,widow,false,false,inland_fishing,0.0,0.0
C002913,39,male,false,false,government_6_to_12,married,false,true,small_marginal_farmer,0.42,0.71
C002914,63,female,false,false,other,married,false,false,other,0.0,0.0
C002915,30,female,false,false,government_6_to_12,widow_remarrying,false,false,small_marginal_farmer,0.62,3.84
C002916,27,male,false,false,government_6_to_12,married,false,false,agricultural_labourer,0.0,0.0
C002917,35,male,false,false,other,married,false,false,other,0.0,0.0
C002918,50,male,false,false,government_6_to_12,widow,false,true,inland_fishing,0.0,0.0
C002919,35,female,false,false,other,married,false,true,plantation_labourer,0.0,0.0
C002920,31,male,false,false,other,widow,false,true,other,0.0,0.0
C002921,27,male,false,false,other,married,false,false,other,0.0,0.0
C002922,45,female,false,false,government_6_to_12,married,false,true,other,0.0,0.0
C002923,63,female,false,false,government_6_to_12,widow,false,false,other,0.0,0.0
C002924,32,female,false,false,other,married,false,false,agricultural_labourer,0.0,0.0
C002925,41,transgender,false,false,government_or_aided_tamil_medium_6_to_12,married,false,false,other,0.0,0.0
C002926,29,male,true,false,government_or_aided_tamil_medium_6_to_12,married,false,false,other,0.0,0.0
C002927,30,male,false,false,government_6_to_12,married,false,false,inland_fishing,0.0,0.0
C002928,57,female,false,false,other,widow,false,true,small_marginal_farmer,6.18,6.2
C002929,40,female,false,false,other,married,false,true,small_marginal_farmer,2.87,2.59
C002930,33,female,false,false,government_6_to_12,married,false,false,other,0.0,0.0
C002931,20,male,true,false,government_6_to_12,never_married,false,true,other,0.0,0.0
C002932,35,female,false,false,government_or_aided_tamil_medium_6_to_12,never_married,false,false,small_marginal_farmer,1.53,6.26
C002933,31,male,true,true,government_6_to_12,married,false,false,other,0.0,0.0
C002934,45,male,false,false,government_6_to_12,married,false,false,other,0.0,0.0
C002935,48,female,false,false,other,married,false,false,inland_fishing,0.0,0.0
C002936,90,female,false,false,government_6_to_12,married,false,false,other,0.0,0.0
C002937,20,female,true,true,government_6_to_12,never_married,false,true,other,0.0,0.0
C002938,30,female,false,false,other,widow_remarrying,false,false,inland_fishing,0.0,0.0
C002939,59,male,false,false,other,widow_remarrying,false,true,other,0.0,0.0
C002940,42,female,false,false,government_or_aided_tamil_medium_6_to_12,married,false,false,plantation_labourer,0.0,0.0
C002941,45,male,false,false,government_or_aided_tamil_medium_6_to_12,married,false,true,small_marginal_farmer,1.61,1.77
C002942,25,female,true,true,government_6_to_12,married,false,false,other,0.0,0.0
C002943,62,male,false,false,government_6_to_12,married,false,true,agricultural_labourer,0.0,0.0
C002944,64,transgender,false,false,other,married,false,false,other,0.0,0.0
C002945,21,male,false,false,other,never_married,false,false,plantation_labourer,0.0,0.0
C002946,25,male,false,false,government_or_aided_tamil_medium_6_to_12,married,false,false,small_marginal_farmer,5.63,8.33
C002947,80,male,false,false,government_6_to_12,widow,false,false,small_marginal_farmer,7.63,10.1
C002948,22,female,false,false,other,married,false,false,other,0.0,0.0
C002949,18,female,false,false,government_6_to_12,never_married,true,false,inland_fishing,0.0,0.0
C002950,39,female,false,false,government_or_aided_tamil_medium_6_to_12,married,false,false,other,0.0,0.0
C002951,24,female,false,false,government_6_to_12,never_married,false,true,small_marginal_farmer,7.24,5.49
C002952,61,female,false,false,government_6_to_12,widow_remarrying,false,true,other,0.0,0.0
C002953,43,female,false,false,government_or_aided_tamil_medium_6_to_12,married,false,false,other,0.0,0.0
C002954,76,female,false,false,government_6_to_12,married,false,false,plantation_labourer,0.0,0.0
C002955,42,female,false,false,other,married,false,false,agricultural_labourer,0.66,1.48
C002956,13,male,false,false,other,never_married,false,true,other,0.0,0.0
C002957,72,female,false,false,government_6_to_12,married,true,false,other,0.0,0.0
C002958,21,male,false,false,government_6_to_12,never_married,false,true,other,0.0,0.0
C002959,10,male,false,false,other,never_married,false,false,other,0.0,0.0
C002960,14,male,true,false,other,never_married,false,false,other,0.0,0.0
C002961,17,female,false,false,other,never_married,false,true,other,0.0,0.0
C002962,56,male,false,false,other,never_married,false,true,small_marginal_farmer,3.62,8.78
C002963,16,female,true,false,government_6_to_12,never_married,false,false,other,0.0,0.0
C002964,57,male,false,false,government_6_to_12,married,false,false,plantation_labourer,0.0,0.0
C002965,22,male,true,true,government_6_to_12,never_married,false,false,other,0.0,0.0
C002966,62,female,false,false,other,widow,false,false,other,0.0,0.0
C002967,44,male,false,false,other,married,false,false,other,0.0,0.0
C002968,0,female,true,false,other,never_married,false,true,other,0.0,0.0
C002969,53,female,false,false,other,married,false,false,other,0.0,0.0
C002970,26,female,false,false,other,never_married,false,true,agricultural_labourer,0.0,0.0
C002971,57,female,false,false,government_6_to_12,married,false,false,small_marginal_farmer,0.48,4.37
C002972,23,male,false,false,government_6_to_12,never_married,false,true,plantation_labourer,0.0,0.0
C002973,83,female,false,false,government_6_to_12,married,true,false,other,0.0,0.0
C002974,70,male,false,false,other,married,false,false,small_marginal_farmer,3.04,10.96
C002975,62,male,false,false,other,married,false,true,other,0.0,0.0
C002976,46,male,false,false,government_6_to_12,married,true,false,plantation_labourer,0.7,1.05
C002977,33,male,false,false,government_6_to_12,married,false,false,plantation_labourer,0.21,1.23
C002978,18,male,false,false,other,never_married,false,true,agricultural_labourer,0.84,0.42
C002979,22,male,true,true,government_or_aided_tamil_medium_6_to_12,never_married,true,false,other,0.0,0.0
C002980,29,female,false,false,government_6_to_12,married,false,false,agricultural_labourer,0.0,0.0
C002981,30,male,false,false,government_6_to_12,widow_remarrying,false,false,inland_fishing,0.0,0.0
C002982,19,male,false,false,government_or_aided_tamil_medium_6_to_12,never_married,false,false,other,0.0,0.0
C002983,24,female,false,false,government_6_to_12,widow_remarrying,false,true,small_marginal_farmer,4.16,1.8
C002984,50,male,false,false,government_6_to_12,married,false,false,small_marginal_farmer,0.24,3.79
C002985,41,female,false,false,other,married,false,false,small_marginal_farmer,1.55,2.34
C002986,40,male,false,false,government_6_to_12,married,false,false,other,0.0,0.0
C002987,55,female,false,false,other,widow,false,false,agricultural_labourer,0.0,0.0
C002988,25,male,false,false,government_6_to_12,married,false,false,agricultural_labourer,0.0,0.0
C002989,16,male,false,false,other,never_married,false,false,other,0.0,0.0
C002990,1,male,true,false,other,never_married,false,true,other,0.0,0.0
C002991,25,female,false,false,government_6_to_12,married,false,false,other,0.0,0.0
C002992,22,female,false,false,other,never_married,false,false,other,0.0,0.0
C002993,18,male,true,true,other,never_married,false,false,other,0.0,0.0
C002994,47,male,false,false,government_or_aided_tamil_medium_6_to_12,never_married,false,false,small_marginal_farmer,5.02,8.38
C002995,18,female,false,false,other,never_married,false,false,other,0.0,0.0
C002996,27,female,false,false,government_6_to_12,widow_remarrying,false,false,other,0.0,0.0
C002997,50,male,false,false,government_or_aided_tamil_medium_6_to_12,widow,false,false,plantation_labourer,0.0,0.0
C002998,62,male,false,false,government_6_to_12,married,false,false,small_marginal_farmer,5.6,6.58
C002999,60,female,false,false,government_6_to_12,never_married,false,false,agricultural_labourer,0.0,0.0
C003000,44,male,false,false,other,married,false,false,small_marginal_farmer,2.03,6.58
C003001,10,male,true,false,other,never_married,false,false,other,0.0,0.0
C003002,22,male,false,false,government_or_aided_tamil_medium_6_to_12,never_married,false,false,inland_fishing,0.26,0.36
C003003,44,female,false,false,other,married,false,false,agricultural_labourer,0.0,0.0
C003004,18,female,false,false,other,never_married,false,false,small_marginal_farmer,0.06,0.21
C003005,39,female,false,false,government_6_to_12,married,false,true,other,0.0,0.0
C003006,44,female,false,false,government_6_to_12,married,true,false,plantation_labourer,0.0,0.0
C003007,65,male,false,false,government_6_to_12,never_married,false,true,other,0.0,0.0
C003008,18,male,false,false,government_6_to_12,never_married,false,true,agricultural_labourer,0.0,0.0
C003009,20,female,false,false,other,married,false,false,other,0.0,0.0
C003010,30,female,false,false,government_or_aided_tamil_medium_6_to_12,widow,true,false,small_marginal_farmer,5.67,3.76
C003011,31,female,false,false,government_6_to_12,married,false,true,agricultural_labourer,0.0,0.0
C003012,19,female,true,true,other,never_married,false,true,other,0.0,0.0
C003013,33,female,false,false,government_6_to_12,married,false,false,other,0.0,0.0
C003014,55,female,false,false,government_or_aided_tamil_medium_6_to_12,never_married,false,false,plantation_labourer,0.0,0.0
C003015,43,female,false,false,government_6_to_12,married,false,false,other,0.0,0.0
C003016,44,male,false,false,government_or_aided_tamil_medium_6_to_12,widow,true,false,agricultural_labourer,0.0,0.0
C003017,22,transgender,false,false,government_or_aided_tamil_medium_6_to_12,never_married,false,false,small_marginal_farmer,1.77,1.15
C003018,41,male,true,false,government_or_aided_tamil_medium_6_to_12,married,false,false,other,0.0,0.0
C003019,63,female,false,false,government_6_to_12,married,false,false,other,0.0,0.0
C003020,35,male,false,false,government_6_to_12,married,false,false,agricultural_labourer,0.0,0.0
C003021,33,male,false,false,other,never_married,false,false,agricultural_labourer,0.0,0.0
C003022,12,female,true,false,other,never_married,false,false,other,0.0,0.0
C003023,3,male,true,false,other,never_married,false,false,other,0.0,0.0
C003024,25,female,true,true,other,married,false,true,other,0.0,0.0
C003025,20,male,false,false,government_or_aided_tamil_medium_6_to_12,widow_remarrying,false,false,other,0.0,0.0
C003026,61,female,false,false,other,married,false,true,small_marginal_farmer,1.23,3.27
C003027,52,male,false,false,government_or_aided_tamil_medium_6_to_12,never_married,false,false,other,0.0,0.0
C003028,12,female,true,false,other,never_married,false,true,other,0.0,0.0
C003029,78,male,false,false,government_or_aided_tamil_medium_6_to_12,married,false,false,other,0.0,0.0
C003030,27,male,false,false,government_or_aided_tamil_medium_6_to_12,married,false,true,other,0.0,0.0
C003031,29,male,false,false,government_or_aided_tamil_medium_6_to_12,married,false,false,other,0.0,0.0
C003032,22,female,false,false,government_6_to_12,never_married,false,true,small_marginal_farmer,0.67,3.78
C003033,39,male,false,false,government_or_aided_tamil_medium_6_to_12,married,true,false,agricultural_labourer,0.13,0.85
C003034,30,male,false,false,other,married,false,false,agricultural_labourer,0.0,0.0
C003035,88,male,false,false,other,widow,false,false,other,0.0,0.0
C003036,10,female,true,false,other,never_married,false,false,other,0.0,0.0
C003037,52,male,false,false,government_or_aided_tamil_medium_6_to_12,never_married,false,false,other,0.0,0.0
C003038,39,female,false,false,other,widow,false,true,other,0.0,0.0
C003039,7,male,true,false,other,never_married,false,true,other,0.0,0.0
C003040,20,female,false,false,government_6_to_12,never_married,false,false,other,0.0,0.0
C003041,51,male,false,false,government_6_to_12,married,false,false,other,0.0,0.0
C003042,27,male,false,false,other,married,false,false,other,0.0,0.0
C003043,51,male,false,false,other,married,false,false,agricultural_labourer,0.0,0.0
C003044,26,male,false,false,government_6_to_12,widow,true,false,other,0.0,0.0
C003045,45,female,false,false,government_6_to_12,married,false,false,other,0.0,0.0
C003046,31,female,false,false,government_6_to_12,never_married,false,false,small_marginal_farmer,2.29,3.2
C003047,46,male,false,false,other,married,false,true,other,0.0,0.0
C003048,38,female,false,false,government_6_to_12,married,false,false,other,0.0,0.0
C003049,22,female,true,true,government_6_to_12,never_married,false,false,other,0.0,0.0
C003050,20,male,true,false,government_6_to_12,never_married,true,false,other,0.0,0.0
C003051,10,male,true,false,other,never_married,false,false,other,0.0,0.0
C003052,54,female,false,false,other,widow,false,false,small_marginal_farmer,3.55,10.82
C003053,12,female,true,false,other,never_married,false,false,other,0.0,0.0
C003054,53,male,false,false,government_6_to_12,never_married,false,true,other,0.0,0.0
C003055,65,male,false,false,government_or_aided_tamil_medium_6_to_12,married,false,false,inland_fishing,0.0,0.0
C003056,3,female,true,false,other,never_married,false,false,other,0.0,0.0
C003057,71,male,false,false,government_6_to_12,married,true,false,other,0.0,0.0
C003058,34,male,false,false,government_6_to_12,married,false,false,small_marginal_farmer,2.94,11.95
C003059,25,female,false,false,government_6_to_12,never_married,false,false,small_marginal_farmer,2.2,3.4
C003060,40,female,false,false,government_6_to_12,never_married,false,false,other,0.0,0.0
C003061,6,female,true,false,other,never_married,false,false,other,0.0,0.0
C003062,57,male,false,false,other,widow_remarrying,false,true,other,0.0,0.0
C003063,26,female,false,false,government_or_aided_tamil_medium_6_to_12,never_married,false,false,small_marginal_farmer,1.67,0.31
C003064,11,female,true,false,other,never_married,false,false,other,0.0,0.0
C003065,77,male,false,false,other,married,false,false,small_marginal_farmer,5.64,8.49
C003066,18,female,false,false,other,never_married,false,false,other,0.0,0.0
C003067,35,male,false,false,other,married,false,true,small_marginal_farmer,4.26,0.23
C003068,20,female,false,false,other,never_married,false,false,other,0.0,0.0
C003069,22,transgender,true,false,other,widow,false,true,other,0.0,0.0
C003070,54,female,false,false,other,married,false,false,agricultural_labourer,0.0,0.0
C003071,21,female,false,false,government_6_to_12,never_married,true,false,small_marginal_farmer,1.39,5.02
C003072,22,female,false,false,government_6_to_12,never_married,false,false,agricultural_labourer,0.0,0.0
C003073,21,female,false,false,other,never_married,false,false,other,0.0,0.0
C003074,28,female,false,false,other,married,false,false,inland_fishing,0.0,0.0
C003075,50,male,false,false,other,married,false,false,small_marginal_farmer,1.71,6.75
C003076,41,male,false,false,government_6_to_12,married,false,false,inland_fishing,0.0,0.0
C003077,26,male,true,true,government_or_aided_tamil_medium_6_to_12,married,false,false,other,0.0,0.0
C003078,24,male,false,false,government_or_aided_tamil_medium_6_to_12,never_married,false,true,small_marginal_farmer,2.12,3.31
C003079,60,female,false,false,government_6_to_12,married,false,false,other,0.0,0.0
C003080,25,male,true,true,other,married,false,false,other,0.0,0.0
C003081,58,male,false,false,other,married,false,true,inland_fishing,0.0,0.0
C003082,63,female,false,false,government_6_to_12,married,false,false,small_marginal_farmer,1.03,2.1
C003083,20,male,true,true,government_6_to_12,never_married,true,false,other,0.0,0.0
C003084,5,female,true,false,other,never_married,false,true,other,0.0,0.0
C003085,57,transgender,false,false,government_6_to_12,married,false,false,inland_fishing,0.0,0.0
C003086,5,female,true,false,other,never_married,false,false,other,0.0,0.0
C003087,48,male,false,false,government_or_aided_tamil_medium_6_to_12,married,false,false,other,0.0,0.0
C003088,86,female,false,false,government_or_aided_tamil_medium_6_to_12,married,false,false,other,0.0,0.0
C003089,24,male,true,true,government_6_to_12,married,false,false,other,0.0,0.0
C003090,21,male,false,false,government_6_to_12,never_married,false,false,other,0.0,0.0
C003091,61,male,false,false,government_or_aided_tamil_medium_6_to_12,married,false,true,other,0.0,0.0
C003092,21,male,false,false,government_or_aided_tamil_medium_6_to_12,never_married,false,false,other,0.0,0.0
C003093,19,female,false,false,other,never_married,false,true,small_marginal_farmer,1.21,6.14
C003094,22,male,false,false,other,never_married,false,false,small_marginal_farmer,1.01,1.88
C003095,11,male,true,false,other,never_married,false,false,other,0.0,0.0
C003096,18,male,true,true,government_6_to_12,married,false,false,other,0.0,0.0
C003097,6,female,true,false,other,never_married,false,false,other,0.0,0.0
C003098,61,female,false,false,government_6_to_12,married,false,true,other,0.0,0.0
C003099,40,female,false,false,other,widow,false,false,small_marginal_farmer,4.1,5.1
C003100,26,female,false,false,government_6_to_12,widow,false,false,small_marginal_farmer,2.26,5.62
C003101,21,male,true,true,other,never_married,false,false,other,0.0,0.0
C003102,24,female,true,true,government_6_to_12,never_married,true,true,other,0.0,0.0
C003103,31,female,false,false,other,never_married,true,false,other,0.0,0.0
C003104,1,male,true,false,other,never_married,false,false,other,0.0,0.0
C003105,60,male,false,false,government_or_aided_tamil_medium_6_to_12,married,false,false,other,0.0,0.0
C003106,42,female,false,false,government_or_aided_tamil_medium_6_to_12,widow,false,false,agricultural_labourer,0.0,0.0
C003107,21,male,false,false,other,never_married,false,false,agricultural_labourer,0.0,0.0
C003108,27,female,false,false,other,married,false,false,plantation_labourer,0.3,0.66
C003109,14,female,false,false,other,never_married,false,false,other,0.0,0.0
C003110,74,male,false,false,government_6_to_12,widow,false,false,other,0.0,0.0
C003111,33,male,false,false,government_or_aided_tamil_medium_6_to_12,never_married,false,false,other,0.0,0.0
C003112,23,male,true,true,government_6_to_12,never_married,false,false,other,0.0,0.0
C003113,29,female,false,false,government_or_aided_tamil_medium_6_to_12,never_married,true,false,inland_fishing,0.79,1.48
C003114,27,female,false,false,government_6_to_12,married,false,false,other,0.0,0.0
C003115,15,female,true,false,other,never_married,false,false,other,0.0,0.0
C003116,37,male,false,false,government_6_to_12,never_married,false,true,small_marginal_farmer,7.38,8.02
C003117,17,female,true,false,other,never_married,false,true,other,0.0,0.0
C003118,39,male,false,false,government_or_aided_tamil_medium_6_to_12,married,false,false,other,0.0,0.0
C003119,37,male,false,false,government_6_to_12,never_married,false,false,other,0.0,0.0
C003120,20,male,false,false,government_or_aided_tamil_medium_6_to_12,never_married,false,true,small_marginal_farmer,0.58,3.85
C003121,35,female,false,false,government_6_to_12,widow,false,false,other,0.0,0.0
C003122,28,female,false,false,other,widow_remarrying,false,false,inland_fishing,0.21,1.4
C003123,40,female,false,false,government_or_aided_tamil_medium_6_to_12,married,false,true,other,0.0,0.0
C003124,84,female,false,false,government_6_to_12,widow,false,false,other,0.0,0.0
C003125,80,male,false,false,government_6_to_12,married,false,true,agricultural_labourer,0.0,0.0
C003126,76,female,false,false,government_6_to_12,widow,false,false,other,0.0,0.0
C003127,33,male,false,false,government_or_aided_tamil_medium_6_to_12,married,false,false,agricultural_labourer,0.0,0.0
C003128,75,female,false,false,government_6_to_12,married,true,false,inland_fishing,0.86,0.9
C003129,56,female,false,false,other,married,false,false,agricultural_labourer,0.0,0.0
C003130,24,female,true,true,government_6_to_12,never_married,false,false,other,0.0,0.0
C003131,22,male,false,false,government_or_aided_tamil_medium_6_to_12,never_married,false,true,plantation_labourer,0.0,0.0
C003132,8,female,true,false,other,never_married,true,false,other,0.0,0.0
C003133,31,female,false,false,government_6_to_12,married,false,false,agricultural_labourer,0.0,0.0
C003134,30,male,false,false,other,married,false,false,other,0.0,0.0
C003135,40,male,false,false,other,married,false,false,other,0.0,0.0
C003136,24,female,true,true,other,never_married,false,false,other,0.0,0.0
C003137,63,male,false,false,government_6_to_12,widow,false,false,inland_fishing,0.0,0.0
C003138,12,male,true,false,other,never_married,false,false,other,0.0,0.0
C003139,89,female,false,false,government_6_to_12,widow,false,true,small_marginal_farmer,2.31,4.51
C003140,61,male,false,false,other,married,false,false,other,0.0,0.0
C003141,20,male,true,true,government_or_aided_tamil_medium_6_to_12,never_married,false,false,other,0.0,0.0
C003142,26,female,false,false,government_or_aided_tamil_medium_6_to_12,married,true,false,small_marginal_farmer,1.72,7.76
C003143,25,female,true,false,government_or_aided_tamil_medium_6_to_12,married,false,true,other,0.0,0.0
C003144,26,male,false,false,other,married,false,false,other,0.0,0.0
C003145,52,male,false,false,other,widow_remarrying,false,false,small_marginal_farmer,4.97,11.12
C003146,60,male,false,false,government_6_to_12,widow,false,true,other,0.0,0.0
C003147,10,male,true,false,other,never_married,false,true,other,0.0,0.0
C003148,21,female,true,true,government_or_aided_tamil_medium_6_to_12,never_married,false,false,other,0.0,0.0
C003149,4,female,true,false,other,never_married,false,true,other,0.0,0.0
C003150,18,female,false,false,other,never_married,true,false,small_marginal_farmer,1.08,4.89
C003151,26,male,false,false,government_6_to_12,married,false,false,agricultural_labourer,0.0,0.0
C003152,58,female,false,false,other,married,false,false,plantation_labourer,0.0,0.0
C003153,52,female,false,false,government_6_to_12,widow_remarrying,false,false,other,0.0,0.0
C003154,39,female,false,false,government_6_to_12,married,false,false,agricultural_labourer,0.0,0.0
C003155,55,female,false,false,other,widow,false,true,small_marginal_farmer,7.61,9.34
C003156,65,male,false,false,other,married,false,false,agricultural_labourer,0.0,0.0
C003157,52,male,false,false,other,widow,false,false,plantation_labourer,0.0,0.0
C003158,19,female,true,true,government_6_to_12,never_married,false,false,other,0.0,0.0
C003159,20,male,true,true,other,never_married,true,false,other,0.0,0.0
C003160,31,male,false,false,government_6_to_12,widow,false,false,agricultural_labourer,0.0,0.0
C003161,20,male,true,false,government_or_aided_tamil_medium_6_to_12,never_married,true,true,other,0.0,0.0
C003162,24,male,false,false,government_6_to_12,widow,false,false,small_marginal_farmer,1.64,7.59
C003163,1,female,true,false,other,never_married,false,true,other,0.0,0.0
C003164,43,male,false,false,government_6_to_12,married,false,false,small_marginal_farmer,3.75,5.9
C003165,7,female,true,false,other,never_married,false,true,other,0.0,0.0
C003166,69,female,false,false,other,married,false,true,agricultural_labourer,0.0,0.0
C003167,14,male,true,false,other,never_married,false,false,other,0.0,0.0
C003168,61,female,false,false,government_or_aided_tamil_medium_6_to_12,widow_remarrying,false,false,other,0.0,0.0
C003169,56,male,false,false,government_6_to_12,widow,false,false,agricultural_labourer,0.0,0.0
C003170,37,female,false,false,other,widow,false,true,other,0.0,0.0
C003171,47,male,false,false,government_or_aided_tamil_medium_6_to_12,married,false,false,small_marginal_farmer,2.44,7.57
C003172,67,female,false,false,government_6_to_12,married,false,false,inland_fishing,0.0,0.0
C003173,34,male,false,false,other,married,true,false,other,0.0,0.0
C003174,73,female,false,false,other,married,false,false,other,0.0,0.0
C003175,59,female,false,false,government_6_to_12,married,false,false,other,0.0,0.0
C003176,87,female,false,false,other,married,false,false,agricultural_labourer,0.0,0.0
C003177,48,female,false,false,other,never_married,false,false,other,0.0,0.0
C003178,22,male,false,false,other,never_married,false,false,other,0.0,0.0
C003179,35,male,false,false,government_6_to_12,married,false,false,agricultural_labourer,0.0,0.0
C003180,50,male,false,false,other,never_married,false,true,other,0.0,0.0
C003181,57,female,false,false,government_or_aided_tamil_medium_6_to_12,widow,false,false,inland_fishing,0.0,0.0
C003182,39,female,false,false,government_or_aided_tamil_medium_6_to_12,married,false,false,agricultural_labourer,0.0,0.0
C003183,29,female,false,false,government_6_to_12,married,false,false,small_marginal_farmer,2.22,6.32
C003184,74,female,false,false,government_or_aided_tamil_medium_6_to_12,married,false,false,small_marginal_farmer,2.04,3.13
C003185,10,female,true,false,other,never_married,false,false,other,0.0,0.0
C003186,43,male,false,false,government_6_to_12,widow,false,true,other,0.0,0.0
C003187,31,male,false,false,government_or_aided_tamil_medium_6_to_12,never_married,false,true,inland_fishing,0.0,0.0
C003188,23,female,true,true,government_or_aided_tamil_medium_6_to_12,never_married,true,false,other,0.0,0.0
C003189,50,male,false,false,other,widow,false,true,other,0.0,0.0
C003190,30,male,false,false,government_6_to_12,married,false,true,other,0.0,0.0
C003191,55,male,false,false,other,widow,false,false,other,0.0,0.0
C003192,22,male,false,false,other,never_married,false,false,small_marginal_farmer,0.49,6.73
C003193,44,male,false,false,other,married,false,true,other,0.0,0.0
C003194,1,female,true,false,other,never_married,false,false,other,0.0,0.0
C003195,33,female,false,false,government_or_aided_tamil_medium_6_to_12,widow,false,false,other,0.0,0.0
C003196,40,male,false,false,government_6_to_12,married,true,false,small_marginal_farmer,1.36,3.27
C003197,18,female,false,false,government_or_aided_tamil_medium_6_to_12,never_married,true,false,small_marginal_farmer,2.62,6.54
C003198,44,female,false,false,other,married,false,false,other,0.0,0.0
C003199,17,male,true,false,other,never_married,false,false,other,0.0,0.0
C003200,64,female,false,false,other,married,false,false,other,0.0,0.0
C003201,65,male,false,false,government_6_to_12,widow,false,false,agricultural_labourer,0.0,0.0
C003202,0,male,true,false,other,never_married,false,true,other,0.0,0.0
C003203,47,female,false,false,government_or_aided_tamil_medium_6_to_12,widow,false,true,small_marginal_farmer,3.64,9.71
C003204,49,male,false,false,government_6_to_12,married,false,false,inland_fishing,0.0,0.0
C003205,59,female,false,false,other,widow_remarrying,false,false,plantation_labourer,0.0,0.0
C003206,20,male,true,true,government_or_aided_tamil_medium_6_to_12,never_married,false,false,other,0.0,0.0
C003207,62,male,false,false,government_6_to_12,never_married,false,true,other,0.0,0.0
C003208,7,male,true,false,other,never_married,false,false,other,0.0,0.0
C003209,79,female,false,false,other,widow,false,false,other,0.0,0.0
C003210,58,female,false,false,other,never_married,false,true,small_marginal_farmer,0.31,4.63
C003211,64,transgender,false,false,government_6_to_12,married,false,true,small_marginal_farmer,0.37,0.51
C003212,53,female,false,false,other,never_married,false,false,agricultural_labourer,0.82,0.89
C003213,50,female,false,false,other,married,false,false,other,0.0,0.0
C003214,44,male,false,false,other,married,false,true,inland_fishing,0.0,0.0
C003215,32,female,false,false,government_or_aided_tamil_medium_6_to_12,married,true,false,inland_fishing,0.0,0.0
C003216,63,female,false,false,other,married,false,false,small_marginal_farmer,0.97,2.03
C003217,20,male,false,false,government_6_to_12,never_married,false,true,agricultural_labourer,0.0,0.0
C003218,53,male,false,false,other,widow_remarrying,false,false,plantation_labourer,0.0,0.0
C003219,41,male,false,false,other,married,false,true,other,0.0,0.0
C003220,1,female,true,false,other,never_married,false,false,other,0.0,0.0
C003221,27,female,false,false,government_6_to_12,married,true,true,small_marginal_farmer,3.19,2.11
C003222,0,male,true,false,other,never_married,false,true,other,0.0,0.0
C003223,10,female,true,false,other,never_married,false,false,other,0.0,0.0
C003224,16,male,false,false,other,never_married,false,false,other,0.0,0.0
C003225,37,male,false,false,government_6_to_12,never_married,false,false,other,0.0,0.0
C003226,26,male,false,false,government_6_to_12,married,false,false,agricultural_labourer,0.83,1.12
C003227,0,male,true,false,other,never_married,false,false,other,0.0,0.0
C003228,54,male,false,false,government_6_to_12,widow_remarrying,false,false,other,0.0,0.0
C003229,58,male,false,false,other,married,false,false,small_marginal_farmer,0.27,0.76
C003230,73,male,false,false,other,never_married,false,false,other,0.0,0.0
C003231,78,female,false,false,other,widow_remarrying,false,false,other,0.0,0.0
C003232,32,male,false,false,other,widow_remarrying,false,false,small_marginal_farmer,4.11,11.07
C003233,52,male,false,false,other,married,false,false,other,0.0,0.0
C003234,5,male,true,false,other,never_married,false,true,other,0.0,0.0
C003235,24,transgender,true,false,other,married,false,false,other,0.0,0.0
C003236,43,male,false,false,government_or_aided_tamil_medium_6_to_12,married,false,true,small_marginal_farmer,1.31,0.48
C003237,7,female,true,false,other,never_married,true,false,other,0.0,0.0
C003238,24,female,false,false,other,never_married,false,true,small_marginal_farmer,3.18,8.27
C003239,48,female,false,false,other,never_married,false,false,other,0.0,0.0
C003240,39,male,false,false,other,never_married,false,false,agricultural_labourer,0.0,0.0
C003241,57,male,false,false,government_or_aided_tamil_medium_6_to_12,widow,false,false,other,0.0,0.0
C003242,45,female,false,false,government_or_aided_tamil_medium_6_to_12,never_married,true,false,other,0.0,0.0
C003243,60,male,false,false,other,married,false,false,other,0.0,0.0
C003244,43,male,false,false,government_6_to_12,married,false,false,plantation_labourer,0.0,0.0
C003245,14,male,true,false,other,never_married,false,false,other,0.0,0.0
C003246,1,male,true,false,other,never_married,false,false,other,0.0,0.0
C003247,23,male,true,true,other,married,true,false,other,0.0,0.0
C003248,34,male,false,false,government_6_to_12,widow_remarrying,false,false,other,0.0,0.0
C003249,30,male,false,false,other,never_married,false,true,other,0.0,0.0
C003250,88,male,false,false,government_6_to_12,married,false,false,other,0.0,0.0
C003251,26,female,false,false,government_6_to_12,married,false,false,other,0.0,0.0
C003252,32,male,false,false,other,married,false,false,inland_fishing,0.0,0.0
C003253,65,male,false,false,government_or_aided_tamil_medium_6_to_12,never_married,false,false,small_marginal_farmer,0.91,1.47
C003254,25,female,false,false,other,married,false,false,agricultural_labourer,0.0,0.0
C003255,46,female,false,false,other,married,false,false,small_marginal_farmer,0.5,2.65
C003256,33,male,false,false,government_6_to_12,married,false,false,small_marginal_farmer,6.79,9.41
C003257,26,female,false,false,government_or_aided_tamil_medium_6_to_12,married,false,false,inland_fishing,0.0,0.0
C003258,23,male,false,false,government_or_aided_tamil_medium_6_to_12,never_married,false,false,agricultural_labourer,0.0,0.0
C003259,42,male,false,false,government_or_aided_tamil_medium_6_to_12,married,false,false,agricultural_labourer,0.0,0.0
C003260,28,female,false,false,government_6_to_12,never_married,false,false,other,0.0,0.0
C003261,20,male,false,false,government_or_aided_tamil_medium_6_to_12,never_married,false,false,small_marginal_farmer,3.01,9.46
C003262,44,male,false,false,government_or_aided_tamil_medium_6_to_12,widow,false,false,other,0.0,0.0
C003263,5,female,true,false,other,never_married,false,false,other,0.0,0.0
C003264,49,transgender,false,false,other,married,false,false,inland_fishing,0.0,0.0
C003265,26,male,false,false,other,widow_remarrying,false,true,other,0.0,0.0
C003266,22,transgender,false,false,government_6_to_12,never_married,false,false,other,0.0,0.0
C003267,58,male,false,false,government_6_to_12,married,false,false,other,0.0,0.0
C003268,62,male,true,false,government_6_to_12,married,false,false,other,0.0,0.0
C003269,63,male,false,false,other,married,false,false,plantation_labourer,0.0,0.0
C003270,36,male,false,false,government_6_to_12,married,false,true,other,0.0,0.0
C003271,53,male,false,false,government_6_to_12,married,false,false,small_marginal_farmer,2.19,2.22
C003272,39,female,false,false,other,widow,false,false,small_marginal_farmer,5.57,8.83
C003273,50,male,false,false,government_or_aided_tamil_medium_6_to_12,widow,false,true,plantation_labourer,0.61,1.28
C003274,36,female,false,false,other,married,false,false,other,0.0,0.0
C003275,18,male,false,false,other,never_married,true,false,other,0.0,0.0
C003276,40,female,false,false,government_6_to_12,married,false,false,other,0.0,0.0
C003277,35,female,false,false,other,married,false,false,other,0.0,0.0
C003278,15,male,true,false,other,never_married,false,false,other,0.0,0.0
C003279,14,female,true,false,other,never_married,false,false,other,0.0,0.0
C003280,37,female,false,false,government_or_aided_tamil_medium_6_to_12,married,false,false,agricultural_labourer,0.0,0.0
C003281,43,male,false,false,government_6_to_12,married,false,false,inland_fishing,0.0,0.0
C003282,6,female,false,false,other,never_married,true,false,other,0.0,0.0
C003283,42,female,false,false,other,married,false,false,agricultural_labourer,0.0,0.0
C003284,1,female,true,false,other,never_married,false,true,other,0.0,0.0
C003285,23,male,false,false,government_or_aided_tamil_medium_6_to_12,never_married,false,true,other,0.0,0.0
C003286,21,transgender,true,true,government_6_to_12,never_married,false,false,other,0.0,0.0
C003287,42,female,false,false,other,widow,false,false,small_marginal_farmer,5.75,8.71
C003288,55,female,false,false,government_6_to_12,widow_remarrying,false,false,inland_fishing,0.0,0.0
C003289,18,female,false,false,other,never_married,false,true,agricultural_labourer,0.0,0.0
C003290,50,male,false,false,other,married,false,false,other,0.0,0.0
C003291,24,female,false,false,government_or_aided_tamil_medium_6_to_12,never_married,false,false,other,0.0,0.0
C003292,24,male,false,false,government_6_to_12,never_married,false,false,inland_fishing,0.0,0.0
C003293,41,female,false,false,government_or_aided_tamil_medium_6_to_12,married,false,true,other,0.0,0.0
C003294,31,male,false,false,government_6_to_12,married,false,false,small_marginal_farmer,5.39,10.31
C003295,61,female,false,false,other,married,false,true,small_marginal_farmer,5.13,6.3
C003296,65,female,false,false,other,widow,false,false,agricultural_labourer,0.0,0.0
C003297,15,male,false,false,other,never_married,false,false,other,0.0,0.0
C003298,63,transgender,false,false,other,widow_remarrying,false,false,other,0.0,0.0
C003299,29,female,false,false,government_or_aided_tamil_medium_6_to_12,widow_remarrying,false,true,small_marginal_farmer,4.73,0.51
C003300,49,female,false,false,other,married,false,true,agricultural_labourer,0.98,0.32
C003301,75,male,false,false,government_or_aided_tamil_medium_6_to_12,married,false,true,agricultural_labourer,0.0,0.0
C003302,19,male,true,true,government_6_to_12,never_married,false,true,other,0.0,0.0
C003303,49,male,false,false,government_6_to_12,married,false,false,other,0.0,0.0
C003304,27,female,false,false,government_or_aided_tamil_medium_6_to_12,never_married,false,true,other,0.0,0.0
C003305,40,female,false,false,government_or_aided_tamil_medium_6_to_12,never_married,false,false,inland_fishing,0.0,0.0
C003306,2,transgender,true,false,other,never_married,false,false,other,0.0,0.0
C003307,25,male,false,false,government_or_aided_tamil_medium_6_to_12,married,false,false,other,0.0,0.0
C003308,47,male,false,false,other,married,false,false,small_marginal_farmer,0.49,7.0
C003309,48,female,false,false,government_6_to_12,married,false,false,other,0.0,0.0
C003310,19,female,true,true,government_6_to_12,never_married,false,false,other,0.0,0.0
C003311,36,male,false,false,other,married,false,false,other,0.0,0.0
C003312,47,male,false,false,other,widow,false,false,other,0.0,0.0
C003313,54,female,false,false,other,widow,false,false,inland_fishing,0.0,0.0
C003314,45,female,false,false,government_6_to_12,widow,false,true,agricultural_labourer,0.0,0.0
C003315,45,male,false,false,government_or_aided_tamil_medium_6_to_12,widow,false,true,other,0.0,0.0
C003316,53,male,false,false,government_6_to_12,married,false,false,other,0.0,0.0
C003317,64,female,false,false,government_or_aided_tamil_medium_6_to_12,married,false,false,small_marginal_farmer,5.58,6.13
C003318,19,transgender,true,true,other,never_married,false,false,other,0.0,0.0
C003319,49,male,false,false,government_or_aided_tamil_medium_6_to_12,never_married,false,false,agricultural_labourer,0.0,0.0
C003320,23,male,true,true,government_6_to_12,married,false,false,other,0.0,0.0
C003321,63,female,true,false,other,widow,false,true,other,0.0,0.0
C003322,58,male,false,false,government_or_aided_tamil_medium_6_to_12,married,false,false,small_marginal_farmer,2.33,4.84
C003323,12,male,true,false,other,never_married,false,false,other,0.0,0.0
C003324,37,female,false,false,government_or_aided_tamil_medium_6_to_12,married,false,true,other,0.0,0.0
C003325,40,male,false,false,government_or_aided_tamil_medium_6_to_12,married,false,false,small_marginal_farmer,4.43,5.49
C003326,66,male,false,false,government_6_to_12,married,false,false,agricultural_labourer,0.0,0.0
C003327,28,male,false,false,government_6_to_12,married,false,false,other,0.0,0.0
C003328,56,male,false,false,government_or_aided_tamil_medium_6_to_12,widow,false,false,small_marginal_farmer,0.35,3.5
C003329,52,male,false,false,government_or_aided_tamil_medium_6_to_12,married,false,false,other,0.0,0.0
C003330,35,female,false,false,government_6_to_12,never_married,false,false,other,0.0,0.0
C003331,56,female,false,false,government_or_aided_tamil_medium_6_to_12,widow,false,true,small_marginal_farmer,0.67,0.79
C003332,21,female,true,false,other,married,false,false,other,0.0,0.0
C003333,57,female,false,false,government_6_to_12,widow,false,false,agricultural_labourer,0.31,0.55
C003334,1,male,true,false,other,never_married,false,false,other,0.0,0.0
C003335,56,male,true,false,government_or_aided_tamil_medium_6_to_12,married,false,false,other,0.0,0.0
C003336,56,female,false,false,government_or_aided_tamil_medium_6_to_12,never_married,false,false,other,0.0,0.0
C003337,15,female,true,false,other,never_married,false,true,other,0.0,0.0
C003338,87,female,false,false,government_6_to_12,widow,false,false,inland_fishing,0.0,0.0
C003339,82,female,false,false,government_or_aided_tamil_medium_6_to_12,married,false,false,inland_fishing,0.0,0.0
C003340,38,male,false,false,government_6_to_12,never_married,false,true,plantation_labourer,0.0,0.0
C003341,50,female,false,false,government_or_aided_tamil_medium_6_to_12,widow,false,true,small_marginal_farmer,4.99,1.69
C003342,58,male,false,false,government_6_to_12,married,false,false,agricultural_labourer,0.0,0.0
C003343,50,male,false,false,other,never_married,false,false,plantation_labourer,0.24,0.96
C003344,40,male,false,false,government_or_aided_tamil_medium_6_to_12,widow,false,false,inland_fishing,0.0,0.0
C003345,69,female,false,false,government_6_to_12,widow,false,false,other,0.0,0.0
C003346,33,male,false,false,government_or_aided_tamil_medium_6_to_12,married,false,false,small_marginal_farmer,2.29,4.95
C003347,46,male,false,false,other,married,false,true,other,0.0,0.0
C003348,22,female,true,true,other,never_married,false,false,other,0.0,0.0
C003349,12,male,true,false,other,never_married,false,false,other,0.0,0.0
C003350,81,male,false,false,government_or_aided_tamil_medium_6_to_12,widow,false,true,other,0.0,0.0
C003351,27,female,false,false,other,married,false,false,inland_fishing,0.0,0.0
C003352,85,male,false,false,government_6_to_12,widow,false,true,other,0.0,0.0
C003353,83,male,false,false,government_or_aided_tamil_medium_6_to_12,married,false,false,other,0.0,0.0
C003354,27,female,true,true,government_or_aided_tamil_medium_6_to_12,widow,true,true,other,0.0,0.0
C003355,52,transgender,false,false,government_6_to_12,widow_remarrying,false,false,agricultural_labourer,0.0,0.0
C003356,58,male,false,false,government_or_aided_tamil_medium_6_to_12,widow_remarrying,true,true,other,0.0,0.0
C003357,59,male,false,false,government_or_aided_tamil_medium_6_to_12,married,false,false,agricultural_labourer,0.0,0.0
C003358,45,female,false,false,other,married,false,false,small_marginal_farmer,2.08,3.91
C003359,24,male,false,false,other,married,false,true,plantation_labourer,0.0,0.0
C003360,18,transgender,true,false,government_6_to_12,never_married,false,false,other,0.0,0.0
C003361,48,male,false,false,government_6_to_12,married,false,true,inland_fishing,0.0,0.0
C003362,63,male,false,false,government_6_to_12,never_married,false,false,agricultural_labourer,0.0,0.0
C003363,10,female,true,false,other,never_married,false,false,other,0.0,0.0
C003364,34,female,false,false,government_6_to_12,widow,false,false,other,0.0,0.0
C003365,9,female,true,false,other,never_married,false,false,other,0.0,0.0
C003366,21,male,true,false,government_6_to_12,never_married,false,true,other,0.0,0.0
C003367,29,male,false,false,government_6_to_12,married,false,true,small_marginal_farmer,7.16,7.78
C003368,34,female,false,false,other,married,false,false,plantation_labourer,0.37,0.87
C003369,24,male,false,false,government_6_to_12,never_married,false,false,agricultural_labourer,0.0,0.0
C003370,31,female,true,false,government_or_aided_tamil_medium_6_to_12,married,false,false,other,0.0,0.0
C003371,68,male,false,false,other,married,false,false,small_marginal_farmer,7.82,11.88
C003372,19,female,true,true,government_or_aided_tamil_medium_6_to_12,never_married,false,false,other,0.0,0.0
C003373,55,male,false,false,government_or_aided_tamil_medium_6_to_12,widow,false,false,agricultural_labourer,0.0,0.0
C003374,42,female,false,false,other,married,false,false,agricultural_labourer,0.0,0.0
C003375,47,female,false,false,government_6_to_12,married,false,false,small_marginal_farmer,3.93,7.76
C003376,24,transgender,false,false,other,never_married,false,false,agricultural_labourer,0.0,0.0
C003377,59,male,false,false,other,widow_remarrying,false,false,other,0.0,0.0
C003378,17,male,true,false,government_6_to_12,never_married,false,false,other,0.0,0.0
C003379,83,male,false,false,government_or_aided_tamil_medium_6_to_12,never_married,false,false,other,0.0,0.0
C003380,43,female,false,false,other,married,false,true,agricultural_labourer,0.71,0.66
C003381,23,transgender,true,true,government_or_aided_tamil_medium_6_to_12,never_married,false,false,other,0.0,0.0
C003382,42,female,false,false,government_6_to_12,widow,false,true,small_marginal_farmer,1.07,0.37
C003383,62,male,false,false,other,married,false,false,inland_fishing,0.85,0.7
C003384,25,male,false,false,government_6_to_12,married,false,true,small_marginal_farmer,2.89,4.55
C003385,33,female,false,false,government_6_to_12,widow,false,false,small_marginal_farmer,2.11,3.77
C003386,19,female,false,false,government_6_to_12,never_married,false,false,plantation_labourer,0.0,0.0
C003387,37,male,false,false,other,married,false,false,other,0.0,0.0
C003388,35,female,false,false,other,married,false,true,other,0.0,0.0
C003389,65,male,false,false,government_or_aided_tamil_medium_6_to_12,never_married,false,true,inland_fishing,0.0,0.0
C003390,22,female,true,true,other,never_married,false,false,other,0.0,0.0
C003391,65,female,false,false,other,married,false,true,other,0.0,0.0
C003392,62,male,false,false,government_6_to_12,married,false,false,inland_fishing,0.0,0.0
C003393,37,male,false,false,government_6_to_12,married,false,false,agricultural_labourer,0.0,0.0
C003394,6,male,true,false,other,never_married,false,false,other,0.0,0.0
C003395,12,female,true,false,other,never_married,false,true,other,0.0,0.0
C003396,0,male,true,false,other,never_married,false,false,other,0.0,0.0
C003397,9,female,true,false,other,never_married,false,false,other,0.0,0.0
C003398,23,male,true,true,government_or_aided_tamil_medium_6_to_12,never_married,false,false,other,0.0,0.0
C003399,38,male,false,false,government_6_to_12,married,false,false,agricultural_labourer,0.21,1.37
C003400,39,male,false,false,other,married,false,false,other,0.0,0.0
C003401,20,male,false,false,other,never_married,false,false,agricultural_labourer,0.0,0.0
C003402,43,male,false,false,other,widow,false,true,other,0.0,0.0
C003403,62,female,false,false,government_6_to_12,married,false,false,small_marginal_farmer,7.76,5.43
C003404,42,male,false,false,other,married,false,false,small_marginal_farmer,5.54,1.16
C003405,40,male,false,false,government_6_to_12,married,false,false,plantation_labourer,0.0,0.0
C003406,46,female,false,false,government_or_aided_tamil_medium_6_to_12,married,false,true,other,0.0,0.0
C003407,47,female,false,false,other,married,false,false,inland_fishing,0.0,0.0
C003408,32,male,false,false,government_6_to_12,married,false,false,agricultural_labourer,0.0,0.0
C003409,25,male,true,true,government_or_aided_tamil_medium_6_to_12,widow_remarrying,false,false,other,0.0,0.0
C003410,39,female,false,false,government_6_to_12,married,false,true,inland_fishing,0.0,0.0
C003411,87,female,false,false,government_6_to_12,widow,false,false,other,0.0,0.0
C003412,49,female,false,false,government_6_to_12,never_married,false,false,other,0.0,0.0
C003413,37,female,false,false,government_6_to_12,never_married,false,false,other,0.0,0.0
C003414,35,male,false,false,government_or_aided_tamil_medium_6_to_12,married,false,false,inland_fishing,0.0,0.0
C003415,21,female,true,true,other,married,false,true,other,0.0,0.0
C003416,50,female,false,false,government_6_to_12,widow,false,false,other,0.0,0.0
C003417,25,male,false,false,government_6_to_12,married,false,false,other,0.0,0.0
C003418,88,female,false,false,other,widow,false,true,other,0.0,0.0
C003419,9,female,true,false,other,never_married,false,false,other,0.0,0.0
C003420,39,female,false,false,government_6_to_12,widow,false,false,other,0.0,0.0
C003421,77,female,false,false,government_or_aided_tamil_medium_6_to_12,married,false,false,other,0.0,0.0
C003422,41,male,false,false,government_6_to_12,never_married,false,false,inland_fishing,0.0,0.0
C003423,49,transgender,false,false,government_6_to_12,married,false,false,small_marginal_farmer,2.29,2.01
C003424,49,transgender,false,false,government_6_to_12,married,false,false,other,0.0,0.0
C003425,17,female,false,false,government_6_to_12,never_married,false,true,other,0.0,0.0
C003426,20,female,true,true,other,never_married,false,false,other,0.0,0.0
C003427,34,female,false,false,other,widow_remarrying,false,false,small_marginal_farmer,2.38,7.21
C003428,41,female,true,false,other,married,false,true,other,0.0,0.0
C003429,35,male,false,false,government_6_to_12,married,false,false,small_marginal_farmer,1.03,0.68
C003430,18,female,true,true,government_6_to_12,never_married,false,false,other,0.0,0.0
C003431,46,female,false,false,other,widow_remarrying,false,false,other,0.0,0.0
C003432,53,male,false,false,government_6_to_12,married,false,false,other,0.0,0.0
C003433,54,male,false,false,other,widow,false,false,inland_fishing,0.0,0.0
C003434,37,male,false,false,other,married,false,false,other,0.0,0.0
C003435,34,female,false,false,other,married,false,false,inland_fishing,0.0,0.0
C003436,71,female,false,false,other,widow,false,false,small_marginal_farmer,1.85,1.93
C003437,18,female,true,false,government_6_to_12,never_married,false,false,other,0.0,0.0
C003438,40,male,false,false,government_6_to_12,married,false,false,inland_fishing,0.28,0.91
C003439,18,female,false,false,government_6_to_12,never_married,false,false,other,0.0,0.0
C003440,27,female,false,false,government_6_to_12,married,false,true,other,0.0,0.0
C003441,23,female,true,true,government_6_to_12,never_married,false,false,other,0.0,0.0
C003442,21,male,false,false,government_6_to_12,never_married,false,false,other,0.0,0.0
C003443,25,male,false,false,government_or_aided_tamil_medium_6_to_12,married,false,true,small_marginal_farmer,2.2,2.16
C003444,48,female,false,false,other,married,false,true,other,0.0,0.0
C003445,39,male,false,false,other,married,false,false,small_marginal_farmer,2.07,2.87
C003446,23,male,false,false,other,never_married,false,false,other,0.0,0.0
C003447,19,male,true,true,other,never_married,false,true,other,0.0,0.0
C003448,21,female,true,true,government_6_to_12,never_married,false,true,other,0.0,0.0
C003449,17,female,false,false,government_6_to_12,never_married,false,false,other,0.0,0.0
C003450,48,female,false,false,government_or_aided_tamil_medium_6_to_12,married,false,true,agricultural_labourer,0.23,1.23
C003451,2,male,false,false,other,never_married,false,false,other,0.0,0.0
C003452,5,female,true,false,other,never_married,false,true,other,0.0,0.0
C003453,58,male,false,false,other,widow,false,false,plantation_labourer,0.0,0.0
C003454,2,female,true,false,other,never_married,false,true,other,0.0,0.0
C003455,41,male,false,false,government_or_aided_tamil_medium_6_to_12,married,false,false,other,0.0,0.0
C003456,53,female,false,false,government_or_aided_tamil_medium_6_to_12,married,false,false,other,0.0,0.0
C003457,56,female,false,false,government_or_aided_tamil_medium_6_to_12,married,false,false,agricultural_labourer,0.0,0.0
C003458,14,female,true,false,other,never_married,false,true,other,0.0,0.0
C003459,29,female,false,false,government_or_aided_tamil_medium_6_to_12,married,true,false,other,0.0,0.0
C003460,66,female,false,false,government_6_to_12,married,false,false,other,0.0,0.0
C003461,41,male,false,false,government_6_to_12,widow_remarrying,false,false,other,0.0,0.0
C003462,34,male,false,false,government_or_aided_tamil_medium_6_to_12,widow_remarrying,false,false,other,0.0,0.0
C003463,39,female,false,false,government_or_aided_tamil_medium_6_to_12,married,false,false,other,0.0,0.0
C003464,57,female,false,false,other,married,false,false,inland_fishing,0.0,0.0
C003465,38,female,false,false,government_6_to_12,married,false,false,inland_fishing,0.0,0.0
C003466,55,female,false,false,government_or_aided_tamil_medium_6_to_12,widow_remarrying,false,false,small_marginal_farmer,2.77,6.89
C003467,65,male,false,false,government_6_to_12,widow_remarrying,false,true,other,0.0,0.0
C003468,30,female,false,false,government_6_to_12,married,false,false,small_marginal_farmer,7.61,5.79
C003469,40,male,false,false,government_or_aided_tamil_medium_6_to_12,never_married,false,true,other,0.0,0.0
C003470,49,male,false,false,government_or_aided_tamil_medium_6_to_12,never_married,false,false,small_marginal_farmer,3.54,11.22
C003471,63,transgender,false,false,government_or_aided_tamil_medium_6_to_12,widow,false,false,agricultural_labourer,0.0,0.0
C003472,12,male,true,false,other,never_married,true,false,other,0.0,0.0
C003473,44,female,false,false,other,married,false,false,other,0.0,0.0
C003474,58,female,false,false,other,never_married,false,false,inland_fishing,0.0,0.0
C003475,57,male,false,false,government_or_aided_tamil_medium_6_to_12,widow,false,false,other,0.0,0.0
C003476,34,female,false,false,government_6_to_12,never_married,false,true,agricultural_labourer,0.0,0.0
C003477,24,female,false,false,other,never_married,false,true,plantation_labourer,0.0,0.0
C003478,25,female,true,true,other,married,true,false,other,0.0,0.0
C003479,47,female,false,false,other,never_married,false,false,other,0.0,0.0
C003480,27,female,false,false,government_6_to_12,married,false,false,other,0.0,0.0
C003481,18,male,true,true,government_6_to_12,never_married,false,false,other,0.0,0.0
C003482,25,female,false,false,government_or_aided_tamil_medium_6_to_12,married,false,true,inland_fishing,0.52,0.6
C003483,90,female,false,false,government_6_to_12,widow,false,false,agricultural_labourer,0.0,0.0
C003484,18,male,false,false,government_or_aided_tamil_medium_6_to_12,never_married,false,false,agricultural_labourer,0.0,0.0
C003485,28,female,false,false,other,never_married,true,true,agricultural_labourer,0.0,0.0
C003486,1,male,true,false,other,never_married,false,true,other,0.0,0.0
C003487,47,transgender,false,false,government_6_to_12,never_married,false,false,agricultural_labourer,0.93,0.59
C003488,18,male,false,false,government_6_to_12,never_married,false,false,inland_fishing,0.0,0.0
C003489,6,female,true,false,other,never_married,true,true,other,0.0,0.0
C003490,62,female,false,false,government_6_to_12,widow_remarrying,false,true,inland_fishing,0.2,0.18
C003491,19,female,false,false,other,never_married,false,false,other,0.0,0.0
C003492,18,male,false,false,government_or_aided_tamil_medium_6_to_12,never_married,true,false,other,0.0,0.0
C003493,64,male,false,false,other,married,false,false,other,0.0,0.0
C003494,51,female,false,false,other,widow,false,false,inland_fishing,0.53,0.92
C003495,23,female,false,false,government_6_to_12,never_married,false,true,other,0.0,0.0
C003496,21,male,false,false,government_or_aided_tamil_medium_6_to_12,never_married,false,false,plantation_labourer,0.0,0.0
C003497,15,male,true,false,other,never_married,true,false,other,0.0,0.0
C003498,63,male,false,false,government_or_aided_tamil_medium_6_to_12,married,false,false,other,0.0,0.0
C003499,34,female,false,false,government_6_to_12,never_married,false,true,small_marginal_farmer,2.85,3.44
C003500,6,female,true,false,other,never_married,false,false,other,0.0,0.0
C003501,9,male,true,false,other,never_married,false,true,other,0.0,0.0
C003502,9,female,true,false,other,never_married,false,false,other,0.0,0.0
C003503,3,female,true,false,other,never_married,false,false,other,0.0,0.0
C003504,61,female,false,false,government_or_aided_tamil_medium_6_to_12,married,false,false,agricultural_labourer,0.0,0.0
C003505,49,female,false,false,government_or_aided_tamil_medium_6_to_12,widow_remarrying,false,false,small_marginal_farmer,6.05,6.67
C003506,41,female,false,false,government_6_to_12,married,false,false,other,0.0,0.0
C003507,12,male,true,false,other,never_married,true,false,other,0.0,0.0
C003508,82,male,false,false,government_6_to_12,widow,false,false,small_marginal_farmer,1.73,6.5
C003509,60,transgender,false,false,government_6_to_12,married,false,false,other,0.0,0.0
C003510,22,male,true,true,other,never_married,false,false,other,0.0,0.0
C003511,32,male,false,false,government_or_aided_tamil_medium_6_to_12,married,false,false,small_marginal_farmer,0.68,5.46
C003512,63,male,false,false,government_or_aided_tamil_medium_6_to_12,married,false,false,small_marginal_farmer,4.46,3.35
C003513,21,female,false,false,other,never_married,false,false,other,0.0,0.0
C003514,21,male,false,false,government_6_to_12,never_married,false,false,plantation_labourer,0.0,0.0
C003515,47,male,false,false,government_or_aided_tamil_medium_6_to_12,married,false,false,agricultural_labourer,0.0,0.0
C003516,68,male,false,false,government_6_to_12,married,false,false,other,0.0,0.0
C003517,24,female,true,false,other,never_married,false,false,other,0.0,0.0
C003518,79,female,false,false,other,widow,false,true,other,0.0,0.0
C003519,46,male,false,false,government_6_to_12,married,false,false,other,0.0,0.0
C003520,25,female,false,false,other,married,false,false,small_marginal_farmer,1.88,2.53
C003521,28,female,false,false,government_or_aided_tamil_medium_6_to_12,widow,false,false,other,0.0,0.0
C003522,9,male,true,false,other,never_married,true,false,other,0.0,0.0
C003523,78,male,false,false,other,married,false,false,other,0.0,0.0
C003524,57,female,false,false,government_6_to_12,married,false,false,other,0.0,0.0
C003525,79,male,false,false,government_6_to_12,married,false,false,other,0.0,0.0
C003526,25,male,false,false,government_6_to_12,married,false,false,small_marginal_farmer,1.95,1.46
C003527,82,male,false,false,government_or_aided_tamil_medium_6_to_12,widow,false,true,other,0.0,0.0
C003528,35,female,false,false,other,widow,false,false,small_marginal_farmer,2.31,4.86
C003529,18,male,true,true,government_6_to_12,widow_remarrying,false,false,other,0.0,0.0
C003530,39,female,false,false,other,married,false,true,small_marginal_farmer,4.3,11.37
C003531,42,female,false,false,government_or_aided_tamil_medium_6_to_12,widow_remarrying,false,false,plantation_labourer,0.0,0.0
C003532,33,male,false,false,government_6_to_12,widow,false,false,other,0.0,0.0
C003533,48,female,false,false,government_6_to_12,never_married,false,false,other,0.0,0.0
C003534,18,male,true,true,other,never_married,false,true,other,0.0,0.0
C003535,63,female,false,false,government_6_to_12,widow_remarrying,false,false,agricultural_labourer,0.0,0.0
C003536,11,male,true,false,other,never_married,false,true,other,0.0,0.0
C003537,11,female,true,false,other,never_married,false,false,other,0.0,0.0
C003538,20,male,false,false,government_6_to_12,never_married,false,true,other,0.0,0.0
C003539,72,male,false,false,government_6_to_12,widow_remarrying,false,false,inland_fishing,0.0,0.0
C003540,29,female,false,false,government_6_to_12,married,false,false,other,0.0,0.0
C003541,65,male,false,false,government_6_to_12,married,false,false,small_marginal_farmer,0.19,4.12
C003542,44,female,false,false,government_or_aided_tamil_medium_6_to_12,married,false,false,agricultural_labourer,0.0,0.0
C003543,47,female,false,false,government_or_aided_tamil_medium_6_to_12,married,false,false,other,0.0,0.0
C003544,22,female,true,true,government_or_aided_tamil_medium_6_to_12,married,false,false,other,0.0,0.0
C003545,20,transgender,false,false,government_6_to_12,never_married,false,false,other,0.0,0.0
C003546,57,male,false,false,government_or_aided_tamil_medium_6_to_12,married,false,false,other,0.0,0.0
C003547,3,male,true,false,other,never_married,false,false,other,0.0,0.0
C003548,38,female,false,false,government_6_to_12,married,false,false,small_marginal_farmer,1.0,0.35
C003549,27,female,true,true,government_6_to_12,married,true,false,other,0.0,0.0
C003550,65,female,false,false,government_6_to_12,widow,false,false,other,0.0,0.0
C003551,37,female,false,false,other,married,false,false,other,0.0,0.0
C003552,55,male,false,false,government_or_aided_tamil_medium_6_to_12,widow,false,false,small_marginal_farmer,0.46,6.78
C003553,26,female,false,false,other,married,false,false,small_marginal_farmer,1.06,4.19
C003554,37,male,false,false,government_6_to_12,married,false,false,other,0.0,0.0
C003555,42,male,false,false,other,never_married,false,true,plantation_labourer,0.0,0.0
C003556,13,female,true,false,other,never_married,false,false,other,0.0,0.0
C003557,35,male,false,false,government_6_to_12,married,false,true,plantation_labourer,0.0,0.0
C003558,27,female,false,false,government_or_aided_tamil_medium_6_to_12,married,false,false,small_marginal_farmer,0.27,7.78
C003559,23,male,false,false,government_or_aided_tamil_medium_6_to_12,never_married,false,false,inland_fishing,0.0,0.0
C003560,48,male,false,false,other,married,false,false,other,0.0,0.0
C003561,28,female,false,false,government_6_to_12,married,true,false,small_marginal_farmer,0.65,2.14
C003562,21,female,false,false,government_6_to_12,never_married,true,false,other,0.0,0.0
C003563,13,female,true,false,other,never_married,false,false,other,0.0,0.0
C003564,53,male,false,false,government_6_to_12,widow,false,false,inland_fishing,0.0,0.0
C003565,19,male,false,false,government_6_to_12,never_married,false,false,other,0.0,0.0
C003566,47,female,false,false,other,married,false,false,small_marginal_farmer,4.13,5.5
C003567,46,female,false,false,government_or_aided_tamil_medium_6_to_12,widow,false,false,inland_fishing,0.4,0.87
C003568,0,transgender,true,false,other,never_married,false,false,other,0.0,0.0
C003569,6,female,true,false,other,never_married,false,false,other,0.0,0.0
C003570,7,female,true,false,other,never_married,false,false,other,0.0,0.0
C003571,64,male,false,false,government_or_aided_tamil_medium_6_to_12,married,false,true,agricultural_labourer,0.0,0.0
C003572,39,female,false,false,other,widow,false,true,other,0.0,0.0
C003573,56,male,false,false,government_6_to_12,married,false,false,other,0.0,0.0
C003574,54,male,false,false,government_6_to_12,married,false,true,other,0.0,0.0
C003575,33,male,false,false,other,married,false,true,other,0.0,0.0
C003576,18,female,false,false,other,never_married,false,false,agricultural_labourer,0.28,0.43
C003577,33,male,true,false,other,never_married,false,false,other,0.0,0.0
C003578,21,female,true,false,government_6_to_12,never_married,false,false,other,0.0,0.0
C003579,1,female,true,false,other,never_married,false,false,other,0.0,0.0
C003580,25,male,false,false,government_6_to_12,never_married,false,false,other,0.0,0.0
C003581,36,female,false,false,government_6_to_12,married,false,false,small_marginal_farmer,1.36,2.01
C003582,33,transgender,false,false,government_6_to_12,married,false,false,other,0.0,0.0
C003583,47,male,false,false,other,married,false,false,other,0.0,0.0
C003584,49,female,false,false,government_6_to_12,never_married,false,false,other,0.0,0.0
C003585,21,female,true,true,government_6_to_12,never_married,false,false,other,0.0,0.0
C003586,39,male,false,false,government_6_to_12,widow,false,false,other,0.0,0.0
C003587,57,male,false,false,other,widow,false,false,agricultural_labourer,0.0,0.0
C003588,29,female,false,false,government_6_to_12,married,false,false,other,0.0,0.0
C003589,54,transgender,true,false,other,married,false,true,other,0.0,0.0
C003590,39,male,false,false,other,married,false,false,small_marginal_farmer,0.3,4.98
C003591,42,male,false,false,other,widow,false,false,agricultural_labourer,0.54,1.29
C003592,21,male,true,true,government_or_aided_tamil_medium_6_to_12,married,true,true,other,0.0,0.0
C003593,65,male,false,false,other,widow,false,false,inland_fishing,0.0,0.0
C003594,8,female,true,false,other,never_married,true,false,other,0.0,0.0
C003595,72,female,false,false,government_or_aided_tamil_medium_6_to_12,married,false,false,other,0.0,0.0
C003596,24,male,true,true,government_6_to_12,never_married,false,false,other,0.0,0.0
C003597,34,male,false,false,government_6_to_12,married,false,false,small_marginal_farmer,1.86,3.56
C003598,36,male,false,false,government_6_to_12,married,false,false,small_marginal_farmer,1.14,1.48
C003599,38,female,false,false,other,married,true,true,small_marginal_farmer,4.48,7.0
C003600,37,male,false,false,government_or_aided_tamil_medium_6_to_12,married,false,false,plantation_labourer,0.47,0.89
C003601,23,female,false,false,government_or_aided_tamil_medium_6_to_12,never_married,false,false,other,0.0,0.0
C003602,19,male,false,false,government_or_aided_tamil_medium_6_to_12,never_married,false,true,other,0.0,0.0
C003603,26,transgender,false,false,government_6_to_12,married,true,false,other,0.0,0.0
C003604,25,female,true,true,government_6_to_12,married,false,true,other,0.0,0.0
C003605,42,female,false,false,government_6_to_12,married,false,false,small_marginal_farmer,3.47,11.52
C003606,16,male,true,false,government_or_aided_tamil_medium_6_to_12,never_married,false,false,other,0.0,0.0
C003607,61,transgender,false,false,government_or_aided_tamil_medium_6_to_12,widow,false,false,agricultural_labourer,0.0,0.0
C003608,43,female,false,false,government_6_to_12,married,false,true,other,0.0,0.0
C003609,34,male,false,false,government_6_to_12,never_married,false,false,other,0.0,0.0
C003610,21,female,false,false,other,never_married,false,false,other,0.0,0.0
C003611,51,male,false,false,other,never_married,false,true,other,0.0,0.0
C003612,39,male,false,false,government_6_to_12,married,true,false,other,0.0,0.0
C003613,29,female,false,false,other,married,false,false,other,0.0,0.0
C003614,29,female,false,false,other,married,false,true,other,0.0,0.0
C003615,27,female,false,false,government_or_aided_tamil_medium_6_to_12,married,false,false,other,0.0,0.0
C003616,48,male,false,false,government_6_to_12,married,false,false,inland_fishing,0.0,0.0
C003617,32,female,false,false,other,married,false,true,inland_fishing,0.0,0.0
C003618,87,male,false,false,other,widow,false,false,other,0.0,0.0
C003619,29,male,false,false,government_6_to_12,married,true,false,agricultural_labourer,0.0,0.0
C003620,52,male,false,false,other,married,false,false,small_marginal_farmer,2.43,1.03
C003621,34,female,true,false,government_or_aided_tamil_medium_6_to_12,never_married,false,true,other,0.0,0.0
C003622,10,male,false,false,other,never_married,false,false,other,0.0,0.0
C003623,47,male,false,false,government_or_aided_tamil_medium_6_to_12,never_married,false,false,agricultural_labourer,0.0,0.0
C003624,29,male,false,false,other,married,false,false,other,0.0,0.0
C003625,34,male,false,false,other,married,false,false,other,0.0,0.0
C003626,15,female,false,false,other,never_married,false,true,other,0.0,0.0
C003627,88,female,false,false,other,married,true,false,other,0.0,0.0
C003628,45,female,false,false,government_or_aided_tamil_medium_6_to_12,never_married,false,false,plantation_labourer,0.0,0.0
C003629,50,female,false,false,government_or_aided_tamil_medium_6_to_12,never_married,false,false,other,0.0,0.0
C003630,20,female,true,false,government_6_to_12,never_married,false,false,other,0.0,0.0
C003631,31,male,false,false,government_6_to_12,married,false,false,small_marginal_farmer,2.45,6.37
C003632,46,male,false,false,government_6_to_12,widow_remarrying,false,false,small_marginal_farmer,5.42,10.42
C003633,22,transgender,false,false,government_6_to_12,never_married,false,false,plantation_labourer,0.0,0.0
C003634,42,female,false,false,other,married,false,true,small_marginal_farmer,0.68,7.46
C003635,24,female,true,false,other,married,true,false,other,0.0,0.0
C003636,65,female,false,false,government_or_aided_tamil_medium_6_to_12,never_married,false,false,small_marginal_farmer,4.18,0.5
C003637,80,female,false,false,government_6_to_12,married,false,true,other,0.0,0.0
C003638,18,male,true,true,other,never_married,false,false,other,0.0,0.0
C003639,26,male,false,false,other,widow_remarrying,false,false,small_marginal_farmer,6.68,8.97
C003640,31,female,false,false,other,married,false,false,other,0.0,0.0
C003641,25,transgender,false,false,government_6_to_12,married,false,false,other,0.0,0.0
C003642,20,male,false,false,government_or_aided_tamil_medium_6_to_12,never_married,false,false,agricultural_labourer,0.0,0.0
C003643,47,female,false,false,government_6_to_12,widow,false,false,other,0.0,0.0
C003644,24,male,false,false,government_or_aided_tamil_medium_6_to_12,never_married,true,false,other,0.0,0.0
C003645,53,female,false,false,government_6_to_12,married,false,false,other,0.0,0.0
C003646,30,male,false,false,government_or_aided_tamil_medium_6_to_12,never_married,false,false,agricultural_labourer,0.0,0.0
C003647,19,male,false,false,other,never_married,false,false,other,0.0,0.0
C003648,90,female,false,false,other,widow,true,false,small_marginal_farmer,1.35,5.28
C003649,76,male,false,false,other,married,false,false,other,0.0,0.0
C003650,61,female,false,false,government_or_aided_tamil_medium_6_to_12,married,false,false,other,0.0,0.0
C003651,18,female,false,false,government_6_to_12,never_married,false,true,other,0.0,0.0
C003652,24,male,true,true,government_6_to_12,never_married,false,false,other,0.0,0.0
C003653,35,female,false,false,government_6_to_12,married,false,false,other,0.0,0.0
C003654,27,female,true,false,government_6_to_12,widow,false,false,other,0.0,0.0
C003655,0,male,true,false,other,never_married,false,false,other,0.0,0.0
C003656,26,male,false,false,government_6_to_12,married,false,false,small_marginal_farmer,0.42,7.33
C003657,21,female,false,false,government_6_to_12,never_married,false,false,small_marginal_farmer,1.66,5.21
C003658,56,male,false,false,government_6_to_12,never_married,false,true,small_marginal_farmer,2.26,1.05
C003659,33,female,false,false,other,married,false,true,small_marginal_farmer,0.3,0.07
C003660,88,female,false,false,government_or_aided_tamil_medium_6_to_12,never_married,false,false,agricultural_labourer,0.0,0.0
C003661,48,male,false,false,government_6_to_12,widow,false,false,other,0.0,0.0
C003662,83,male,false,false,government_6_to_12,widow,false,false,inland_fishing,0.0,0.0
C003663,20,male,true,true,government_6_to_12,never_married,false,false,other,0.0,0.0
C003664,36,female,false,false,government_6_to_12,married,false,true,agricultural_labourer,0.0,0.0
C003665,43,female,false,false,government_or_aided_tamil_medium_6_to_12,married,false,false,small_marginal_farmer,5.17,3.92
C003666,2,female,true,false,other,never_married,false,true,other,0.0,0.0
C003667,33,male,false,false,other,never_married,false,false,other,0.0,0.0
C003668,50,male,false,false,other,married,false,false,small_marginal_farmer,1.56,3.21
C003669,6,female,true,false,other,never_married,false,false,other,0.0,0.0
C003670,36,female,false,false,other,married,false,false,agricultural_labourer,0.0,0.0
C003671,76,male,false,false,government_or_aided_tamil_medium_6_to_12,married,false,false,other,0.0,0.0
C003672,57,male,false,false,other,never_married,false,false,agricultural_labourer,0.0,0.0
C003673,59,female,false,false,government_6_to_12,widow_remarrying,false,false,inland_fishing,0.0,0.0
C003674,33,female,false,false,other,never_married,false,true,agricultural_labourer,0.0,0.0
C003675,10,male,true,false,other,never_married,false,false,other,0.0,0.0
C003676,54,male,false,false,other,married,false,true,plantation_labourer,0.0,0.0
C003677,5,male,true,false,other,never_married,false,false,other,0.0,0.0
C003678,39,female,false,false,government_6_to_12,married,false,false,plantation_labourer,0.0,0.0
C003679,74,male,false,false,government_or_aided_tamil_medium_6_to_12,married,false,false,agricultural_labourer,0.0,0.0
C003680,36,female,false,false,government_6_to_12,married,false,true,agricultural_labourer,0.0,0.0
C003681,35,female,false,false,other,married,false,false,other,0.0,0.0
C003682,57,male,true,false,government_6_to_12,married,false,false,other,0.0,0.0
C003683,84,male,false,false,government_6_to_12,married,false,false,other,0.0,0.0
C003684,21,male,false,false,other,never_married,false,true,other,0.0,0.0
C003685,30,male,false,false,government_or_aided_tamil_medium_6_to_12,married,false,false,other,0.0,0.0
C003686,9,female,true,false,other,never_married,false,false,other,0.0,0.0
C003687,47,male,false,false,government_6_to_12,married,true,false,agricultural_labourer,0.0,0.0
C003688,18,male,true,false,other,never_married,false,false,other,0.0,0.0
C003689,50,transgender,false,false,other,married,false,false,other,0.0,0.0
C003690,20,female,true,true,government_or_aided_tamil_medium_6_to_12,never_married,false,false,other,0.0,0.0
C003691,32,male,false,false,other,never_married,false,false,agricultural_labourer,0.0,0.0
C003692,57,female,false,false,government_or_aided_tamil_medium_6_to_12,married,false,false,small_marginal_farmer,0.86,2.37
C003693,41,female,false,false,other,married,true,false,other,0.0,0.0
C003694,36,female,false,false,other,married,false,false,agricultural_labourer,0.0,0.0
C003695,52,male,false,false,other,widow_remarrying,false,false,other,0.0,0.0
C003696,38,male,false,false,other,married,false,false,other,0.0,0.0
C003697,22,male,false,false,government_or_aided_tamil_medium_6_to_12,never_married,false,true,small_marginal_farmer,1.92,7.68
C003698,83,male,false,false,government_or_aided_tamil_medium_6_to_12,married,false,true,agricultural_labourer,0.0,0.0
C003699,56,male,false,false,government_6_to_12,married,false,false,other,0.0,0.0
C003700,4,male,true,false,other,never_married,false,false,other,0.0,0.0
C003701,90,male,false,false,government_or_aided_tamil_medium_6_to_12,married,false,false,other,0.0,0.0
C003702,19,female,true,false,government_6_to_12,never_married,false,true,other,0.0,0.0
C003703,46,male,false,false,government_6_to_12,married,false,false,agricultural_labourer,0.0,0.0
C003704,37,transgender,false,false,other,never_married,false,false,small_marginal_farmer,1.67,4.95
C003705,7,male,true,false,other,never_married,false,false,other,0.0,0.0
C003706,8,female,true,false,other,never_married,false,true,other,0.0,0.0
C003707,23,male,true,false,government_or_aided_tamil_medium_6_to_12,never_married,false,false,other,0.0,0.0
C003708,42,female,true,false,government_6_to_12,married,false,false,other,0.0,0.0
C003709,52,female,false,false,government_or_aided_tamil_medium_6_to_12,married,false,false,agricultural_labourer,0.0,0.0
C003710,65,male,false,false,government_6_to_12,married,false,true,small_marginal_farmer,1.16,3.96
C003711,21,female,false,false,other,married,false,false,agricultural_labourer,0.0,0.0
C003712,56,female,false,false,government_6_to_12,never_married,false,false,inland_fishing,0.0,0.0
C003713,60,male,true,false,other,widow,false,false,other,0.0,0.0
C003714,21,female,false,false,government_6_to_12,never_married,true,false,small_marginal_farmer,5.6,6.41
C003715,13,male,true,false,other,never_married,false,true,other,0.0,0.0
C003716,46,female,false,false,other,widow,false,false,agricultural_labourer,0.0,0.0
C003717,55,female,false,false,other,married,false,false,small_marginal_farmer,7.28,7.25
C003718,55,female,false,false,other,married,false,false,small_marginal_farmer,2.13,2.85
C003719,0,female,true,false,other,never_married,false,false,other,0.0,0.0
C003720,12,female,true,false,other,never_married,false,false,other,0.0,0.0
C003721,3,male,true,false,other,never_married,false,true,other,0.0,0.0
C003722,32,female,false,false,government_6_to_12,married,false,true,plantation_labourer,0.0,0.0
C003723,24,female,true,true,government_or_aided_tamil_medium_6_to_12,never_married,false,false,other,0.0,0.0
C003724,70,male,false,false,government_or_aided_tamil_medium_6_to_12,married,false,false,small_marginal_farmer,0.33,4.24
C003725,63,female,false,false,government_or_aided_tamil_medium_6_to_12,never_married,true,false,other,0.0,0.0
C003726,49,female,false,false,government_or_aided_tamil_medium_6_to_12,never_married,false,false,agricultural_labourer,0.0,0.0
C003727,41,male,false,false,government_or_aided_tamil_medium_6_to_12,married,true,false,other,0.0,0.0
C003728,77,female,false,false,government_6_to_12,married,false,false,other,0.0,0.0
C003729,20,female,true,true,government_6_to_12,never_married,false,false,other,0.0,0.0
C003730,28,transgender,false,false,other,married,false,false,agricultural_labourer,0.0,0.0
C003731,45,transgender,false,false,government_6_to_12,never_married,false,false,other,0.0,0.0
C003732,44,male,false,false,government_or_aided_tamil_medium_6_to_12,married,false,false,small_marginal_farmer,1.62,1.33
C003733,26,female,true,false,government_6_to_12,married,false,false,other,0.0,0.0
C003734,24,female,false,false,government_or_aided_tamil_medium_6_to_12,married,false,false,other,0.0,0.0
C003735,16,female,true,false,government_or_aided_tamil_medium_6_to_12,never_married,false,false,other,0.0,0.0
C003736,51,female,false,false,other,widow,false,false,small_marginal_farmer,0.41,5.94
C003737,60,male,false,false,government_or_aided_tamil_medium_6_to_12,never_married,false,false,other,0.0,0.0
C003738,56,female,false,false,government_6_to_12,married,false,false,other,0.0,0.0
C003739,36,male,false,false,government_6_to_12,married,false,false,agricultural_labourer,0.7,1.19
C003740,6,male,true,false,other,never_married,false,true,other,0.0,0.0
C003741,36,male,false,false,government_6_to_12,widow,false,false,other,0.0,0.0
C003742,29,female,false,false,government_or_aided_tamil_medium_6_to_12,married,false,false,agricultural_labourer,0.0,0.0
C003743,19,male,true,true,government_6_to_12,never_married,false,false,other,0.0,0.0
C003744,27,male,false,false,government_6_to_12,married,false,false,other,0.0,0.0
C003745,42,transgender,false,false,government_6_to_12,married,false,false,agricultural_labourer,0.0,0.0
C003746,14,female,true,false,other,never_married,false,false,other,0.0,0.0
C003747,51,male,false,false,government_or_aided_tamil_medium_6_to_12,married,false,false,other,0.0,0.0
C003748,60,female,true,false,government_6_to_12,never_married,false,false,other,0.0,0.0
C003749,59,female,false,false,other,widow,false,true,agricultural_labourer,0.0,0.0
C003750,28,female,false,false,government_6_to_12,widow_remarrying,false,true,plantation_labourer,0.0,0.0
C003751,5,male,true,false,other,never_married,false,false,other,0.0,0.0
C003752,33,transgender,false,false,government_6_to_12,married,false,false,other,0.0,0.0
C003753,62,female,false,false,government_6_to_12,widow,false,true,small_marginal_farmer,6.39,11.35
C003754,9,female,true,false,other,never_married,false,false,other,0.0,0.0
C003755,50,female,false,false,other,married,false,false,other,0.0,0.0
C003756,53,male,false,false,government_or_aided_tamil_medium_6_to_12,married,false,false,other,0.0,0.0
C003757,36,female,false,false,government_or_aided_tamil_medium_6_to_12,married,false,false,small_marginal_farmer,7.55,11.21
C003758,21,male,false,false,government_6_to_12,never_married,false,true,other,0.0,0.0
C003759,42,female,false,false,government_or_aided_tamil_medium_6_to_12,married,false,false,agricultural_labourer,0.0,0.0
C003760,34,female,false,false,other,never_married,false,true,other,0.0,0.0
C003761,45,female,false,false,government_6_to_12,married,false,false,other,0.0,0.0
C003762,26,male,false,false,government_or_aided_tamil_medium_6_to_12,married,false,false,other,0.0,0.0
C003763,54,female,false,false,government_6_to_12,married,false,true,inland_fishing,0.0,0.0
C003764,59,male,false,false,government_or_aided_tamil_medium_6_to_12,never_married,false,false,other,0.0,0.0
C003765,45,female,false,false,government_6_to_12,married,false,false,agricultural_labourer,0.0,0.0
C003766,26,male,false,false,government_or_aided_tamil_medium_6_to_12,married,false,false,other,0.0,0.0
C003767,52,male,false,false,government_6_to_12,married,false,false,other,0.0,0.0
C003768,22,male,false,false,other,never_married,false,false,plantation_labourer,0.9,0.96
C003769,18,male,true,false,other,never_married,false,false,other,0.0,0.0
C003770,16,female,true,false,government_or_aided_tamil_medium_6_to_12,never_married,false,false,other,0.0,0.0
C003771,22,male,true,false,other,never_married,false,false,other,0.0,0.0
C003772,54,male,false,false,government_6_to_12,married,false,false,small_marginal_farmer,7.84,10.15
C003773,37,female,false,false,other,widow,false,false,agricultural_labourer,0.21,0.33
C003774,54,male,false,false,government_or_aided_tamil_medium_6_to_12,widow,false,false,inland_fishing,0.0,0.0
C003775,35,female,false,false,government_or_aided_tamil_medium_6_to_12,married,false,true,other,0.0,0.0
C003776,30,male,false,false,government_6_to_12,married,false,false,agricultural_labourer,0.0,0.0
C003777,23,female,false,false,other,widow_remarrying,false,false,small_marginal_farmer,4.07,1.89
C003778,21,male,true,false,government_6_to_12,never_married,false,false,other,0.0,0.0
C003779,70,male,true,false,government_6_to_12,widow,false,false,other,0.0,0.0
C003780,29,male,false,false,other,married,true,false,agricultural_labourer,0.0,0.0
C003781,27,male,false,false,other,never_married,false,false,other,0.0,0.0
C003782,21,male,false,false,government_6_to_12,never_married,false,false,other,0.0,0.0
C003783,42,male,false,false,other,married,false,false,small_marginal_farmer,1.84,3.05
C003784,6,male,true,false,other,never_married,false,false,other,0.0,0.0
C003785,41,male,false,false,other,married,false,false,other,0.0,0.0
C003786,18,female,true,true,government_or_aided_tamil_medium_6_to_12,never_married,false,true,other,0.0,0.0
C003787,22,female,true,true,government_6_to_12,never_married,true,true,other,0.0,0.0
C003788,8,male,true,false,other,never_married,false,false,other,0.0,0.0
C003789,80,male,false,false,other,married,false,false,other,0.0,0.0
C003790,40,male,false,false,government_or_aided_tamil_medium_6_to_12,married,false,true,small_marginal_farmer,3.93,11.99
C003791,22,female,false,false,government_6_to_12,never_married,false,true,other,0.0,0.0
C003792,48,female,false,false,government_6_to_12,never_married,false,false,small_marginal_farmer,4.09,4.97
C003793,49,female,false,false,government_or_aided_tamil_medium_6_to_12,married,false,false,other,0.0,0.0
C003794,46,female,false,false,other,married,false,false,other,0.0,0.0
C003795,37,female,false,false,other,married,false,true,plantation_labourer,0.0,0.0
C003796,77,female,false,false,government_6_to_12,married,false,true,agricultural_labourer,0.46,0.71
C003797,48,female,false,false,other,married,false,false,other,0.0,0.0
C003798,58,female,false,false,other,widow,false,false,other,0.0,0.0
C003799,45,female,false,false,government_6_to_12,married,false,false,small_marginal_farmer,2.42,4.22
C003800,42,female,false,false,government_6_to_12,married,false,true,other,0.0,0.0
C003801,23,male,false,false,government_6_to_12,never_married,false,false,small_marginal_farmer,5.34,1.85
C003802,56,male,false,false,other,never_married,false,false,small_marginal_farmer,1.45,0.85
C003803,21,female,true,false,government_6_to_12,never_married,false,false,other,0.0,0.0
C003804,75,female,false,false,government_6_to_12,widow,false,true,inland_fishing,0.0,0.0
C003805,28,female,false,false,other,married,false,false,inland_fishing,0.0,0.0
C003806,41,female,false,false,government_6_to_12,married,false,false,small_marginal_farmer,4.89,2.21
C003807,34,male,false,false,government_or_aided_tamil_medium_6_to_12,married,false,false,small_marginal_farmer,1.03,1.33
C003808,18,female,true,true,government_6_to_12,never_married,false,false,other,0.0,0.0
C003809,21,female,false,false,other,never_married,false,false,small_marginal_farmer,4.25,8.4
C003810,23,male,false,false,government_6_to_12,never_married,false,false,small_marginal_farmer,4.66,1.61
C003811,32,female,false,false,government_or_aided_tamil_medium_6_to_12,never_married,false,false,agricultural_labourer,0.0,0.0
C003812,22,female,false,false,government_or_aided_tamil_medium_6_to_12,never_married,false,false,agricultural_labourer,0.0,0.0
C003813,23,female,true,false,other,never_married,true,false,other,0.0,0.0
C003814,26,male,false,false,other,never_married,false,false,agricultural_labourer,0.0,0.0
C003815,29,female,false,false,other,widow_remarrying,false,true,other,0.0,0.0
C003816,32,male,false,false,government_6_to_12,never_married,false,true,other,0.0,0.0
C003817,28,female,false,false,other,widow,false,false,other,0.0,0.0
C003818,18,male,false,false,government_6_to_12,never_married,false,true,plantation_labourer,0.0,0.0
C003819,54,male,false,false,other,widow,false,false,other,0.0,0.0
C003820,33,female,false,false,other,never_married,false,true,plantation_labourer,0.0,0.0
C003821,61,male,false,false,government_6_to_12,never_married,false,true,small_marginal_farmer,2.48,3.05
C003822,25,male,true,true,government_6_to_12,widow_remarrying,false,false,other,0.0,0.0
C003823,18,male,false,false,government_or_aided_tamil_medium_6_to_12,never_married,false,false,small_marginal_farmer,2.98,8.82
C003824,41,female,false,false,government_6_to_12,widow,false,true,other,0.0,0.0
C003825,59,male,false,false,other,widow_remarrying,false,false,agricultural_labourer,0.0,0.0
C003826,45,male,false,false,government_or_aided_tamil_medium_6_to_12,never_married,false,false,plantation_labourer,0.0,0.0
C003827,35,female,false,false,other,married,false,false,agricultural_labourer,0.0,0.0
C003828,64,female,false,false,other,widow,false,true,other,0.0,0.0
C003829,10,transgender,true,false,other,never_married,false,true,other,0.0,0.0
C003830,54,female,false,false,government_6_to_12,never_married,false,false,other,0.0,0.0
C003831,63,female,false,false,other,married,false,false,other,0.0,0.0
C003832,25,male,false,false,government_or_aided_tamil_medium_6_to_12,widow,false,false,other,0.0,0.0
C003833,62,male,false,false,government_6_to_12,married,false,true,other,0.0,0.0
C003834,31,female,false,false,government_or_aided_tamil_medium_6_to_12,married,false,false,small_marginal_farmer,2.2,0.32
C003835,7,male,false,false,other,never_married,false,false,other,0.0,0.0
C003836,20,female,true,true,government_or_aided_tamil_medium_6_to_12,widow_remarrying,false,false,other,0.0,0.0
C003837,19,female,false,false,government_6_to_12,widow_remarrying,false,true,other,0.0,0.0
C003838,78,male,false,false,other,married,false,false,inland_fishing,0.99,0.41
C003839,29,male,false,false,other,married,true,true,agricultural_labourer,0.0,0.0
C003840,60,female,false,false,other,married,false,false,other,0.0,0.0
C003841,52,male,false,false,government_or_aided_tamil_medium_6_to_12,married,false,false,small_marginal_farmer,1.69,2.4
C003842,31,transgender,false,false,government_or_aided_tamil_medium_6_to_12,married,false,false,other,0.0,0.0
C003843,34,male,true,false,other,married,false,false,other,0.0,0.0
C003844,52,male,false,false,government_6_to_12,widow,false,false,other,0.0,0.0
C003845,18,female,false,false,other,never_married,false,false,small_marginal_farmer,3.31,1.08
C003846,68,female,false,false,other,married,false,false,other,0.0,0.0
C003847,21,male,false,false,government_6_to_12,never_married,false,false,agricultural_labourer,0.0,0.0
C003848,19,female,false,false,government_or_aided_tamil_medium_6_to_12,never_married,true,false,other,0.0,0.0
C003849,21,female,true,true,government_6_to_12,never_married,true,false,other,0.0,0.0
C003850,44,male,false,false,government_6_to_12,married,false,false,agricultural_labourer,0.0,0.0
C003851,57,female,false,false,other,married,false,false,small_marginal_farmer,2.08,1.41
C003852,23,transgender,true,true,government_or_aided_tamil_medium_6_to_12,married,false,false,other,0.0,0.0
C003853,4,female,true,false,other,never_married,false,false,other,0.0,0.0
C003854,71,male,false,false,government_6_to_12,married,false,false,other,0.0,0.0
C003855,33,female,true,true,government_or_aided_tamil_medium_6_to_12,never_married,false,false,other,0.0,0.0
C003856,24,male,false,false,government_6_to_12,married,false,false,plantation_labourer,0.0,0.0
C003857,10,male,false,false,other,never_married,false,false,other,0.0,0.0
C003858,26,female,false,false,government_or_aided_tamil_medium_6_to_12,widow,false,false,agricultural_labourer,0.0,0.0
C003859,59,female,false,false,other,married,false,true,agricultural_labourer,0.0,0.0
C003860,37,transgender,false,false,government_or_aided_tamil_medium_6_to_12,never_married,false,true,other,0.0,0.0
C003861,4,transgender,true,false,other,never_married,false,false,other,0.0,0.0
C003862,26,male,true,false,other,married,false,false,other,0.0,0.0
C003863,46,female,false,false,government_6_to_12,married,false,true,other,0.0,0.0
C003864,30,male,false,false,government_6_to_12,married,false,false,other,0.0,0.0
C003865,21,female,false,false,government_6_to_12,never_married,false,false,other,0.0,0.0
C003866,26,female,false,false,other,never_married,false,false,small_marginal_farmer,7.72,10.7
C003867,7,male,true,false,other,never_married,false,false,other,0.0,0.0
C003868,0,male,true,false,other,never_married,true,false,other,0.0,0.0
C003869,60,male,false,false,government_6_to_12,widow_remarrying,false,true,other,0.0,0.0
C003870,10,female,true,false,other,never_married,true,false,other,0.0,0.0
C003871,27,male,true,false,government_or_aided_tamil_medium_6_to_12,widow,false,false,other,0.0,0.0
C003872,32,female,false,false,other,married,false,false,other,0.0,0.0
C003873,24,male,false,false,other,never_married,false,false,small_marginal_farmer,1.15,1.08
C003874,13,female,true,false,other,never_married,false,false,other,0.0,0.0
C003875,31,male,false,false,other,married,false,true,other,0.0,0.0
C003876,22,male,false,false,government_6_to_12,never_married,false,false,other,0.0,0.0
C003877,18,female,false,false,other,never_married,false,true,agricultural_labourer,0.31,0.72
C003878,44,female,false,false,other,married,false,true,other,0.0,0.0
C003879,2,female,true,false,other,never_married,false,false,other,0.0,0.0
C003880,26,female,false,false,government_6_to_12,married,false,false,agricultural_labourer,0.0,0.0
C003881,60,male,false,false,other,never_married,false,false,small_marginal_farmer,1.25,2.44
C003882,21,female,false,false,government_or_aided_tamil_medium_6_to_12,never_married,false,false,other,0.0,0.0
C003883,1,male,true,false,other,never_married,false,true,other,0.0,0.0
C003884,10,male,true,false,other,never_married,false,false,other,0.0,0.0
C003885,22,female,false,false,other,never_married,false,true,other,0.0,0.0
C003886,15,female,true,false,other,never_married,false,true,other,0.0,0.0
C003887,51,female,false,false,government_6_to_12,widow,false,false,inland_fishing,0.95,0.6
C003888,22,transgender,true,true,other,never_married,false,false,other,0.0,0.0
C003889,37,female,false,false,government_6_to_12,married,false,false,small_marginal_farmer,3.97,3.38
C003890,56,female,false,false,government_6_to_12,never_married,false,false,other,0.0,0.0
C003891,21,female,true,true,other,married,false,false,other,0.0,0.0
C003892,87,female,false,false,government_6_to_12,married,false,false,other,0.0,0.0
C003893,27,male,false,false,government_6_to_12,married,false,true,other,0.0,0.0
C003894,69,male,false,false,other,widow,false,false,other,0.0,0.0
C003895,33,male,false,false,government_or_aided_tamil_medium_6_to_12,married,false,true,other,0.0,0.0
C003896,19,male,false,false,other,never_married,false,false,small_marginal_farmer,5.81,2.84
C003897,39,female,false,false,government_or_aided_tamil_medium_6_to_12,married,false,true,other,0.0,0.0
C003898,18,male,false,false,government_6_to_12,married,false,false,other,0.0,0.0
C003899,26,female,false,false,government_6_to_12,never_married,false,false,plantation_labourer,0.0,0.0
C003900,67,female,false,false,government_6_to_12,widow,false,false,small_marginal_farmer,2.1,6.59
C003901,65,male,false,false,government_6_to_12,never_married,false,false,other,0.0,0.0
C003902,19,transgender,true,true,other,never_married,false,true,other,0.0,0.0
C003903,25,female,false,false,government_6_to_12,married,false,true,small_marginal_farmer,1.54,7.06
C003904,25,male,true,true,government_or_aided_tamil_medium_6_to_12,married,false,false,other,0.0,0.0
C003905,47,male,false,false,other,married,false,false,small_marginal_farmer,0.41,4.34
C003906,68,male,false,false,government_6_to_12,married,true,false,other,0.0,0.0
C003907,47,female,false,false,government_or_aided_tamil_medium_6_to_12,widow_remarrying,false,true,small_marginal_farmer,1.5,4.21
C003908,21,male,true,false,government_6_to_12,never_married,false,false,other,0.0,0.0
C003909,57,male,false,false,government_6_to_12,married,false,true,small_marginal_farmer,0.56,1.66
C003910,49,female,false,false,other,married,false,false,other,0.0,0.0
C003911,27,female,false,false,government_or_aided_tamil_medium_6_to_12,married,false,true,other,0.0,0.0
C003912,43,female,false,false,other,married,false,false,other,0.0,0.0
C003913,37,male,false,false,government_or_aided_tamil_medium_6_to_12,married,false,false,small_marginal_farmer,1.49,0.69
C003914,25,female,false,false,government_6_to_12,married,false,false,agricultural_labourer,0.0,0.0
C003915,48,female,false,false,government_6_to_12,married,false,false,inland_fishing,0.77,0.45
C003916,20,male,true,false,government_or_aided_tamil_medium_6_to_12,never_married,false,false,other,0.0,0.0
C003917,21,male,false,false,government_6_to_12,never_married,false,true,small_marginal_farmer,4.91,11.25
C003918,28,male,false,false,government_or_aided_tamil_medium_6_to_12,married,false,false,other,0.0,0.0
C003919,37,male,false,false,other,widow,false,true,other,0.0,0.0
C003920,17,male,false,false,government_6_to_12,never_married,false,false,other,0.0,0.0
C003921,9,male,true,false,other,never_married,false,true,other,0.0,0.0
C003922,45,male,false,false,government_or_aided_tamil_medium_6_to_12,widow_remarrying,false,false,other,0.0,0.0
C003923,65,male,false,false,other,married,false,false,plantation_labourer,0.0,0.0
C003924,34,female,false,false,other,married,false,false,other,0.0,0.0
C003925,27,male,false,false,government_or_aided_tamil_medium_6_to_12,never_married,false,false,small_marginal_farmer,0.95,1.26
C003926,60,male,false,false,other,widow,false,false,small_marginal_farmer,4.86,6.67
C003927,38,male,false,false,government_6_to_12,married,false,false,small_marginal_farmer,4.16,4.58
C003928,4,female,true,false,other,never_married,false,false,other,0.0,0.0
C003929,89,female,false,false,government_6_to_12,widow,false,false,other,0.0,0.0
C003930,4,male,true,false,other,never_married,false,false,other,0.0,0.0
C003931,46,female,false,false,other,married,false,false,other,0.0,0.0
C003932,67,female,false,false,other,widow_remarrying,false,false,other,0.0,0.0
C003933,62,female,false,false,government_6_to_12,widow_remarrying,false,true,small_marginal_farmer,4.83,6.63
C003934,37,female,false,false,other,widow,false,true,other,0.0,0.0
C003935,46,male,true,false,government_6_to_12,married,false,false,other,0.0,0.0
C003936,50,male,false,false,government_6_to_12,married,false,false,agricultural_labourer,0.0,0.0
C003937,20,female,false,false,government_6_to_12,never_married,false,false,plantation_labourer,0.0,0.0
C003938,47,transgender,false,false,government_6_to_12,married,false,true,agricultural_labourer,0.0,0.0
C003939,2,female,true,false,other,never_married,true,true,other,0.0,0.0
C003940,30,female,false,false,government_or_aided_tamil_medium_6_to_12,married,false,false,other,0.0,0.0
C003941,90,female,false,false,other,married,false,true,other,0.0,0.0
C003942,11,female,true,false,other,never_married,false,true,other,0.0,0.0
C003943,16,female,true,false,government_or_aided_tamil_medium_6_to_12,never_married,true,false,other,0.0,0.0
C003944,30,female,false,false,other,married,false,true,agricultural_labourer,0.8,1.11
C003945,17,female,true,false,government_6_to_12,never_married,false,false,other,0.0,0.0
C003946,42,female,false,false,government_6_to_12,married,false,false,other,0.0,0.0
C003947,39,transgender,false,false,government_6_to_12,never_married,false,false,other,0.0,0.0
C003948,38,female,false,false,other,married,false,true,inland_fishing,0.0,0.0
C003949,54,male,false,false,government_6_to_12,married,false,false,small_marginal_farmer,4.28,10.35
C003950,34,male,true,false,other,married,false,false,other,0.0,0.0
C003951,20,female,false,false,other,married,false,false,agricultural_labourer,0.0,0.0
C003952,20,male,true,false,government_6_to_12,never_married,false,false,other,0.0,0.0
C003953,25,transgender,true,false,government_or_aided_tamil_medium_6_to_12,widow,false,false,other,0.0,0.0
C003954,13,male,true,false,other,never_married,false,false,other,0.0,0.0
C003955,71,female,false,false,other,married,false,false,agricultural_labourer,0.0,0.0
C003956,44,male,false,false,government_or_aided_tamil_medium_6_to_12,married,false,false,other,0.0,0.0
C003957,67,female,false,false,other,married,true,true,other,0.0,0.0
C003958,78,male,true,false,government_or_aided_tamil_medium_6_to_12,widow,false,false,other,0.0,0.0
C003959,73,male,false,false,other,married,false,false,other,0.0,0.0
C003960,39,male,false,false,government_6_to_12,married,false,false,other,0.0,0.0
C003961,60,male,false,false,other,widow,false,false,agricultural_labourer,0.0,0.0
C003962,22,female,true,true,government_or_aided_tamil_medium_6_to_12,never_married,true,false,other,0.0,0.0
C003963,26,female,false,false,government_6_to_12,married,false,false,other,0.0,0.0
C003964,21,male,true,true,other,never_married,false,false,other,0.0,0.0
C003965,58,female,false,false,other,married,false,false,agricultural_labourer,0.0,0.0
C003966,68,female,false,false,other,married,false,false,other,0.0,0.0
C003967,22,male,false,false,government_or_aided_tamil_medium_6_to_12,never_married,true,true,small_marginal_farmer,0.99,7.5
C003968,22,female,false,false,government_6_to_12,never_married,false,false,small_marginal_farmer,5.89,6.46
C003969,19,male,true,false,other,never_married,true,false,other,0.0,0.0
C003970,19,female,false,false,other,never_married,false,true,agricultural_labourer,0.0,0.0
C003971,24,male,false,false,government_or_aided_tamil_medium_6_to_12,never_married,true,true,agricultural_labourer,0.0,0.0
C003972,82,female,false,false,other,married,false,false,other,0.0,0.0
C003973,12,female,true,false,other,never_married,false,false,other,0.0,0.0
C003974,52,female,false,false,government_6_to_12,married,false,false,other,0.0,0.0
C003975,34,female,false,false,government_6_to_12,widow_remarrying,false,false,agricultural_labourer,0.0,0.0
C003976,10,male,true,false,other,never_married,false,true,other,0.0,0.0
C003977,35,female,false,false,government_or_aided_tamil_medium_6_to_12,married,false,false,small_marginal_farmer,1.85,6.95
C003978,44,female,false,false,government_6_to_12,married,false,false,inland_fishing,0.0,0.0
C003979,55,male,false,false,other,widow,false,false,other,0.0,0.0
C003980,65,female,false,false,government_6_to_12,never_married,false,true,other,0.0,0.0
C003981,19,male,false,false,government_6_to_12,married,false,true,plantation_labourer,0.0,0.0
C003982,44,male,false,false,government_6_to_12,married,false,true,agricultural_labourer,0.0,0.0
C003983,63,male,false,false,other,married,false,false,other,0.0,0.0
C003984,22,female,false,false,government_or_aided_tamil_medium_6_to_12,never_married,false,false,small_marginal_farmer,6.28,11.91
C003985,41,transgender,false,false,other,married,false,false,agricultural_labourer,0.0,0.0
C003986,45,male,false,false,government_6_to_12,never_married,false,false,other,0.0,0.0
C003987,38,male,false,false,government_or_aided_tamil_medium_6_to_12,widow_remarrying,false,false,other,0.0,0.0
C003988,38,female,false,false,other,married,false,false,agricultural_labourer,0.0,0.0
C003989,45,male,false,false,other,married,false,true,other,0.0,0.0
C003990,21,female,true,false,government_or_aided_tamil_medium_6_to_12,never_married,false,true,other,0.0,0.0
C003991,24,male,true,false,other,never_married,false,false,other,0.0,0.0
C003992,6,male,true,false,other,never_married,false,false,other,0.0,0.0
C003993,9,male,true,false,other,never_married,false,false,other,0.0,0.0
C003994,40,male,false,false,government_or_aided_tamil_medium_6_to_12,married,false,false,inland_fishing,0.0,0.0
C003995,21,female,true,true,government_6_to_12,never_married,false,false,other,0.0,0.0
C003996,60,female,false,false,other,married,false,true,agricultural_labourer,0.0,0.0
C003997,40,male,false,false,government_6_to_12,widow_remarrying,false,false,other,0.0,0.0
C003998,77,male,false,false,other,married,false,false,other,0.0,0.0
C003999,16,male,true,false,other,never_married,false,true,other,0.0,0.0
C004000,14,female,true,false,other,never_married,false,false,other,0.0,0.0
C004001,61,female,false,false,other,married,true,false,other,0.0,0.0
C004002,32,female,false,false,other,married,false,true,other,0.0,0.0
C004003,54,male,false,false,other,married,false,false,agricultural_labourer,0.0,0.0
C004004,28,female,false,false,government_6_to_12,never_married,true,false,other,0.0,0.0
C004005,23,male,true,true,government_or_aided_tamil_medium_6_to_12,never_married,false,false,other,0.0,0.0
C004006,20,female,true,false,other,never_married,false,true,other,0.0,0.0
C004007,21,transgender,false,false,other,never_married,false,false,plantation_labourer,0.0,0.0
C004008,49,male,false,false,other,married,false,false,agricultural_labourer,0.0,0.0
C004009,24,female,false,false,other,never_married,false,true,other,0.0,0.0
C004010,46,male,false,false,government_6_to_12,married,false,false,small_marginal_farmer,1.72,3.0
C004011,59,female,false,false,government_6_to_12,widow_remarrying,false,false,other,0.0,0.0
C004012,89,male,false,false,other,married,false,false,small_marginal_farmer,5.93,0.97
C004013,23,female,true,true,government_or_aided_tamil_medium_6_to_12,never_married,true,false,other,0.0,0.0
C004014,26,female,false,false,other,married,false,false,other,0.0,0.0
C004015,31,male,false,false,other,never_married,false,false,plantation_labourer,0.0,0.0
C004016,25,transgender,true,false,other,married,true,true,other,0.0,0.0
C004017,13,female,true,false,other,never_married,false,false,other,0.0,0.0
C004018,22,female,false,false,other,never_married,false,false,inland_fishing,0.0,0.0
C004019,58,female,false,false,other,married,false,true,small_marginal_farmer,0.25,1.65
C004020,7,female,true,false,other,never_married,false,true,other,0.0,0.0
C004021,31,female,false,false,government_6_to_12,never_married,false,true,other,0.0,0.0
C004022,40,male,false,false,government_or_aided_tamil_medium_6_to_12,married,false,true,other,0.0,0.0
C004023,56,male,false,false,government_6_to_12,widow,false,false,other,0.0,0.0
C004024,34,female,false,false,other,married,false,true,inland_fishing,0.0,0.0
C004025,32,male,false,false,government_6_to_12,married,false,false,other,0.0,0.0
C004026,76,male,false,false,government_or_aided_tamil_medium_6_to_12,widow_remarrying,false,false,other,0.0,0.0
C004027,48,male,false,false,government_or_aided_tamil_medium_6_to_12,widow_remarrying,false,false,other,0.0,0.0
C004028,25,male,true,true,other,married,true,false,other,0.0,0.0
C004029,81,male,false,false,government_6_to_12,married,false,false,agricultural_labourer,0.0,0.0
C004030,36,female,false,false,other,never_married,false,false,inland_fishing,0.0,0.0
C004031,36,female,false,false,government_6_to_12,married,false,false,small_marginal_farmer,1.36,4.7
C004032,47,male,false,false,government_6_to_12,married,false,false,agricultural_labourer,0.0,0.0
C004033,57,female,false,false,other,married,false,false,other,0.0,0.0
C004034,36,male,false,false,other,married,false,true,inland_fishing,0.84,1.23
C004035,34,transgender,false,false,government_or_aided_tamil_medium_6_to_12,widow_remarrying,false,false,other,0.0,0.0
C004036,33,female,false,false,government_6_to_12,married,false,false,small_marginal_farmer,5.54,7.68
C004037,49,male,false,false,other,widow_remarrying,false,false,inland_fishing,0.0,0.0
C004038,4,female,true,false,other,never_married,false,false,other,0.0,0.0
C004039,24,female,true,true,other,married,false,false,other,0.0,0.0
C004040,15,female,true,false,other,never_married,true,false,other,0.0,0.0
C004041,2,male,false,false,other,never_married,false,false,other,0.0,0.0
C004042,21,female,true,true,other,never_married,false,true,other,0.0,0.0
C004043,42,male,false,false,government_or_aided_tamil_medium_6_to_12,married,false,false,small_marginal_farmer,2.58,2.34
C004044,51,male,false,false,other,married,false,false,agricultural_labourer,0.0,0.0
C004045,17,female,true,false,other,never_married,false,false,other,0.0,0.0
C004046,23,male,false,false,other,never_married,false,false,other,0.0,0.0
C004047,64,female,false,false,other,never_married,false,true,small_marginal_farmer,3.51,6.72
C004048,33,female,false,false,other,married,false,false,small_marginal_farmer,0.4,3.12
C004049,46,male,true,false,other,married,false,false,other,0.0,0.0
C004050,25,female,true,true,other,widow_remarrying,false,false,other,0.0,0.0
C004051,43,male,false,false,government_6_to_12,married,false,false,small_marginal_farmer,6.6,10.32
C004052,25,transgender,false,false,government_6_to_12,never_married,false,false,other,0.0,0.0
C004053,20,female,true,false,other,never_married,false,false,other,0.0,0.0
C004054,10,female,true,false,other,never_married,false,false,other,0.0,0.0
C004055,64,male,false,false,other,married,false,false,other,0.0,0.0
C004056,24,female,false,false,government_6_to_12,never_married,false,false,small_marginal_farmer,2.3,5.97
C004057,20,female,false,false,other,never_married,false,true,other,0.0,0.0
C004058,43,male,false,false,government_6_to_12,married,false,false,small_marginal_farmer,1.42,7.66
C004059,20,female,true,true,government_6_to_12,never_married,false,true,other,0.0,0.0
C004060,61,male,false,false,other,widow_remarrying,false,false,other,0.0,0.0
C004061,25,male,true,true,other,never_married,false,true,other,0.0,0.0
C004062,21,male,false,false,government_or_aided_tamil_medium_6_to_12,never_married,false,false,other,0.0,0.0
C004063,44,female,false,false,government_6_to_12,married,false,false,other,0.0,0.0
C004064,18,male,true,true,other,never_married,false,false,other,0.0,0.0
C004065,33,male,false,false,government_or_aided_tamil_medium_6_to_12,married,false,false,other,0.0,0.0
C004066,56,female,false,false,government_or_aided_tamil_medium_6_to_12,married,false,false,small_marginal_farmer,4.54,3.22
C004067,8,male,true,false,other,never_married,false,false,other,0.0,0.0
C004068,59,male,false,false,government_6_to_12,married,false,true,other,0.0,0.0
C004069,5,female,true,false,other,never_married,true,false,other,0.0,0.0
C004070,36,male,false,false,government_6_to_12,married,false,false,inland_fishing,0.0,0.0
C004071,5,male,true,false,other,never_married,false,false,other,0.0,0.0
C004072,11,female,true,false,other,never_married,false,false,other,0.0,0.0
C004073,33,female,true,false,other,married,false,false,other,0.0,0.0
C004074,51,female,false,false,other,widow,false,false,small_marginal_farmer,2.44,5.62
C004075,38,transgender,false,false,government_6_to_12,widow_remarrying,false,false,other,0.0,0.0
C004076,3,male,true,false,other,never_married,false,true,other,0.0,0.0
C004077,10,female,true,false,other,never_married,false,true,other,0.0,0.0
C004078,4,female,true,false,other,never_married,false,false,other,0.0,0.0
C004079,53,female,false,false,other,married,false,true,small_marginal_farmer,5.98,8.54
C004080,39,male,false,false,other,married,true,false,small_marginal_farmer,5.18,3.31
C004081,31,female,false,false,government_or_aided_tamil_medium_6_to_12,married,false,true,other,0.0,0.0
C004082,22,female,false,false,government_or_aided_tamil_medium_6_to_12,married,false,false,small_marginal_farmer,4.58,2.36
C004083,87,female,false,false,government_or_aided_tamil_medium_6_to_12,widow_remarrying,false,false,other,0.0,0.0
C004084,22,female,false,false,government_6_to_12,married,false,false,other,0.0,0.0
C004085,8,male,true,false,other,never_married,false,true,other,0.0,0.0
C004086,16,female,true,false,other,never_married,true,true,other,0.0,0.0
C004087,26,female,false,false,government_or_aided_tamil_medium_6_to_12,married,false,false,other,0.0,0.0
C004088,73,male,false,false,other,married,false,true,other,0.0,0.0
C004089,85,female,false,false,government_6_to_12,married,false,false,other,0.0,0.0
C004090,2,male,true,false,other,never_married,false,false,other,0.0,0.0
C004091,3,male,false,false,other,never_married,false,false,other,0.0,0.0
C004092,29,male,false,false,government_6_to_12,married,false,false,other,0.0,0.0
C004093,44,male,false,false,other,married,false,false,small_marginal_farmer,4.79,10.8
C004094,32,female,false,false,government_6_to_12,married,false,false,inland_fishing,0.0,0.0
C004095,38,female,false,false,government_or_aided_tamil_medium_6_to_12,married,false,true,other,0.0,0.0
C004096,13,male,false,false,other,never_married,false,false,other,0.0,0.0
C004097,21,male,false,false,government_6_to_12,never_married,false,false,plantation_labourer,0.0,0.0
C004098,41,female,false,false,other,married,false,false,other,0.0,0.0
C004099,25,female,true,true,government_or_aided_tamil_medium_6_to_12,married,false,false,other,0.0,0.0
C004100,3,male,true,false,other,never_married,false,false,other,0.0,0.0
C004101,41,male,false,false,other,married,false,true,agricultural_labourer,0.0,0.0
C004102,21,male,true,false,government_6_to_12,never_married,true,false,other,0.0,0.0
C004103,23,male,false,false,government_6_to_12,married,false,false,other,0.0,0.0
C004104,41,transgender,false,false,government_or_aided_tamil_medium_6_to_12,never_married,false,false,small_marginal_farmer,1.21,2.41
C004105,42,female,false,false,government_or_aided_tamil_medium_6_to_12,widow,false,false,small_marginal_farmer,7.33,8.28
C004106,65,male,false,false,government_or_aided_tamil_medium_6_to_12,widow,false,true,agricultural_labourer,0.0,0.0
C004107,0,male,true,false,other,never_married,false,false,other,0.0,0.0
C004108,48,female,true,false,other,never_married,false,true,other,0.0,0.0
C004109,49,male,false,false,other,married,false,false,inland_fishing,0.0,0.0
C004110,28,female,false,false,other,married,false,false,other,0.0,0.0
C004111,88,male,false,false,government_6_to_12,widow,false,false,other,0.0,0.0
C004112,15,male,false,false,other,never_married,false,false,other,0.0,0.0
C004113,40,male,false,false,government_6_to_12,never_married,false,false,inland_fishing,0.0,0.0
C004114,19,male,false,false,government_6_to_12,never_married,false,false,other,0.0,0.0
C004115,25,transgender,true,true,government_6_to_12,never_married,false,false,other,0.0,0.0
C004116,87,male,false,false,government_or_aided_tamil_medium_6_to_12,widow_remarrying,false,false,other,0.0,0.0
C004117,22,female,false,false,government_or_aided_tamil_medium_6_to_12,never_married,false,false,small_marginal_farmer,5.75,3.57
C004118,64,female,false,false,other,widow_remarrying,false,false,plantation_labourer,0.0,0.0
C004119,43,female,false,false,government_6_to_12,never_married,false,true,agricultural_labourer,0.0,0.0
C004120,0,female,true,false,other,never_married,false,false,other,0.0,0.0
C004121,24,female,false,false,government_or_aided_tamil_medium_6_to_12,never_married,false,true,other,0.0,0.0
C004122,44,male,false,false,other,never_married,false,false,small_marginal_farmer,5.05,11.55
C004123,17,female,true,false,other,never_married,false,false,other,0.0,0.0
C004124,34,male,false,false,other,married,false,false,agricultural_labourer,0.0,0.0
C004125,49,male,false,false,other,married,false,false,agricultural_labourer,0.0,0.0
C004126,24,female,true,true,government_6_to_12,never_married,false,false,other,0.0,0.0
C004127,40,female,false,false,other,widow,false,false,agricultural_labourer,0.0,0.0
C004128,35,male,false,false,government_6_to_12,never_married,false,false,other,0.0,0.0
C004129,4,male,true,false,other,never_married,false,false,other,0.0,0.0
C004130,53,male,false,false,government_or_aided_tamil_medium_6_to_12,married,false,false,small_marginal_farmer,0.29,4.79
C004131,25,male,true,true,government_6_to_12,married,false,false,other,0.0,0.0
C004132,25,female,false,false,other,married,false,false,small_marginal_farmer,5.09,5.77
C004133,18,female,false,false,government_6_to_12,never_married,false,false,other,0.0,0.0
C004134,21,female,true,true,government_6_to_12,never_married,false,true,other,0.0,0.0
C004135,23,male,true,false,government_or_aided_tamil_medium_6_to_12,married,false,false,other,0.0,0.0
C004136,48,female,false,false,government_6_to_12,widow_remarrying,false,false,small_marginal_farmer,3.97,8.79
C004137,1,female,true,false,other,never_married,false,true,other,0.0,0.0
C004138,74,female,true,false,government_6_to_12,widow_remarrying,false,true,other,0.0,0.0
C004139,21,male,true,false,other,never_married,false,false,other,0.0,0.0
C004140,51,female,false,false,other,never_married,false,false,agricultural_labourer,0.0,0.0
C004141,24,female,false,false,government_6_to_12,never_married,false,false,other,0.0,0.0
C004142,56,female,false,false,other,married,false,false,other,0.0,0.0
C004143,45,male,false,false,government_6_to_12,married,true,false,other,0.0,0.0
C004144,88,female,false,false,government_or_aided_tamil_medium_6_to_12,widow_remarrying,false,false,small_marginal_farmer,4.18,5.96
C004145,24,female,false,false,government_or_aided_tamil_medium_6_to_12,never_married,false,false,small_marginal_farmer,1.19,0.26
C004146,44,transgender,false,false,government_6_to_12,married,true,false,other,0.0,0.0
C004147,47,female,false,false,other,married,false,false,small_marginal_farmer,0.55,4.48
C004148,69,male,false,false,government_or_aided_tamil_medium_6_to_12,married,false,false,plantation_labourer,0.0,0.0
C004149,37,male,false,false,other,married,false,false,small_marginal_farmer,7.99,7.28
C004150,4,male,true,false,other,never_married,true,true,other,0.0,0.0
C004151,23,female,false,false,government_6_to_12,never_married,false,true,inland_fishing,1.0,0.79
C004152,11,male,true,false,other,never_married,false,false,other,0.0,0.0
C004153,39,female,false,false,government_6_to_12,never_married,false,false,other,0.0,0.0
C004154,37,male,false,false,government_6_to_12,never_married,false,false,other,0.0,0.0
C004155,20,female,false,false,government_or_aided_tamil_medium_6_to_12,never_married,false,false,other,0.0,0.0
C004156,52,male,false,false,other,married,true,false,small_marginal_farmer,3.72,11.62
C004157,25,transgender,false,false,government_6_to_12,married,false,false,agricultural_labourer,0.91,1.43
C004158,36,male,false,false,government_or_aided_tamil_medium_6_to_12,never_married,false,false,plantation_labourer,0.0,0.0
C004159,35,male,false,false,other,married,false,false,small_marginal_farmer,0.02,1.25
C004160,30,male,false,false,other,married,false,false,plantation_labourer,0.0,0.0
C004161,23,female,true,false,other,never_married,false,false,other,0.0,0.0
C004162,45,female,false,false,government_6_to_12,married,false,true,other,0.0,0.0
C004163,21,female,true,true,government_or_aided_tamil_medium_6_to_12,never_married,false,false,other,0.0,0.0
C004164,36,male,false,false,government_6_to_12,married,false,false,small_marginal_farmer,1.6,4.18
C004165,44,male,false,false,government_6_to_12,married,false,false,inland_fishing,0.0,0.0
C004166,62,male,false,false,government_or_aided_tamil_medium_6_to_12,never_married,false,false,other,0.0,0.0
C004167,85,female,false,false,other,widow_remarrying,false,false,agricultural_labourer,0.0,0.0
C004168,82,male,false,false,government_6_to_12,married,false,false,other,0.0,0.0
C004169,31,male,false,false,government_6_to_12,never_married,false,true,plantation_labourer,0.0,0.0
C004170,42,female,false,false,government_or_aided_tamil_medium_6_to_12,married,false,false,other,0.0,0.0
C004171,11,female,true,false,other,never_married,true,false,other,0.0,0.0
C004172,20,female,true,false,government_6_to_12,never_married,false,false,other,0.0,0.0
C004173,50,female,false,false,other,widow,false,false,other,0.0,0.0
C004174,41,female,false,false,other,never_married,false,false,agricultural_labourer,0.0,0.0
C004175,82,female,false,false,other,widow,false,false,other,0.0,0.0
C004176,38,female,false,false,government_or_aided_tamil_medium_6_to_12,married,false,false,other,0.0,0.0
C004177,64,male,false,false,other,widow_remarrying,false,false,other,0.0,0.0
C004178,32,male,false,false,other,never_married,false,false,agricultural_labourer,0.0,0.0
C004179,47,male,false,false,government_6_to_12,married,false,false,plantation_labourer,0.0,0.0
C004180,12,male,true,false,other,never_married,false,true,other,0.0,0.0
C004181,49,male,false,false,other,married,false,true,agricultural_labourer,0.0,0.0
C004182,41,male,false,false,government_or_aided_tamil_medium_6_to_12,widow,false,false,other,0.0,0.0
C004183,34,male,false,false,government_or_aided_tamil_medium_6_to_12,married,true,false,inland_fishing,0.0,0.0
C004184,88,male,false,false,other,widow,false,false,other,0.0,0.0
C004185,22,female,true,true,other,never_married,false,false,other,0.0,0.0
C004186,46,male,false,false,government_6_to_12,married,false,false,small_marginal_farmer,7.31,8.37
C004187,28,male,false,false,other,married,false,false,small_marginal_farmer,0.84,4.65
C004188,48,male,false,false,government_6_to_12,married,false,false,small_marginal_farmer,5.22,4.05
C004189,30,male,false,false,government_or_aided_tamil_medium_6_to_12,never_married,false,false,small_marginal_farmer,3.71,8.17
C004190,33,male,false,false,government_or_aided_tamil_medium_6_to_12,married,false,false,other,0.0,0.0
C004191,89,female,false,false,government_or_aided_tamil_medium_6_to_12,married,false,false,other,0.0,0.0
C004192,27,male,false,false,other,married,false,false,agricultural_labourer,0.0,0.0
C004193,40,female,false,false,other,never_married,false,false,small_marginal_farmer,3.0,3.59
C004194,20,female,true,false,other,never_married,false,true,other,0.0,0.0
C004195,5,female,true,false,other,never_married,false,false,other,0.0,0.0
C004196,12,male,true,false,other,never_married,false,false,other,0.0,0.0
C004197,56,female,false,false,government_6_to_12,married,false,false,other,0.0,0.0
C004198,8,female,true,false,other,never_married,false,false,other,0.0,0.0
C004199,68,male,false,false,government_or_aided_tamil_medium_6_to_12,widow_remarrying,false,false,other,0.0,0.0
C004200,26,female,false,false,other,married,false,false,other,0.0,0.0
C004201,21,female,false,false,other,never_married,false,false,other,0.0,0.0
C004202,34,female,false,false,government_or_aided_tamil_medium_6_to_12,married,false,false,other,0.0,0.0
C004203,41,male,false,false,government_or_aided_tamil_medium_6_to_12,never_married,false,false,other,0.0,0.0
C004204,89,female,false,false,government_or_aided_tamil_medium_6_to_12,widow,false,false,small_marginal_farmer,2.23,1.41
C004205,13,female,true,false,other,never_married,false,true,other,0.0,0.0
C004206,65,male,false,false,government_6_to_12,widow,false,false,small_marginal_farmer,0.73,0.85
C004207,33,male,true,false,government_6_to_12,never_married,false,false,other,0.0,0.0
C004208,28,male,false,false,other,married,false,true,agricultural_labourer,0.0,0.0
C004209,57,male,false,false,government_6_to_12,widow_remarrying,true,false,other,0.0,0.0
C004210,59,female,false,false,government_or_aided_tamil_medium_6_to_12,never_married,false,false,other,0.0,0.0
C004211,30,female,false,false,government_or_aided_tamil_medium_6_to_12,married,true,true,plantation_labourer,0.0,0.0
C004212,30,female,false,false,government_6_to_12,married,false,false,agricultural_labourer,0.0,0.0
C004213,56,female,false,false,other,never_married,false,true,other,0.0,0.0
C004214,13,male,true,false,other,never_married,false,true,other,0.0,0.0
C004215,65,male,false,false,government_6_to_12,married,false,false,agricultural_labourer,0.0,0.0
C004216,19,female,false,false,other,never_married,false,false,agricultural_labourer,0.0,0.0
C004217,33,female,false,false,government_or_aided_tamil_medium_6_to_12,widow_remarrying,false,true,other,0.0,0.0
C004218,90,male,false,false,other,widow,false,false,other,0.0,0.0
C004219,46,transgender,false,false,other,married,false,true,other,0.0,0.0
C004220,9,male,true,false,other,never_married,false,false,other,0.0,0.0
C004221,3,male,true,false,other,never_married,false,false,other,0.0,0.0
C004222,50,male,false,false,government_6_to_12,widow,false,false,agricultural_labourer,0.0,0.0
C004223,85,male,false,false,other,widow_remarrying,false,false,other,0.0,0.0
C004224,41,female,false,false,government_or_aided_tamil_medium_6_to_12,married,false,true,inland_fishing,0.0,0.0
C004225,12,female,true,false,other,never_married,false,false,other,0.0,0.0
C004226,21,female,true,true,other,never_married,false,false,other,0.0,0.0
C004227,55,male,false,false,other,never_married,false,false,other,0.0,0.0
C004228,56,female,false,false,other,married,false,false,inland_fishing,0.0,0.0
C004229,90,female,false,false,other,never_married,false,false,other,0.0,0.0
C004230,88,male,false,false,government_6_to_12,married,false,false,other,0.0,0.0
C004231,25,male,false,false,government_6_to_12,widow_remarrying,false,false,small_marginal_farmer,2.4,0.77
C004232,60,male,false,false,government_6_to_12,widow_remarrying,false,false,other,0.0,0.0
C004233,59,male,false,false,government_or_aided_tamil_medium_6_to_12,widow,false,false,other,0.0,0.0
C004234,52,transgender,false,false,other,married,false,false,small_marginal_farmer,2.87,1.35
C004235,62,male,false,false,other,widow,false,false,other,0.0,0.0
C004236,37,female,false,false,government_6_to_12,married,false,false,other,0.0,0.0
C004237,24,transgender,true,true,government_6_to_12,married,true,true,other,0.0,0.0
C004238,23,female,true,false,other,never_married,false,false,other,0.0,0.0
C004239,24,male,false,false,government_or_aided_tamil_medium_6_to_12,never_married,false,false,other,0.0,0.0
C004240,18,female,false,false,government_6_to_12,never_married,false,false,other,0.0,0.0
C004241,18,male,false,false,government_6_to_12,never_married,false,false,other,0.0,0.0
C004242,27,male,false,false,government_or_aided_tamil_medium_6_to_12,never_married,false,false,other,0.0,0.0
C004243,27,male,false,false,government_or_aided_tamil_medium_6_to_12,married,false,false,other,0.0,0.0
C004244,27,male,false,false,government_or_aided_tamil_medium_6_to_12,married,false,false,other,0.0,0.0
C004245,75,female,false,false,government_or_aided_tamil_medium_6_to_12,widow,false,false,other,0.0,0.0
C004246,22,male,true,true,other,widow,false,false,other,0.0,0.0
C004247,25,female,false,false,government_6_to_12,married,true,false,other,0.0,0.0
C004248,65,male,false,false,other,married,false,false,agricultural_labourer,0.0,0.0
C004249,9,female,true,false,other,never_married,true,false,other,0.0,0.0
C004250,56,female,false,false,government_6_to_12,married,false,false,other,0.0,0.0
C004251,21,female,true,false,other,never_married,false,false,other,0.0,0.0
C004252,37,male,false,false,other,never_married,false,false,agricultural_labourer,0.0,0.0
C004253,74,male,false,false,government_or_aided_tamil_medium_6_to_12,married,false,true,other,0.0,0.0
C004254,16,female,true,false,government_6_to_12,never_married,false,false,other,0.0,0.0
C004255,58,female,false,false,other,widow_remarrying,false,false,small_marginal_farmer,5.9,2.02
C004256,49,male,false,false,government_6_to_12,married,false,false,other,0.0,0.0
C004257,54,female,false,false,government_6_to_12,never_married,false,false,other,0.0,0.0
C004258,44,transgender,false,false,government_6_to_12,widow_remarrying,false,false,other,0.0,0.0
C004259,45,male,false,false,government_6_to_12,married,false,false,small_marginal_farmer,1.78,1.16
C004260,38,male,false,false,government_6_to_12,never_married,false,true,inland_fishing,0.0,0.0
C004261,24,female,false,false,government_6_to_12,never_married,true,false,other,0.0,0.0
C004262,5,male,true,false,other,never_married,false,false,other,0.0,0.0
C004263,27,transgender,false,false,other,married,false,true,agricultural_labourer,0.9,0.21
C004264,53,female,false,false,government_or_aided_tamil_medium_6_to_12,married,false,false,other,0.0,0.0
C004265,8,male,true,false,other,never_married,false,true,other,0.0,0.0
C004266,35,male,false,false,other,married,false,false,other,0.0,0.0
C004267,50,female,false,false,other,widow,false,false,small_marginal_farmer,1.91,1.56
C004268,19,male,true,true,government_6_to_12,never_married,false,true,other,0.0,0.0
C004269,38,transgender,false,false,government_or_aided_tamil_medium_6_to_12,married,false,false,agricultural_labourer,0.0,0.0
C004270,36,female,false,false,government_6_to_12,married,false,false,other,0.0,0.0
C004271,61,female,false,false,government_or_aided_tamil_medium_6_to_12,married,false,false,other,0.0,0.0
C004272,19,male,false,false,government_6_to_12,never_married,false,false,small_marginal_farmer,4.37,9.22
C004273,23,female,false,false,government_6_to_12,widow,false,false,other,0.0,0.0
C004274,53,male,false,false,other,married,false,false,other,0.0,0.0
C004275,19,transgender,true,true,other,never_married,true,false,other,0.0,0.0
C004276,53,female,false,false,other,married,false,false,other,0.0,0.0
C004277,33,female,false,false,other,married,false,false,other,0.0,0.0
C004278,60,male,false,false,government_6_to_12,widow,false,true,other,0.0,0.0
C004279,15,female,true,false,other,never_married,false,false,other,0.0,0.0
C004280,40,male,false,false,government_6_to_12,married,false,true,small_marginal_farmer,0.25,5.44
C004281,58,female,false,false,other,married,true,false,small_marginal_farmer,0.66,1.4
C004282,82,female,false,false,other,married,false,false,other,0.0,0.0
C004283,42,female,false,false,government_6_to_12,married,false,false,other,0.0,0.0
C004284,23,female,true,true,government_6_to_12,never_married,false,false,other,0.0,0.0
C004285,3,male,true,false,other,never_married,false,false,other,0.0,0.0
C004286,38,male,false,false,government_6_to_12,married,false,true,small_marginal_farmer,1.96,2.58
C004287,32,female,false,false,government_6_to_12,married,false,false,other,0.0,0.0
C004288,45,male,false,false,other,married,false,false,other,0.0,0.0
C004289,59,female,false,false,government_6_to_12,married,false,false,plantation_labourer,0.63,0.62
C004290,18,male,true,true,other,widow,false,true,other,0.0,0.0
C004291,73,male,false,false,other,widow_remarrying,false,false,inland_fishing,0.82,1.19
C004292,45,male,false,false,other,married,false,false,inland_fishing,0.14,0.81
C004293,20,female,false,false,government_6_to_12,never_married,false,false,other,0.0,0.0
C004294,19,male,true,false,other,married,false,false,other,0.0,0.0
C004295,24,female,true,true,government_or_aided_tamil_medium_6_to_12,widow,false,false,other,0.0,0.0
C004296,58,female,false,false,other,married,false,true,inland_fishing,0.0,0.0
C004297,28,female,false,false,government_6_to_12,never_married,false,false,small_marginal_farmer,1.97,1.5
C004298,36,female,false,false,other,married,false,false,other,0.0,0.0
C004299,50,male,false,false,government_or_aided_tamil_medium_6_to_12,widow_remarrying,false,false,other,0.0,0.0
C004300,56,female,false,false,other,married,false,false,plantation_labourer,0.21,0.59
C004301,75,transgender,false,false,government_6_to_12,married,false,false,other,0.0,0.0
C004302,58,male,false,false,government_6_to_12,widow_remarrying,false,false,other,0.0,0.0
C004303,23,male,false,false,other,never_married,false,true,agricultural_labourer,0.0,0.0
C004304,44,male,false,false,government_6_to_12,married,false,false,small_marginal_farmer,4.07,6.52
C004305,67,female,false,false,government_6_to_12,married,false,false,other,0.0,0.0
C004306,40,female,false,false,government_or_aided_tamil_medium_6_to_12,widow,false,false,other,0.0,0.0
C004307,25,female,true,false,other,married,false,false,other,0.0,0.0
C004308,40,male,false,false,government_or_aided_tamil_medium_6_to_12,married,false,false,other,0.0,0.0
C004309,33,female,false,false,other,married,false,false,other,0.0,0.0
C004310,0,female,true,false,other,never_married,false,false,other,0.0,0.0
C004311,53,transgender,false,false,government_or_aided_tamil_medium_6_to_12,married,false,false,other,0.0,0.0
C004312,23,male,false,false,other,never_married,false,false,small_marginal_farmer,0.63,4.01
C004313,59,female,false,false,government_6_to_12,married,false,false,plantation_labourer,0.0,0.0
C004314,32,female,false,false,other,married,true,false,small_marginal_farmer,5.01,2.71
C004315,6,female,false,false,other,never_married,false,false,other,0.0,0.0
C004316,52,female,false,false,government_6_to_12,never_married,false,false,other,0.0,0.0
C004317,19,female,false,false,other,never_married,false,false,small_marginal_farmer,6.03,5.11
C004318,13,female,true,false,other,never_married,false,true,other,0.0,0.0
C004319,34,female,false,false,other,widow_remarrying,false,false,inland_fishing,0.0,0.0
C004320,52,male,false,false,government_or_aided_tamil_medium_6_to_12,married,false,false,small_marginal_farmer,1.48,1.8
C004321,17,male,true,false,government_6_to_12,never_married,false,false,other,0.0,0.0
C004322,53,female,false,false,government_6_to_12,widow,false,false,agricultural_labourer,0.0,0.0
C004323,53,male,false,false,other,widow_remarrying,false,false,plantation_labourer,0.0,0.0
C004324,57,female,false,false,government_6_to_12,married,false,false,agricultural_labourer,0.0,0.0
C004325,5,male,true,false,other,never_married,false,false,other,0.0,0.0
C004326,2,male,true,false,other,never_married,false,false,other,0.0,0.0
C004327,36,female,false,false,government_or_aided_tamil_medium_6_to_12,never_married,false,true,other,0.0,0.0
C004328,52,male,false,false,government_6_to_12,married,false,false,other,0.0,0.0
C004329,52,male,false,false,government_6_to_12,married,false,true,plantation_labourer,0.0,0.0
C004330,18,female,true,false,government_or_aided_tamil_medium_6_to_12,widow_remarrying,false,false,other,0.0,0.0
C004331,29,female,false,false,other,never_married,false,false,small_marginal_farmer,6.52,5.54
C004332,55,male,false,false,other,widow,false,false,other,0.0,0.0
C004333,15,female,false,false,other,never_married,false,false,other,0.0,0.0
C004334,26,female,false,false,government_or_aided_tamil_medium_6_to_12,never_married,false,false,other,0.0,0.0
C004335,78,female,false,false,government_6_to_12,married,false,true,other,0.0,0.0
C004336,6,female,true,false,other,never_married,false,false,other,0.0,0.0
C004337,25,female,true,true,government_6_to_12,married,false,true,other,0.0,0.0
C004338,58,male,false,false,government_or_aided_tamil_medium_6_to_12,married,true,false,other,0.0,0.0
C004339,33,female,false,false,other,married,false,false,small_marginal_farmer,3.29,1.93
C004340,25,male,false,false,other,never_married,false,true,agricultural_labourer,0.0,0.0
C004341,25,female,true,true,government_or_aided_tamil_medium_6_to_12,married,false,true,other,0.0,0.0
C004342,62,female,false,false,government_or_aided_tamil_medium_6_to_12,married,false,true,small_marginal_farmer,2.21,5.37
C004343,23,male,false,false,government_6_to_12,never_married,false,false,other,0.0,0.0
C004344,25,female,false,false,other,married,true,false,other,0.0,0.0
C004345,24,male,true,true,government_6_to_12,married,false,false,other,0.0,0.0
C004346,32,male,false,false,government_or_aided_tamil_medium_6_to_12,widow,false,false,small_marginal_farmer,4.97,4.32
C004347,20,female,true,false,other,never_married,false,false,other,0.0,0.0
C004348,62,female,false,false,government_or_aided_tamil_medium_6_to_12,married,false,false,inland_fishing,0.0,0.0
C004349,54,male,false,false,other,married,false,false,inland_fishing,0.0,0.0
C004350,51,female,false,false,other,married,false,false,agricultural_labourer,0.0,0.0
C004351,51,male,false,false,government_or_aided_tamil_medium_6_to_12,married,false,false,agricultural_labourer,0.0,0.0
C004352,3,female,true,false,other,never_married,false,false,other,0.0,0.0
C004353,34,male,false,false,other,never_married,false,true,plantation_labourer,0.0,0.0
C004354,36,male,false,false,government_6_to_12,married,false,true,plantation_labourer,0.0,0.0
C004355,19,female,true,true,government_or_aided_tamil_medium_6_to_12,never_married,false,false,other,0.0,0.0
C004356,65,male,false,false,other,married,false,false,small_marginal_farmer,0.57,7.57
C004357,56,male,false,false,other,married,false,false,small_marginal_farmer,7.85,11.37
C004358,84,male,false,false,government_or_aided_tamil_medium_6_to_12,widow_remarrying,false,false,small_marginal_farmer,2.1,5.02
C004359,12,male,true,false,other,never_married,false,false,other,0.0,0.0
C004360,12,male,true,false,other,never_married,false,true,other,0.0,0.0
C004361,44,male,false,false,government_6_to_12,widow_remarrying,false,true,agricultural_labourer,0.78,1.12
C004362,29,female,false,false,government_6_to_12,married,false,false,agricultural_labourer,0.0,0.0
C004363,27,male,false,false,government_6_to_12,married,false,false,small_marginal_farmer,2.22,4.05
C004364,59,male,false,false,government_6_to_12,widow_remarrying,false,false,inland_fishing,0.0,0.0
C004365,60,female,false,false,government_6_to_12,widow,false,false,plantation_labourer,0.0,0.0
C004366,24,female,false,false,other,never_married,false,false,plantation_labourer,0.0,0.0
C004367,21,male,false,false,government_6_to_12,never_married,false,true,agricultural_labourer,0.0,0.0
C004368,80,female,false,false,other,widow,false,false,other,0.0,0.0
C004369,56,female,false,false,other,never_married,false,false,other,0.0,0.0
C004370,68,female,false,false,government_or_aided_tamil_medium_6_to_12,married,false,false,other,0.0,0.0
C004371,28,male,false,false,government_6_to_12,widow_remarrying,false,false,other,0.0,0.0
C004372,78,male,false,false,other,widow,false,false,agricultural_labourer,0.0,0.0
C004373,39,male,false,false,other,married,false,false,agricultural_labourer,0.0,0.0
C004374,87,female,false,false,government_or_aided_tamil_medium_6_to_12,married,false,false,agricultural_labourer,0.68,1.03
C004375,48,female,false,false,government_or_aided_tamil_medium_6_to_12,married,false,false,other,0.0,0.0
C004376,23,female,true,false,other,never_married,false,false,other,0.0,0.0
C004377,39,male,false,false,government_or_aided_tamil_medium_6_to_12,married,false,true,small_marginal_farmer,4.39,2.82
C004378,49,female,false,false,government_6_to_12,married,false,false,small_marginal_farmer,3.45,2.65
C004379,50,female,false,false,other,married,false,false,other,0.0,0.0
C004380,40,female,false,false,other,married,false,false,other,0.0,0.0
C004381,12,female,true,false,other,never_married,false,false,other,0.0,0.0
C004382,47,male,false,false,government_6_to_12,never_married,false,false,other,0.0,0.0
C004383,64,female,false,false,government_or_aided_tamil_medium_6_to_12,married,false,false,plantation_labourer,0.0,0.0
C004384,26,female,false,false,other,widow_remarrying,false,false,agricultural_labourer,0.0,0.0
C004385,55,male,false,false,other,married,false,false,other,0.0,0.0
C004386,26,female,false,false,other,widow_remarrying,false,false,other,0.0,0.0
C004387,38,male,false,false,government_6_to_12,married,false,false,other,0.0,0.0
C004388,21,female,false,false,other,never_married,true,false,other,0.0,0.0
C004389,1,male,true,false,other,never_married,false,false,other,0.0,0.0
C004390,18,female,false,false,government_or_aided_tamil_medium_6_to_12,married,true,false,agricultural_labourer,0.78,0.22
C004391,29,transgender,false,false,other,never_married,false,true,other,0.0,0.0
C004392,62,male,false,false,government_6_to_12,widow_remarrying,false,false,other,0.0,0.0
C004393,65,male,false,false,other,married,false,false,small_marginal_farmer,2.85,5.92
C004394,48,transgender,false,false,government_or_aided_tamil_medium_6_to_12,married,false,false,other,0.0,0.0
C004395,21,female,true,false,other,never_married,false,false,other,0.0,0.0
C004396,53,male,false,false,other,widow,false,true,other,0.0,0.0
C004397,59,male,false,false,other,never_married,false,false,other,0.0,0.0
C004398,18,male,false,false,government_6_to_12,never_married,false,false,small_marginal_farmer,0.31,0.95
C004399,27,female,true,false,government_or_aided_tamil_medium_6_to_12,married,false,false,other,0.0,0.0
C004400,52,female,false,false,other,never_married,false,false,agricultural_labourer,0.0,0.0
C004401,53,male,false,false,other,never_married,false,false,plantation_labourer,0.0,0.0
C004402,25,male,true,true,government_6_to_12,married,false,false,other,0.0,0.0
C004403,36,male,false,false,government_or_aided_tamil_medium_6_to_12,married,false,false,other,0.0,0.0
C004404,51,female,false,false,government_or_aided_tamil_medium_6_to_12,married,false,false,agricultural_labourer,0.0,0.0
C004405,23,female,false,false,government_6_to_12,never_married,false,false,agricultural_labourer,0.0,0.0
C004406,13,male,true,false,other,never_married,false,true,other,0.0,0.0
C004407,11,male,true,false,other,never_married,false,false,other,0.0,0.0
C004408,18,male,false,false,government_6_to_12,never_married,false,false,other,0.0,0.0
C004409,55,male,false,false,government_6_to_12,never_married,false,false,other,0.0,0.0
C004410,18,male,false,false,government_6_to_12,married,true,false,other,0.0,0.0
C004411,20,male,false,false,government_or_aided_tamil_medium_6_to_12,never_married,true,false,other,0.0,0.0
C004412,30,female,false,false,other,married,false,false,other,0.0,0.0
C004413,64,female,false,false,government_6_to_12,never_married,false,false,other,0.0,0.0
C004414,36,transgender,false,false,government_6_to_12,married,false,true,small_marginal_farmer,3.07,11.24
C004415,29,male,false,false,government_or_aided_tamil_medium_6_to_12,married,false,false,plantation_labourer,0.0,0.0
C004416,83,male,false,false,government_6_to_12,widow,false,false,agricultural_labourer,0.82,0.71
C004417,3,male,true,false,other,never_married,false,false,other,0.0,0.0
C004418,0,male,true,false,other,never_married,false,false,other,0.0,0.0
C004419,75,male,false,false,other,widow,false,false,agricultural_labourer,0.0,0.0
C004420,60,male,false,false,government_or_aided_tamil_medium_6_to_12,married,false,false,small_marginal_farmer,4.54,7.2
C004421,46,male,false,false,other,married,false,false,plantation_labourer,0.0,0.0
C004422,44,female,false,false,other,married,false,false,other,0.0,0.0
C004423,65,male,false,false,government_6_to_12,widow,false,false,other,0.0,0.0
C004424,46,male,false,false,other,married,false,false,other,0.0,0.0
C004425,34,female,false,false,other,married,false,true,other,0.0,0.0
C004426,31,male,false,false,government_6_to_12,married,false,false,agricultural_labourer,0.0,0.0
C004427,32,male,false,false,other,married,false,false,other,0.0,0.0
C004428,50,female,false,false,government_6_to_12,never_married,false,true,other,0.0,0.0
C004429,48,male,false,false,government_or_aided_tamil_medium_6_to_12,married,false,false,small_marginal_farmer,4.17,7.25
C004430,62,female,false,false,government_6_to_12,married,false,false,other,0.0,0.0
C004431,37,female,false,false,government_or_aided_tamil_medium_6_to_12,married,false,false,small_marginal_farmer,0.61,0.06
C004432,61,female,false,false,government_6_to_12,married,false,false,small_marginal_farmer,3.14,1.49
C004433,60,male,false,false,government_6_to_12,widow,true,true,other,0.0,0.0
C004434,48,male,false,false,other,married,false,false,agricultural_labourer,0.0,0.0
C004435,20,female,false,false,government_or_aided_tamil_medium_6_to_12,never_married,false,false,small_marginal_farmer,0.09,4.97
C004436,32,female,false,false,government_6_to_12,married,false,false,other,0.0,0.0
C004437,24,female,true,true,other,never_married,false,false,other,0.0,0.0
C004438,47,male,false,false,government_6_to_12,married,false,false,small_marginal_farmer,6.76,7.22
C004439,48,female,false,false,other,married,false,false,other,0.0,0.0
C004440,23,male,true,true,government_6_to_12,married,false,true,other,0.0,0.0
C004441,33,male,false,false,government_6_to_12,married,false,false,other,0.0,0.0
C004442,47,male,false,false,other,married,false,false,small_marginal_farmer,2.53,1.69
C004443,90,male,false,false,other,never_married,false,false,other,0.0,0.0
C004444,37,male,false,false,government_6_to_12,never_married,false,false,other,0.0,0.0
C004445,37,female,false,false,other,widow_remarrying,false,false,plantation_labourer,0.0,0.0
C004446,54,male,false,false,government_or_aided_tamil_medium_6_to_12,widow,false,true,other,0.0,0.0
C004447,23,female,true,true,government_or_aided_tamil_medium_6_to_12,never_married,false,true,other,0.0,0.0
C004448,20,female,false,false,government_or_aided_tamil_medium_6_to_12,married,false,true,small_marginal_farmer,2.46,6.24
C004449,41,male,false,false,other,widow,false,false,small_marginal_farmer,5.34,10.57
C004450,35,male,false,false,other,never_married,false,false,plantation_labourer,0.0,0.0
C004451,50,transgender,false,false,government_6_to_12,married,false,false,other,0.0,0.0
C004452,43,transgender,false,false,government_6_to_12,never_married,false,false,other,0.0,0.0
C004453,87,female,false,false,other,widow_remarrying,false,false,other,0.0,0.0
C004454,25,male,true,true,government_6_to_12,married,false,false,other,0.0,0.0
C004455,10,male,true,false,other,never_married,false,false,other,0.0,0.0
C004456,72,female,false,false,other,married,false,true,other,0.0,0.0
C004457,74,male,false,false,government_or_aided_tamil_medium_6_to_12,widow_remarrying,false,false,small_marginal_farmer,5.59,0.72
C004458,9,female,true,false,other,never_married,false,false,other,0.0,0.0
C004459,86,female,false,false,government_or_aided_tamil_medium_6_to_12,married,false,false,other,0.0,0.0
C004460,37,female,false,false,government_or_aided_tamil_medium_6_to_12,married,false,false,other,0.0,0.0
C004461,53,female,false,false,other,married,false,false,small_marginal_farmer,4.85,1.39
C004462,54,female,false,false,other,never_married,false,false,other,0.0,0.0
C004463,25,male,false,false,government_6_to_12,married,false,false,other,0.0,0.0
C004464,33,male,false,false,government_6_to_12,widow_remarrying,false,false,agricultural_labourer,0.0,0.0
C004465,25,male,true,true,government_or_aided_tamil_medium_6_to_12,married,false,false,other,0.0,0.0
C004466,8,male,true,false,other,never_married,false,false,other,0.0,0.0
C004467,35,male,true,false,government_or_aided_tamil_medium_6_to_12,married,false,false,other,0.0,0.0
C004468,51,male,false,false,government_6_to_12,married,false,true,other,0.0,0.0
C004469,58,female,false,false,other,married,false,true,plantation_labourer,0.0,0.0
C004470,29,female,false,false,other,never_married,false,false,other,0.0,0.0
C004471,16,female,true,false,other,never_married,true,false,other,0.0,0.0
C004472,18,female,false,false,other,never_married,false,false,agricultural_labourer,0.0,0.0
C004473,41,male,false,false,government_6_to_12,married,false,false,agricultural_labourer,0.0,0.0
C004474,82,female,false,false,government_6_to_12,married,false,false,other,0.0,0.0
C004475,18,female,false,false,government_or_aided_tamil_medium_6_to_12,never_married,false,true,other,0.0,0.0
C004476,83,male,false,false,other,married,false,false,agricultural_labourer,0.0,0.0
C004477,61,female,true,false,other,widow,false,true,other,0.0,0.0
C004478,9,female,true,false,other,never_married,true,true,other,0.0,0.0
C004479,30,male,false,false,other,married,true,false,agricultural_labourer,0.0,0.0
C004480,41,male,false,false,government_or_aided_tamil_medium_6_to_12,never_married,false,false,other,0.0,0.0
C004481,59,male,false,false,government_6_to_12,widow,false,true,inland_fishing,0.0,0.0
C004482,26,female,false,false,government_or_aided_tamil_medium_6_to_12,married,false,false,inland_fishing,0.0,0.0
C004483,34,male,false,false,government_or_aided_tamil_medium_6_to_12,married,false,false,other,0.0,0.0
C004484,21,female,true,true,other,widow,false,false,other,0.0,0.0
C004485,29,male,false,false,government_or_aided_tamil_medium_6_to_12,married,false,false,other,0.0,0.0
C004486,38,male,false,false,government_6_to_12,married,false,false,inland_fishing,0.0,0.0
C004487,3,female,true,false,other,never_married,false,false,other,0.0,0.0
C004488,73,male,false,false,government_6_to_12,widow,false,false,agricultural_labourer,0.69,1.49
C004489,24,male,false,false,government_6_to_12,never_married,true,true,agricultural_labourer,0.0,0.0
C004490,64,female,false,false,government_or_aided_tamil_medium_6_to_12,married,false,false,small_marginal_farmer,2.78,0.65
C004491,16,female,true,false,government_or_aided_tamil_medium_6_to_12,never_married,false,false,other,0.0,0.0
C004492,44,female,false,false,government_6_to_12,married,false,false,plantation_labourer,0.0,0.0
C004493,20,female,false,false,government_6_to_12,never_married,false,true,small_marginal_farmer,0.25,7.76
C004494,25,female,true,false,other,married,false,true,other,0.0,0.0
C004495,20,male,false,false,government_or_aided_tamil_medium_6_to_12,never_married,false,false,other,0.0,0.0
C004496,35,female,false,false,government_6_to_12,widow,false,false,small_marginal_farmer,1.11,4.25
C004497,64,male,false,false,other,widow,false,false,inland_fishing,0.0,0.0
C004498,18,female,false,false,other,married,false,false,other,0.0,0.0
C004499,21,male,false,false,other,married,false,false,other,0.0,0.0
C004500,24,male,false,false,government_or_aided_tamil_medium_6_to_12,married,true,false,other,0.0,0.0
C004501,78,male,false,false,government_6_to_12,married,false,true,inland_fishing,0.8,1.32
C004502,14,male,true,false,other,never_married,false,false,other,0.0,0.0
C004503,29,male,false,false,other,never_married,false,false,other,0.0,0.0
C004504,41,female,false,false,government_6_to_12,married,false,false,small_marginal_farmer,2.19,5.04
C004505,31,male,false,false,government_6_to_12,widow,false,true,other,0.0,0.0
C004506,55,male,false,false,other,married,false,true,agricultural_labourer,0.0,0.0
C004507,17,male,false,false,other,never_married,true,false,other,0.0,0.0
C004508,45,male,false,false,other,married,false,false,other,0.0,0.0
C004509,64,female,false,false,government_6_to_12,widow,false,false,other,0.0,0.0
C004510,24,female,false,false,other,never_married,false,true,agricultural_labourer,0.0,0.0
C004511,22,female,true,true,government_6_to_12,never_married,false,false,other,0.0,0.0
C004512,84,female,false,false,government_6_to_12,married,false,false,other,0.0,0.0
C004513,26,male,false,false,government_or_aided_tamil_medium_6_to_12,never_married,true,false,small_marginal_farmer,4.12,1.1
C004514,31,male,false,false,other,married,false,true,other,0.0,0.0
C004515,53,male,false,false,government_or_aided_tamil_medium_6_to_12,widow,false,false,other,0.0,0.0
C004516,45,female,false,false,other,married,false,false,agricultural_labourer,0.0,0.0
C004517,86,male,false,false,government_or_aided_tamil_medium_6_to_12,widow,true,true,other,0.0,0.0
C004518,42,female,false,false,other,widow_remarrying,false,true,other,0.0,0.0
C004519,25,female,false,false,government_or_aided_tamil_medium_6_to_12,married,false,false,other,0.0,0.0
C004520,26,female,false,false,government_6_to_12,never_married,false,false,inland_fishing,0.22,0.87
C004521,67,male,false,false,government_or_aided_tamil_medium_6_to_12,widow,false,false,plantation_labourer,0.0,0.0
C004522,36,female,false,false,government_6_to_12,married,false,false,other,0.0,0.0
C004523,25,male,true,true,government_or_aided_tamil_medium_6_to_12,married,false,false,other,0.0,0.0
C004524,25,female,true,false,government_6_to_12,married,false,true,other,0.0,0.0
C004525,9,female,true,false,other,never_married,false,false,other,0.0,0.0
C004526,63,female,false,false,government_6_to_12,never_married,false,false,inland_fishing,0.0,0.0
C004527,2,transgender,true,false,other,never_married,false,false,other,0.0,0.0
C004528,66,female,false,false,government_6_to_12,widow_remarrying,false,false,agricultural_labourer,0.0,0.0
C004529,21,male,false,false,other,married,true,false,small_marginal_farmer,3.84,1.31
C004530,53,male,false,false,other,widow,false,false,small_marginal_farmer,5.32,10.53
C004531,57,male,false,false,government_6_to_12,widow,false,true,other,0.0,0.0
C004532,21,female,true,false,other,never_married,false,false,other,0.0,0.0
C004533,85,female,false,false,other,never_married,false,false,other,0.0,0.0
C004534,50,female,false,false,other,married,false,false,other,0.0,0.0
C004535,44,male,false,false,other,married,false,false,agricultural_labourer,0.0,0.0
C004536,36,female,false,false,government_or_aided_tamil_medium_6_to_12,married,false,false,other,0.0,0.0
C004537,21,male,true,false,government_6_to_12,never_married,true,false,other,0.0,0.0
C004538,78,female,false,false,other,married,false,false,other,0.0,0.0
C004539,20,female,false,false,government_6_to_12,never_married,false,true,other,0.0,0.0
C004540,55,male,false,false,government_or_aided_tamil_medium_6_to_12,married,false,false,small_marginal_farmer,2.91,11.39
C004541,39,female,false,false,other,married,false,false,plantation_labourer,0.0,0.0
C004542,14,female,true,false,other,never_married,true,false,other,0.0,0.0
C004543,82,male,false,false,government_or_aided_tamil_medium_6_to_12,married,false,false,other,0.0,0.0
C004544,51,male,false,false,other,widow,false,false,other,0.0,0.0
C004545,36,female,false,false,government_or_aided_tamil_medium_6_to_12,never_married,false,false,small_marginal_farmer,4.88,7.61
C004546,40,male,false,false,other,never_married,false,true,small_marginal_farmer,0.37,6.33
C004547,18,female,false,false,government_6_to_12,never_married,false,false,other,0.0,0.0
C004548,21,female,false,false,government_or_aided_tamil_medium_6_to_12,never_married,false,true,agricultural_labourer,0.0,0.0
C004549,37,male,false,false,government_or_aided_tamil_medium_6_to_12,never_married,false,true,other,0.0,0.0
C004550,54,female,false,false,other,married,false,false,inland_fishing,0.0,0.0
C004551,31,female,false,false,government_6_to_12,widow_remarrying,false,false,small_marginal_farmer,3.06,5.69
C004552,54,female,false,false,government_6_to_12,married,false,true,plantation_labourer,0.69,0.61
C004553,29,transgender,false,false,government_6_to_12,married,false,false,other,0.0,0.0
C004554,73,male,false,false,other,widow,false,false,other,0.0,0.0
C004555,29,male,false,false,other,married,false,true,small_marginal_farmer,4.26,3.41
C004556,60,female,false,false,government_or_aided_tamil_medium_6_to_12,married,false,false,other,0.0,0.0
C004557,85,male,false,false,government_or_aided_tamil_medium_6_to_12,married,false,false,agricultural_labourer,0.0,0.0
C004558,23,male,true,false,government_or_aided_tamil_medium_6_to_12,never_married,true,false,other,0.0,0.0
C004559,65,male,false,false,government_or_aided_tamil_medium_6_to_12,married,false,false,plantation_labourer,0.28,0.59
C004560,45,female,false,false,government_6_to_12,never_married,false,true,small_marginal_farmer,2.23,3.81
C004561,58,male,false,false,other,never_married,false,false,other,0.0,0.0
C004562,24,female,false,false,government_or_aided_tamil_medium_6_to_12,widow,false,false,other,0.0,0.0
C004563,25,male,true,true,government_6_to_12,married,true,false,other,0.0,0.0
C004564,45,female,false,false,government_6_to_12,married,false,false,plantation_labourer,0.0,0.0
C004565,77,male,false,false,government_or_aided_tamil_medium_6_to_12,widow,false,false,small_marginal_farmer,4.43,7.17
C004566,19,female,false,false,government_6_to_12,never_married,false,false,small_marginal_farmer,3.72,10.73
C004567,21,female,false,false,government_6_to_12,never_married,false,false,inland_fishing,0.73,0.69
C004568,63,female,false,false,government_or_aided_tamil_medium_6_to_12,married,false,false,other,0.0,0.0
C004569,87,female,false,false,government_6_to_12,married,false,true,other,0.0,0.0
C004570,34,male,false,false,government_6_to_12,widow_remarrying,false,false,other,0.0,0.0
C004571,21,male,true,true,other,never_married,false,false,other,0.0,0.0
C004572,34,male,false,false,government_6_to_12,married,false,true,other,0.0,0.0
C004573,43,male,false,false,government_6_to_12,married,false,false,other,0.0,0.0
C004574,15,female,true,false,other,never_married,false,false,other,0.0,0.0
C004575,48,male,false,false,government_or_aided_tamil_medium_6_to_12,married,false,false,other,0.0,0.0
C004576,21,male,true,true,government_6_to_12,never_married,false,false,other,0.0,0.0
C004577,54,male,false,false,other,widow_remarrying,false,false,agricultural_labourer,0.0,0.0
C004578,49,female,false,false,government_or_aided_tamil_medium_6_to_12,married,false,false,other,0.0,0.0
C004579,34,female,false,false,government_or_aided_tamil_medium_6_to_12,widow_remarrying,false,true,other,0.0,0.0
C004580,40,female,false,false,other,married,false,true,other,0.0,0.0
C004581,45,female,false,false,government_or_aided_tamil_medium_6_to_12,married,false,true,small_marginal_farmer,1.73,4.29
C004582,20,male,false,false,government_or_aided_tamil_medium_6_to_12,never_married,true,false,plantation_labourer,0.39,0.56
C004583,22,female,true,false,government_6_to_12,never_married,false,true,other,0.0,0.0
C004584,2,female,true,false,other,never_married,false,false,other,0.0,0.0
C004585,59,female,false,false,government_or_aided_tamil_medium_6_to_12,never_married,false,false,plantation_labourer,0.0,0.0
C004586,33,female,false,false,government_or_aided_tamil_medium_6_to_12,never_married,false,false,inland_fishing,0.0,0.0
C004587,75,male,false,false,other,widow,true,false,other,0.0,0.0
C004588,10,female,true,false,other,never_married,true,false,other,0.0,0.0
C004589,19,female,true,false,government_6_to_12,never_married,false,true,other,0.0,0.0
C004590,52,male,false,false,other,married,false,true,other,0.0,0.0
C004591,13,female,true,false,other,never_married,true,true,other,0.0,0.0
C004592,54,male,false,false,government_6_to_12,widow,false,false,inland_fishing,0.0,0.0
C004593,24,transgender,false,false,government_6_to_12,never_married,false,false,small_marginal_farmer,1.8,4.7
C004594,18,male,true,true,government_6_to_12,never_married,false,false,other,0.0,0.0
C004595,35,male,false,false,government_6_to_12,widow,false,false,other,0.0,0.0
C004596,23,male,true,true,government_6_to_12,never_married,false,false,other,0.0,0.0
C004597,37,male,false,false,other,married,false,false,other,0.0,0.0
C004598,18,male,true,false,other,never_married,false,true,other,0.0,0.0
C004599,87,male,false,false,government_6_to_12,married,false,false,other,0.0,0.0
C004600,80,female,false,false,other,married,false,false,small_marginal_farmer,4.62,1.57
C004601,33,male,true,false,other,widow,false,false,other,0.0,0.0
C004602,24,female,false,false,government_or_aided_tamil_medium_6_to_12,never_married,false,false,other,0.0,0.0
C004603,19,female,true,true,government_6_to_12,married,false,false,other,0.0,0.0
C004604,55,female,false,false,other,never_married,false,false,other,0.0,0.0
C004605,22,female,false,false,other,never_married,false,true,other,0.0,0.0
C004606,21,male,true,true,government_6_to_12,never_married,false,false,other,0.0,0.0
C004607,38,male,false,false,government_or_aided_tamil_medium_6_to_12,married,false,false,other,0.0,0.0
C004608,46,male,false,false,government_6_to_12,married,false,false,inland_fishing,0.0,0.0
C004609,64,male,false,false,other,widow,false,true,other,0.0,0.0
C004610,76,female,false,false,other,married,false,false,agricultural_labourer,0.0,0.0
C004611,21,female,false,false,other,never_married,true,true,small_marginal_farmer,1.4,7.22
C004612,63,female,false,false,other,never_married,false,false,inland_fishing,0.0,0.0
C004613,71,female,false,false,government_6_to_12,never_married,false,false,other,0.0,0.0
C004614,21,male,false,false,government_or_aided_tamil_medium_6_to_12,never_married,false,false,small_marginal_farmer,1.51,1.35
C004615,52,female,false,false,government_6_to_12,married,false,false,inland_fishing,0.0,0.0
C004616,42,transgender,false,false,government_6_to_12,married,false,true,plantation_labourer,0.0,0.0
C004617,51,male,false,false,other,widow,false,false,inland_fishing,0.0,0.0
C004618,27,male,false,false,other,married,false,false,small_marginal_farmer,5.56,5.83
C004619,4,transgender,true,false,other,never_married,true,true,other,0.0,0.0
C004620,77,male,false,false,other,never_married,false,false,other,0.0,0.0
C004621,24,male,true,false,government_6_to_12,never_married,true,true,other,0.0,0.0
C004622,58,male,false,false,other,married,false,true,small_marginal_farmer,5.12,5.9
C004623,36,female,false,false,government_or_aided_tamil_medium_6_to_12,married,false,false,other,0.0,0.0
C004624,20,female,true,true,government_6_to_12,never_married,false,false,other,0.0,0.0
C004625,28,male,false,false,other,never_married,false,false,small_marginal_farmer,3.89,1.75
C004626,73,transgender,false,false,other,widow_remarrying,true,false,other,0.0,0.0
C004627,65,female,false,false,government_6_to_12,married,true,false,inland_fishing,0.8,1.11
C004628,65,male,false,false,government_or_aided_tamil_medium_6_to_12,never_married,false,false,plantation_labourer,0.0,0.0
C004629,80,female,false,false,government_or_aided_tamil_medium_6_to_12,married,false,false,other,0.0,0.0
C004630,23,female,false,false,other,never_married,false,true,small_marginal_farmer,1.69,2.1
C004631,32,female,true,false,government_6_to_12,never_married,false,false,other,0.0,0.0
C004632,27,female,false,false,government_6_to_12,married,false,false,agricultural_labourer,0.0,0.0
C004633,30,female,false,false,government_6_to_12,married,false,false,other,0.0,0.0
C004634,22,female,true,true,government_6_to_12,never_married,false,false,other,0.0,0.0
C004635,58,male,false,false,other,married,false,false,other,0.0,0.0
C004636,7,female,true,false,other,never_married,false,false,other,0.0,0.0
C004637,31,male,false,false,government_or_aided_tamil_medium_6_to_12,married,true,false,small_marginal_farmer,3.3,9.69
C004638,22,female,false,false,other,never_married,false,true,other,0.0,0.0
C004639,23,female,true,false,other,never_married,false,false,other,0.0,0.0
C004640,21,female,false,false,other,never_married,false,true,agricultural_labourer,0.0,0.0
C004641,0,female,false,false,other,never_married,false,false,other,0.0,0.0
C004642,22,male,true,true,government_6_to_12,married,false,true,other,0.0,0.0
C004643,18,female,false,false,government_or_aided_tamil_medium_6_to_12,never_married,false,false,other,0.0,0.0
C004644,1,male,true,false,other,never_married,false,false,other,0.0,0.0
C004645,41,female,false,false,government_or_aided_tamil_medium_6_to_12,married,false,false,small_marginal_farmer,3.97,7.91
C004646,22,male,true,true,government_or_aided_tamil_medium_6_to_12,never_married,false,false,other,0.0,0.0
C004647,60,female,false,false,government_or_aided_tamil_medium_6_to_12,married,false,true,small_marginal_farmer,0.37,4.87
C004648,20,male,true,true,government_6_to_12,never_married,false,false,other,0.0,0.0
C004649,24,male,false,false,government_6_to_12,never_married,false,true,agricultural_labourer,0.0,0.0
C004650,47,female,false,false,government_6_to_12,married,false,false,small_marginal_farmer,1.32,6.62
C004651,61,male,false,false,government_or_aided_tamil_medium_6_to_12,married,false,false,other,0.0,0.0
C004652,42,female,false,false,other,widow_remarrying,false,true,other,0.0,0.0
C004653,30,male,true,false,government_or_aided_tamil_medium_6_to_12,married,false,false,other,0.0,0.0
C004654,60,female,false,false,government_6_to_12,widow,false,false,other,0.0,0.0
C004655,19,male,false,false,government_or_aided_tamil_medium_6_to_12,married,false,true,small_marginal_farmer,5.11,1.58
C004656,29,male,false,false,government_or_aided_tamil_medium_6_to_12,never_married,false,true,small_marginal_farmer,3.72,0.62
C004657,65,male,false,false,other,widow,false,false,small_marginal_farmer,4.94,7.9
C004658,29,female,false,false,government_6_to_12,married,false,false,other,0.0,0.0
C004659,20,female,false,false,government_or_aided_tamil_medium_6_to_12,never_married,false,false,other,0.0,0.0
C004660,23,female,false,false,government_6_to_12,never_married,false,false,other,0.0,0.0
C004661,15,male,true,false,other,never_married,false,false,other,0.0,0.0
C004662,9,female,true,false,other,never_married,false,false,other,0.0,0.0
C004663,35,male,true,true,government_6_to_12,married,true,false,other,0.0,0.0
C004664,31,female,false,false,government_6_to_12,widow,false,false,other,0.0,0.0
C004665,69,male,false,false,government_or_aided_tamil_medium_6_to_12,widow,false,false,small_marginal_farmer,7.96,6.76
C004666,54,male,false,false,government_or_aided_tamil_medium_6_to_12,widow,false,false,inland_fishing,0.0,0.0
C004667,54,female,false,false,other,never_married,false,false,other,0.0,0.0
C004668,40,male,false,false,government_6_to_12,married,false,false,inland_fishing,0.0,0.0
C004669,29,male,false,false,other,married,false,true,other,0.0,0.0
C004670,7,female,true,false,other,never_married,false,false,other,0.0,0.0
C004671,87,male,false,false,government_or_aided_tamil_medium_6_to_12,never_married,false,false,small_marginal_farmer,5.21,8.93
C004672,33,female,false,false,government_6_to_12,never_married,false,false,other,0.0,0.0
C004673,31,male,false,false,government_6_to_12,married,false,false,small_marginal_farmer,1.78,2.85
C004674,52,female,false,false,government_or_aided_tamil_medium_6_to_12,widow,false,false,small_marginal_farmer,3.26,11.44
C004675,29,male,false,false,other,married,false,false,inland_fishing,0.0,0.0
C004676,43,female,false,false,government_or_aided_tamil_medium_6_to_12,married,false,false,other,0.0,0.0
C004677,49,male,false,false,government_6_to_12,married,false,false,small_marginal_farmer,2.81,8.01
C004678,6,male,true,false,other,never_married,false,false,other,0.0,0.0
C004679,27,male,false,false,other,widow,false,false,small_marginal_farmer,2.35,7.97
C004680,64,male,false,false,government_6_to_12,married,false,false,agricultural_labourer,0.39,0.63
C004681,59,male,false,false,government_6_to_12,married,true,false,plantation_labourer,0.0,0.0
C004682,57,male,false,false,government_or_aided_tamil_medium_6_to_12,widow,false,false,other,0.0,0.0
C004683,63,female,false,false,other,married,false,false,other,0.0,0.0
C004684,43,male,false,false,government_6_to_12,married,false,false,small_marginal_farmer,1.53,0.57
C004685,61,female,false,false,government_6_to_12,married,false,false,small_marginal_farmer,3.07,8.07
C004686,31,female,false,false,government_6_to_12,widow_remarrying,false,false,other,0.0,0.0
C004687,26,female,false,false,government_or_aided_tamil_medium_6_to_12,married,false,true,other,0.0,0.0
C004688,27,female,false,false,other,never_married,false,false,other,0.0,0.0
C004689,58,female,false,false,other,married,true,true,other,0.0,0.0
C004690,29,female,false,false,government_or_aided_tamil_medium_6_to_12,married,false,false,other,0.0,0.0
C004691,17,male,true,false,government_6_to_12,never_married,false,false,other,0.0,0.0
C004692,28,male,false,false,government_or_aided_tamil_medium_6_to_12,married,false,false,small_marginal_farmer,4.94,0.21
C004693,62,male,false,false,government_6_to_12,never_married,false,false,other,0.0,0.0
C004694,68,male,false,false,other,married,false,false,other,0.0,0.0
C004695,37,female,false,false,government_or_aided_tamil_medium_6_to_12,married,false,false,small_marginal_farmer,1.81,0.68
C004696,45,female,false,false,other,married,false,false,other,0.0,0.0
C004697,59,male,false,false,government_6_to_12,married,false,false,other,0.0,0.0
C004698,18,female,false,false,other,widow,false,false,other,0.0,0.0
C004699,25,female,true,true,other,married,false,false,other,0.0,0.0
C004700,25,male,true,true,government_6_to_12,married,false,true,other,0.0,0.0
C004701,41,male,false,false,other,married,false,true,plantation_labourer,0.14,1.33
C004702,20,female,false,false,government_6_to_12,never_married,true,false,agricultural_labourer,0.0,0.0
C004703,8,female,false,false,other,never_married,false,false,other,0.0,0.0
C004704,30,male,false,false,other,married,false,false,other,0.0,0.0
C004705,82,male,false,false,other,widow,false,false,agricultural_labourer,0.0,0.0
C004706,6,female,true,false,other,never_married,false,false,other,0.0,0.0
C004707,40,male,false,false,government_or_aided_tamil_medium_6_to_12,never_married,false,true,other,0.0,0.0
C004708,22,female,true,true,government_6_to_12,never_married,false,false,other,0.0,0.0
C004709,34,male,false,false,government_6_to_12,never_married,false,false,agricultural_labourer,0.0,0.0
C004710,53,female,false,false,government_or_aided_tamil_medium_6_to_12,married,true,false,plantation_labourer,0.0,0.0
C004711,11,male,true,false,other,never_married,false,false,other,0.0,0.0
C004712,18,male,false,false,government_or_aided_tamil_medium_6_to_12,never_married,false,false,other,0.0,0.0
C004713,22,male,false,false,government_6_to_12,never_married,false,false,agricultural_labourer,0.0,0.0
C004714,24,male,true,true,other,widow_remarrying,false,false,other,0.0,0.0
C004715,28,male,true,false,other,married,false,false,other,0.0,0.0
C004716,54,female,false,false,other,married,false,true,other,0.0,0.0
C004717,58,female,false,false,government_6_to_12,widow,false,false,other,0.0,0.0
C004718,25,male,true,true,government_6_to_12,married,false,false,other,0.0,0.0
C004719,12,male,true,false,other,never_married,false,false,other,0.0,0.0
C004720,83,female,false,false,government_6_to_12,married,false,false,other,0.0,0.0
C004721,30,female,false,false,government_or_aided_tamil_medium_6_to_12,married,false,true,inland_fishing,0.0,0.0
C004722,51,female,false,false,other,widow,false,false,inland_fishing,0.51,1.17
C004723,48,male,false,false,government_6_to_12,never_married,false,false,other,0.0,0.0
C004724,58,male,false,false,government_or_aided_tamil_medium_6_to_12,widow,false,false,other,0.0,0.0
C004725,21,female,false,false,government_or_aided_tamil_medium_6_to_12,married,false,false,small_marginal_farmer,0.83,4.33
C004726,15,male,true,false,other,never_married,false,false,other,0.0,0.0
C004727,78,male,false,false,government_6_to_12,married,false,false,agricultural_labourer,0.0,0.0
C004728,4,male,true,false,other,never_married,false,false,other,0.0,0.0
C004729,88,male,false,false,government_or_aided_tamil_medium_6_to_12,widow_remarrying,false,false,other,0.0,0.0
C004730,48,male,false,false,government_6_to_12,married,false,false,plantation_labourer,0.0,0.0
C004731,23,male,false,false,government_6_to_12,never_married,false,false,other,0.0,0.0
C004732,52,female,false,false,other,married,false,false,agricultural_labourer,0.0,0.0
C004733,11,male,true,false,other,never_married,false,false,other,0.0,0.0
C004734,8,female,true,false,other,never_married,false,false,other,0.0,0.0
C004735,37,female,false,false,other,married,false,false,other,0.0,0.0
C004736,46,male,false,false,government_6_to_12,married,false,false,small_marginal_farmer,1.93,6.47
C004737,61,female,false,false,other,married,false,true,other,0.0,0.0
C004738,24,male,false,false,government_6_to_12,never_married,true,true,agricultural_labourer,0.68,1.37
C004739,9,female,true,false,other,never_married,false,false,other,0.0,0.0
C004740,42,male,false,false,government_6_to_12,married,false,true,small_marginal_farmer,0.32,5.21
C004741,36,female,false,false,government_6_to_12,widow_remarrying,false,false,small_marginal_farmer,5.87,0.33
C004742,3,male,true,false,other,never_married,false,false,other,0.0,0.0
C004743,43,male,false,false,government_or_aided_tamil_medium_6_to_12,never_married,false,false,inland_fishing,0.0,0.0
C004744,29,transgender,false,false,government_6_to_12,married,false,false,small_marginal_farmer,3.2,4.08
C004745,73,female,false,false,government_or_aided_tamil_medium_6_to_12,married,false,false,other,0.0,0.0
C004746,47,male,false,false,other,married,false,true,other,0.0,0.0
C004747,19,female,false,false,government_6_to_12,never_married,false,false,small_marginal_farmer,4.5,6.74
C004748,64,male,false,false,other,married,false,false,other,0.0,0.0
C004749,61,female,false,false,other,married,true,false,other,0.0,0.0
C004750,23,female,false,false,other,never_married,false,false,other,0.0,0.0
C004751,32,female,false,false,government_6_to_12,married,false,false,small_marginal_farmer,4.17,7.86
C004752,65,female,false,false,government_or_aided_tamil_medium_6_to_12,married,false,false,other,0.0,0.0
C004753,18,male,true,false,government_6_to_12,never_married,false,false,other,0.0,0.0
C004754,45,male,false,false,other,never_married,false,false,agricultural_labourer,0.69,0.87
C004755,16,female,false,false,other,never_married,false,true,other,0.0,0.0
C004756,43,male,false,false,other,married,false,false,other,0.0,0.0
C004757,51,male,false,false,government_or_aided_tamil_medium_6_to_12,married,false,false,inland_fishing,0.0,0.0
C004758,43,female,false,false,government_6_to_12,married,false,true,agricultural_labourer,0.0,0.0
C004759,21,male,false,false,other,never_married,false,false,other,0.0,0.0
C004760,71,female,false,false,other,never_married,false,false,small_marginal_farmer,1.33,5.18
C004761,28,female,false,false,government_or_aided_tamil_medium_6_to_12,never_married,false,true,other,0.0,0.0
C004762,33,female,false,false,government_or_aided_tamil_medium_6_to_12,married,false,false,agricultural_labourer,0.0,0.0
C004763,39,male,false,false,government_6_to_12,married,false,false,other,0.0,0.0
C004764,16,male,true,false,government_or_aided_tamil_medium_6_to_12,never_married,false,false,other,0.0,0.0
C004765,19,male,false,false,other,never_married,false,true,inland_fishing,0.0,0.0
C004766,84,female,false,false,government_6_to_12,married,false,true,other,0.0,0.0
C004767,61,male,false,false,government_6_to_12,married,false,true,small_marginal_farmer,0.9,2.37
C004768,15,female,true,false,other,never_married,false,false,other,0.0,0.0
C004769,5,female,true,false,other,never_married,false,true,other,0.0,0.0
C004770,24,female,false,false,government_6_to_12,never_married,false,true,other,0.0,0.0
C004771,75,male,false,false,other,married,false,false,small_marginal_farmer,4.37,6.43
C004772,8,male,true,false,other,never_married,false,false,other,0.0,0.0
C004773,38,female,false,false,other,married,false,true,agricultural_labourer,0.0,0.0
C004774,34,male,false,false,government_6_to_12,never_married,false,false,agricultural_labourer,0.0,0.0
C004775,51,female,false,false,other,widow,false,false,other,0.0,0.0
C004776,20,female,true,true,government_or_aided_tamil_medium_6_to_12,never_married,false,false,other,0.0,0.0
C004777,21,female,true,true,government_6_to_12,never_married,false,true,other,0.0,0.0
C004778,20,female,false,false,government_6_to_12,never_married,true,false,small_marginal_farmer,3.49,0.33
C004779,41,male,false,false,government_or_aided_tamil_medium_6_to_12,widow,false,true,small_marginal_farmer,2.25,0.26
C004780,22,male,false,false,other,never_married,false,false,small_marginal_farmer,7.14,9.86
C004781,23,female,false,false,government_or_aided_tamil_medium_6_to_12,never_married,false,false,agricultural_labourer,0.0,0.0
C004782,39,male,false,false,other,married,false,false,other,0.0,0.0
C004783,36,male,false,false,government_6_to_12,never_married,false,false,other,0.0,0.0
C004784,25,female,false,false,government_6_to_12,married,false,false,small_marginal_farmer,6.76,7.8
C004785,20,male,true,false,other,never_married,false,false,other,0.0,0.0
C004786,80,male,false,false,other,widow,false,false,other,0.0,0.0
C004787,21,female,false,false,government_or_aided_tamil_medium_6_to_12,widow,false,false,other,0.0,0.0
C004788,49,male,false,false,government_6_to_12,married,false,false,plantation_labourer,0.0,0.0
C004789,41,female,false,false,other,married,false,false,other,0.0,0.0
C004790,48,female,false,false,government_or_aided_tamil_medium_6_to_12,married,false,false,plantation_labourer,0.0,0.0
C004791,33,male,false,false,government_or_aided_tamil_medium_6_to_12,married,false,false,other,0.0,0.0
C004792,12,transgender,false,false,other,never_married,false,false,other,0.0,0.0
C004793,29,transgender,true,false,government_6_to_12,never_married,false,false,other,0.0,0.0
C004794,26,female,false,false,government_6_to_12,married,false,true,agricultural_labourer,0.0,0.0
C004795,18,female,true,true,government_or_aided_tamil_medium_6_to_12,never_married,false,true,other,0.0,0.0
C004796,57,male,false,false,other,married,true,true,small_marginal_farmer,0.95,4.22
C004797,85,female,false,false,government_or_aided_tamil_medium_6_to_12,never_married,false,false,other,0.0,0.0
C004798,43,male,false,false,government_6_to_12,married,false,false,plantation_labourer,0.85,0.64
C004799,18,female,false,false,government_6_to_12,never_married,false,false,other,0.0,0.0
C004800,59,male,false,false,other,married,false,false,other,0.0,0.0
C004801,43,female,false,false,government_6_to_12,never_married,false,false,small_marginal_farmer,4.26,7.44
C004802,18,male,true,true,government_6_to_12,married,false,true,other,0.0,0.0
C004803,24,male,true,true,government_6_to_12,never_married,false,true,other,0.0,0.0
C004804,68,male,false,false,other,married,false,false,inland_fishing,0.0,0.0
C004805,40,female,true,false,government_or_aided_tamil_medium_6_to_12,married,false,false,other,0.0,0.0
C004806,84,male,false,false,other,married,false,false,other,0.0,0.0
C004807,20,male,false,false,government_or_aided_tamil_medium_6_to_12,never_married,false,false,small_marginal_farmer,3.47,0.8
C004808,2,female,true,false,other,never_married,false,false,other,0.0,0.0
C004809,44,male,false,false,government_or_aided_tamil_medium_6_to_12,married,true,false,small_marginal_farmer,1.45,3.58
C004810,19,female,false,false,government_6_to_12,never_married,false,false,agricultural_labourer,0.0,0.0
C004811,53,female,false,false,government_6_to_12,married,false,false,other,0.0,0.0
C004812,44,male,false,false,government_or_aided_tamil_medium_6_to_12,married,false,false,inland_fishing,0.0,0.0
C004813,14,male,true,false,other,never_married,false,false,other,0.0,0.0
C004814,89,transgender,false,false,government_or_aided_tamil_medium_6_to_12,never_married,false,false,other,0.0,0.0
C004815,38,female,false,false,government_6_to_12,married,true,false,small_marginal_farmer,1.13,6.03
C004816,8,female,true,false,other,never_married,true,true,other,0.0,0.0
C004817,18,female,true,true,government_6_to_12,never_married,true,true,other,0.0,0.0
C004818,54,male,false,false,other,married,false,false,other,0.0,0.0
C004819,0,male,true,false,other,never_married,false,true,other,0.0,0.0
C004820,31,female,false,false,government_6_to_12,married,false,false,other,0.0,0.0
C004821,70,male,false,false,government_6_to_12,widow,false,true,plantation_labourer,0.4,0.59
C004822,31,female,false,false,other,widow,false,false,plantation_labourer,0.59,1.13
C004823,25,female,true,true,other,never_married,false,true,other,0.0,0.0
C004824,50,female,false,false,government_6_to_12,widow,false,false,other,0.0,0.0
C004825,64,female,false,false,government_or_aided_tamil_medium_6_to_12,widow,false,false,agricultural_labourer,0.0,0.0
C004826,3,female,true,false,other,never_married,false,false,other,0.0,0.0
C004827,78,female,false,false,government_6_to_12,widow,false,false,other,0.0,0.0
C004828,22,female,false,false,government_or_aided_tamil_medium_6_to_12,never_married,false,false,other,0.0,0.0
C004829,67,female,false,false,government_6_to_12,never_married,false,false,inland_fishing,0.0,0.0
C004830,4,male,true,false,other,never_married,false,false,other,0.0,0.0
C004831,65,female,false,false,government_6_to_12,married,false,false,small_marginal_farmer,4.32,4.08
C004832,41,male,false,false,government_6_to_12,married,false,false,inland_fishing,0.0,0.0
C004833,48,female,false,false,government_or_aided_tamil_medium_6_to_12,married,false,false,other,0.0,0.0
C004834,81,female,false,false,other,married,true,false,agricultural_labourer,0.0,0.0
C004835,73,male,false,false,government_6_to_12,widow,false,false,other,0.0,0.0
C004836,89,female,false,false,other,never_married,false,true,other,0.0,0.0
C004837,45,male,false,false,other,married,false,true,other,0.0,0.0
C004838,42,male,false,false,government_or_aided_tamil_medium_6_to_12,widow,false,false,other,0.0,0.0
C004839,21,male,false,false,government_6_to_12,married,false,true,inland_fishing,0.0,0.0
C004840,29,female,false,false,other,married,false,false,small_marginal_farmer,6.9,10.34
C004841,55,female,false,false,government_or_aided_tamil_medium_6_to_12,never_married,false,true,agricultural_labourer,0.8,1.05
C004842,2,female,true,false,other,never_married,false,false,other,0.0,0.0
C004843,54,male,false,false,government_6_to_12,married,false,false,agricultural_labourer,0.0,0.0
C004844,50,male,false,false,government_or_aided_tamil_medium_6_to_12,never_married,false,false,other,0.0,0.0
C004845,21,male,false,false,government_6_to_12,never_married,false,false,inland_fishing,0.0,0.0
C004846,18,male,false,false,government_6_to_12,never_married,false,false,plantation_labourer,0.0,0.0
C004847,25,male,true,true,other,married,false,false,other,0.0,0.0
C004848,31,male,false,false,other,widow,false,true,agricultural_labourer,0.0,0.0
C004849,49,female,false,false,government_6_to_12,married,false,false,small_marginal_farmer,3.58,2.17
C004850,44,female,false,false,government_6_to_12,widow_remarrying,false,false,small_marginal_farmer,3.65,4.26
C004851,51,male,false,false,other,married,false,false,other,0.0,0.0
C004852,50,male,false,false,other,married,false,false,agricultural_labourer,0.0,0.0
C004853,23,female,false,false,government_or_aided_tamil_medium_6_to_12,never_married,false,false,small_marginal_farmer,2.41,4.4
C004854,6,male,true,false,other,never_married,false,false,other,0.0,0.0
C004855,83,male,false,false,other,married,false,false,other,0.0,0.0
C004856,62,male,false,false,government_6_to_12,never_married,false,false,small_marginal_farmer,2.22,4.56
C004857,22,female,false,false,government_or_aided_tamil_medium_6_to_12,never_married,false,false,agricultural_labourer,0.31,0.98
C004858,7,female,true,false,other,never_married,false,true,other,0.0,0.0
C004859,40,male,false,false,other,married,false,false,agricultural_labourer,0.0,0.0
C004860,34,male,false,false,other,married,true,false,other,0.0,0.0
C004861,18,male,false,false,other,never_married,false,false,other,0.0,0.0
C004862,28,female,false,false,government_or_aided_tamil_medium_6_to_12,married,true,false,other,0.0,0.0
C004863,24,female,true,true,other,never_married,false,false,other,0.0,0.0
C004864,21,male,true,true,government_or_aided_tamil_medium_6_to_12,never_married,false,false,other,0.0,0.0
C004865,26,male,false,false,other,married,false,true,plantation_labourer,0.0,0.0
C004866,56,female,false,false,government_6_to_12,married,true,false,other,0.0,0.0
C004867,61,female,false,false,government_or_aided_tamil_medium_6_to_12,married,false,false,small_marginal_farmer,2.31,5.38
C004868,87,female,false,false,government_6_to_12,widow_remarrying,false,true,other,0.0,0.0
C004869,52,female,false,false,other,widow,false,true,other,0.0,0.0
C004870,25,female,true,false,government_6_to_12,widow,false,false,other,0.0,0.0
C004871,25,male,false,false,other,widow,false,false,plantation_labourer,0.0,0.0
C004872,22,male,true,false,other,never_married,false,false,other,0.0,0.0
C004873,8,male,true,false,other,never_married,false,true,other,0.0,0.0
C004874,28,male,false,false,other,married,false,false,small_marginal_farmer,0.46,3.27
C004875,19,female,true,true,other,never_married,false,false,other,0.0,0.0
C004876,56,female,false,false,other,married,true,false,small_marginal_farmer,4.82,3.5
C004877,7,male,true,false,other,never_married,false,false,other,0.0,0.0
C004878,58,male,false,false,other,married,false,false,other,0.0,0.0
C004879,38,female,false,false,other,married,false,true,other,0.0,0.0
C004880,40,male,false,false,government_or_aided_tamil_medium_6_to_12,married,false,false,agricultural_labourer,0.0,0.0
C004881,42,male,false,false,government_6_to_12,never_married,false,true,agricultural_labourer,0.0,0.0
C004882,66,male,false,false,government_6_to_12,widow,false,false,other,0.0,0.0
C004883,88,male,false,false,other,married,false,false,other,0.0,0.0
C004884,18,female,false,false,other,married,false,false,other,0.0,0.0
C004885,24,male,false,false,government_6_to_12,never_married,false,false,plantation_labourer,0.0,0.0
C004886,51,male,false,false,other,never_married,false,true,other,0.0,0.0
C004887,22,male,false,false,other,never_married,true,false,small_marginal_farmer,0.34,2.08
C004888,20,male,false,false,government_6_to_12,never_married,false,false,agricultural_labourer,0.0,0.0
C004889,68,female,false,false,government_or_aided_tamil_medium_6_to_12,widow_remarrying,false,false,agricultural_labourer,0.0,0.0
C004890,23,male,true,true,other,never_married,false,false,other,0.0,0.0
C004891,6,male,true,false,other,never_married,false,false,other,0.0,0.0
C004892,33,female,false,false,government_6_to_12,married,false,true,small_marginal_farmer,2.24,1.81
C004893,18,female,true,false,other,never_married,false,false,other,0.0,0.0
C004894,5,female,false,false,other,never_married,false,false,other,0.0,0.0
C004895,67,male,false,false,government_6_to_12,married,true,false,inland_fishing,0.0,0.0
C004896,21,transgender,true,false,other,widow,true,false,other,0.0,0.0
C004897,35,female,false,false,other,never_married,false,false,other,0.0,0.0
C004898,28,male,false,false,government_6_to_12,married,false,false,other,0.0,0.0
C004899,30,female,false,false,government_6_to_12,married,true,true,other,0.0,0.0
C004900,40,female,false,false,government_6_to_12,married,false,false,small_marginal_farmer,3.0,8.76
C004901,13,male,true,false,other,never_married,false,false,other,0.0,0.0
C004902,28,male,false,false,other,married,false,true,other,0.0,0.0
C004903,23,female,true,true,other,never_married,false,false,other,0.0,0.0
C004904,57,male,false,false,government_or_aided_tamil_medium_6_to_12,married,false,false,other,0.0,0.0
C004905,7,male,true,false,other,never_married,false,false,other,0.0,0.0
C004906,40,female,false,false,other,never_married,false,false,other,0.0,0.0
C004907,57,female,false,false,other,married,false,false,other,0.0,0.0
C004908,8,female,true,false,other,never_married,false,false,other,0.0,0.0
C004909,33,female,false,false,other,married,true,false,inland_fishing,0.0,0.0
C004910,19,female,false,false,government_6_to_12,never_married,false,false,agricultural_labourer,0.0,0.0
C004911,21,male,true,false,government_or_aided_tamil_medium_6_to_12,married,false,false,other,0.0,0.0
C004912,18,female,false,false,other,never_married,true,true,other,0.0,0.0
C004913,58,male,false,false,government_6_to_12,married,false,false,small_marginal_farmer,1.42,4.13
C004914,16,male,true,false,other,never_married,true,false,other,0.0,0.0
C004915,24,female,true,true,government_or_aided_tamil_medium_6_to_12,never_married,true,false,other,0.0,0.0
C004916,24,female,true,true,government_6_to_12,never_married,false,false,other,0.0,0.0
C004917,59,female,false,false,other,married,false,false,plantation_labourer,0.0,0.0
C004918,46,male,false,false,other,married,false,false,other,0.0,0.0
C004919,51,male,false,false,government_or_aided_tamil_medium_6_to_12,married,false,false,other,0.0,0.0
C004920,27,male,true,false,other,married,false,false,other,0.0,0.0
C004921,19,male,false,false,government_6_to_12,never_married,true,true,plantation_labourer,0.0,0.0
C004922,32,male,false,false,government_or_aided_tamil_medium_6_to_12,married,false,true,other,0.0,0.0
C004923,55,female,false,false,government_6_to_12,married,false,false,agricultural_labourer,0.0,0.0
C004924,17,male,false,false,government_6_to_12,never_married,false,false,other,0.0,0.0
C004925,36,female,false,false,government_or_aided_tamil_medium_6_to_12,married,false,false,inland_fishing,0.0,0.0
C004926,12,male,true,false,other,never_married,true,false,other,0.0,0.0
C004927,29,female,true,true,government_6_to_12,married,false,false,other,0.0,0.0
C004928,0,female,true,false,other,never_married,true,true,other,0.0,0.0
C004929,45,male,false,false,government_6_to_12,married,false,false,inland_fishing,0.0,0.0
C004930,78,female,true,false,other,widow_remarrying,false,false,other,0.0,0.0
C004931,46,female,false,false,government_6_to_12,never_married,false,false,other,0.0,0.0
C004932,20,male,false,false,government_6_to_12,never_married,false,false,small_marginal_farmer,0.61,4.36
C004933,4,male,true,false,other,never_married,false,false,other,0.0,0.0
C004934,2,female,true,false,other,never_married,false,false,other,0.0,0.0
C004935,36,female,false,false,government_6_to_12,never_married,false,false,other,0.0,0.0
C004936,33,male,true,true,government_or_aided_tamil_medium_6_to_12,married,false,false,other,0.0,0.0
C004937,37,female,false,false,other,married,false,false,other,0.0,0.0
C004938,41,male,false,false,government_or_aided_tamil_medium_6_to_12,widow_remarrying,false,false,small_marginal_farmer,1.4,7.19
C004939,43,male,false,false,government_6_to_12,never_married,false,false,other,0.0,0.0
C004940,59,female,false,false,government_6_to_12,married,false,false,small_marginal_farmer,1.7,1.03
C004941,38,female,false,false,other,married,false,false,small_marginal_farmer,4.64,6.04
C004942,29,male,false,false,government_6_to_12,widow_remarrying,false,false,other,0.0,0.0
C004943,61,female,false,false,other,widow,false,false,plantation_labourer,0.0,0.0
C004944,21,female,false,false,government_or_aided_tamil_medium_6_to_12,never_married,false,true,other,0.0,0.0
C004945,27,female,false,false,government_6_to_12,married,false,false,other,0.0,0.0
C004946,29,male,false,false,government_or_aided_tamil_medium_6_to_12,married,false,true,agricultural_labourer,0.92,0.6
C004947,17,male,true,false,other,never_married,true,false,other,0.0,0.0
C004948,23,male,true,false,other,never_married,false,false,other,0.0,0.0
C004949,81,female,false,false,government_6_to_12,married,false,false,other,0.0,0.0
C004950,72,male,false,false,government_or_aided_tamil_medium_6_to_12,married,false,true,small_marginal_farmer,1.84,7.93
C004951,84,female,false,false,other,never_married,false,false,other,0.0,0.0
C004952,35,male,true,false,government_6_to_12,never_married,false,true,other,0.0,0.0
C004953,10,female,false,false,other,never_married,false,false,other,0.0,0.0
C004954,42,female,false,false,government_6_to_12,married,false,false,agricultural_labourer,0.0,0.0
C004955,59,male,false,false,other,widow,false,false,other,0.0,0.0
C004956,62,male,false,false,government_6_to_12,widow_remarrying,false,false,other,0.0,0.0
C004957,65,male,false,false,other,never_married,false,false,inland_fishing,0.0,0.0
C004958,74,male,false,false,government_6_to_12,widow_remarrying,false,false,other,0.0,0.0
C004959,45,female,false,false,other,widow,false,false,inland_fishing,0.68,0.41
C004960,58,female,false,false,government_or_aided_tamil_medium_6_to_12,widow,false,false,small_marginal_farmer,1.59,0.11
C004961,63,male,false,false,other,married,false,false,inland_fishing,0.0,0.0
C004962,57,male,false,false,other,married,false,true,other,0.0,0.0
C004963,3,male,false,false,other,never_married,false,false,other,0.0,0.0
C004964,62,female,false,false,government_6_to_12,married,false,true,other,0.0,0.0
C004965,6,female,true,false,other,never_married,false,false,other,0.0,0.0
C004966,54,female,false,false,other,widow,false,false,other,0.0,0.0
C004967,23,female,false,false,government_6_to_12,never_married,false,true,other,0.0,0.0
C004968,39,male,false,false,government_6_to_12,married,false,true,small_marginal_farmer,3.54,0.83
C004969,44,male,false,false,other,married,false,false,agricultural_labourer,0.0,0.0
C004970,41,female,false,false,government_6_to_12,never_married,false,false,agricultural_labourer,0.0,0.0
C004971,41,male,false,false,government_6_to_12,married,true,false,other,0.0,0.0
C004972,47,male,false,false,government_6_to_12,married,false,true,other,0.0,0.0
C004973,45,female,false,false,government_6_to_12,married,false,false,small_marginal_farmer,1.81,3.81
C004974,30,male,false,false,other,married,false,false,inland_fishing,0.0,0.0
C004975,65,male,false,false,other,married,false,false,other,0.0,0.0
C004976,22,male,true,true,other,never_married,false,false,other,0.0,0.0
C004977,31,male,false,false,government_or_aided_tamil_medium_6_to_12,never_married,false,false,other,0.0,0.0
C004978,30,female,false,false,government_or_aided_tamil_medium_6_to_12,married,false,false,small_marginal_farmer,2.39,0.48
C004979,39,male,false,false,other,married,false,false,small_marginal_farmer,1.26,7.57
C004980,34,male,false,false,government_6_to_12,married,false,false,inland_fishing,0.0,0.0
C004981,69,female,false,false,government_or_aided_tamil_medium_6_to_12,married,false,false,agricultural_labourer,0.0,0.0
C004982,26,male,false,false,other,married,false,false,plantation_labourer,0.0,0.0
C004983,38,male,false,false,government_or_aided_tamil_medium_6_to_12,married,false,true,small_marginal_farmer,2.08,3.35
C004984,17,female,false,false,government_or_aided_tamil_medium_6_to_12,never_married,false,false,other,0.0,0.0
C004985,49,male,false,false,government_or_aided_tamil_medium_6_to_12,married,false,false,small_marginal_farmer,0.46,6.15
C004986,32,male,false,false,government_6_to_12,married,false,true,other,0.0,0.0
C004987,55,male,false,false,government_6_to_12,married,false,true,inland_fishing,0.0,0.0
C004988,22,female,false,false,government_6_to_12,never_married,false,false,plantation_labourer,0.0,0.0
C004989,30,male,false,false,government_6_to_12,married,false,false,small_marginal_farmer,3.97,9.6
C004990,31,female,false,false,other,married,false,false,agricultural_labourer,0.0,0.0
C004991,9,male,true,false,other,never_married,false,true,other,0.0,0.0
C004992,73,male,false,false,government_6_to_12,widow_remarrying,false,false,agricultural_labourer,0.0,0.0
C004993,26,female,false,false,government_or_aided_tamil_medium_6_to_12,married,false,false,other,0.0,0.0
C004994,50,female,false,false,government_6_to_12,married,true,true,other,0.0,0.0
C004995,25,female,true,true,government_6_to_12,widow,true,false,other,0.0,0.0
C004996,21,female,false,false,government_6_to_12,never_married,false,false,other,0.0,0.0
C004997,63,male,false,false,government_or_aided_tamil_medium_6_to_12,widow,false,true,other,0.0,0.0
C004998,22,male,false,false,government_6_to_12,never_married,false,true,small_marginal_farmer,1.27,6.07
C004999,49,female,false,false,government_6_to_12,married,false,false,small_marginal_farmer,0.23,0.3
C005000,27,male,false,false,government_or_aided_tamil_medium_6_to_12,never_married,false,true,other,0.0,0.0
